multipole_ell,TT,EE,BB,PP
ell0002,1.0167300000e+03,3.0882700000e-02,1.8184700000e-06,5.0135200000e-08
ell0003,9.6372700000e+02,3.9690300000e-02,3.6374300000e-06,6.0994300000e-08
ell0004,9.1260800000e+02,3.4496200000e-02,6.0634500000e-06,7.0259200000e-08
ell0005,8.7447700000e+02,2.3094100000e-02,9.0971700000e-06,7.8292100000e-08
ell0006,8.4850900000e+02,1.2951200000e-02,1.2739400000e-05,8.5302000000e-08
ell0007,8.3208200000e+02,7.0002200000e-03,1.6991000000e-05,9.1473400000e-08
ell0008,8.2229500000e+02,4.5013600000e-03,2.1853100000e-05,9.6934100000e-08
ell0009,8.1780300000e+02,3.6031700000e-03,2.7326800000e-05,1.0179400000e-07
ell0010,8.1717400000e+02,3.0745900000e-03,3.3413500000e-05,1.0612200000e-07
ell0011,8.1903400000e+02,2.5958800000e-03,4.0114600000e-05,1.1001300000e-07
ell0012,8.2403100000e+02,2.3972500000e-03,4.7431500000e-05,1.1348800000e-07
ell0013,8.3053400000e+02,2.1955100000e-03,5.5365900000e-05,1.1659400000e-07
ell0014,8.3765700000e+02,2.2491500000e-03,6.3919500000e-05,1.1938500000e-07
ell0015,8.4580500000e+02,2.4719400000e-03,7.3094000000e-05,1.2188900000e-07
ell0016,8.5550300000e+02,2.7099600000e-03,8.2891100000e-05,1.2413400000e-07
ell0017,8.6673900000e+02,3.1037100000e-03,9.3312600000e-05,1.2614800000e-07
ell0018,8.7861800000e+02,3.6510400000e-03,1.0436000000e-04,1.2795700000e-07
ell0019,8.9198000000e+02,4.3332400000e-03,1.1603600000e-04,1.2957000000e-07
ell0020,9.0515700000e+02,5.1771400000e-03,1.2834200000e-04,1.3099900000e-07
ell0021,9.1852200000e+02,6.1409600000e-03,1.4128000000e-04,1.3226500000e-07
ell0022,9.3237500000e+02,7.2503800000e-03,1.5485100000e-04,1.3338800000e-07
ell0023,9.4654700000e+02,8.5099900000e-03,1.6905700000e-04,1.3437800000e-07
ell0024,9.6111100000e+02,9.8910500000e-03,1.8390000000e-04,1.3524100000e-07
ell0025,9.7602300000e+02,1.1423700000e-02,1.9938200000e-04,1.3598900000e-07
ell0026,9.9110800000e+02,1.3109400000e-02,2.1550300000e-04,1.3663300000e-07
ell0027,1.0066100000e+03,1.4940800000e-02,2.3226600000e-04,1.3718300000e-07
ell0028,1.0223700000e+03,1.6936700000e-02,2.4967100000e-04,1.3764400000e-07
ell0029,1.0384400000e+03,1.9114600000e-02,2.6772100000e-04,1.3801700000e-07
ell0030,1.0547300000e+03,2.1498500000e-02,2.8641500000e-04,1.3830400000e-07
ell0031,1.0710900000e+03,2.4099500000e-02,3.0575500000e-04,1.3851500000e-07
ell0032,1.0877900000e+03,2.6911700000e-02,3.2574200000e-04,1.3866200000e-07
ell0033,1.1048300000e+03,2.9921400000e-02,3.4637600000e-04,1.3874900000e-07
ell0034,1.1220500000e+03,3.3129800000e-02,3.6765800000e-04,1.3877800000e-07
ell0035,1.1394100000e+03,3.6557300000e-02,3.8958900000e-04,1.3875400000e-07
ell0036,1.1568300000e+03,4.0232600000e-02,4.1216800000e-04,1.3868000000e-07
ell0037,1.1743400000e+03,4.4164700000e-02,4.3539600000e-04,1.3856000000e-07
ell0038,1.1922500000e+03,4.8359800000e-02,4.5927300000e-04,1.3839800000e-07
ell0039,1.2105500000e+03,5.2804200000e-02,4.8379900000e-04,1.3819500000e-07
ell0040,1.2289600000e+03,5.7484800000e-02,5.0897300000e-04,1.3795400000e-07
ell0041,1.2476000000e+03,6.2398400000e-02,5.3479500000e-04,1.3767600000e-07
ell0042,1.2662400000e+03,6.7562000000e-02,5.6126500000e-04,1.3736400000e-07
ell0043,1.2850200000e+03,7.2997200000e-02,5.8838200000e-04,1.3702100000e-07
ell0044,1.3037800000e+03,7.8710900000e-02,6.1614600000e-04,1.3664800000e-07
ell0045,1.3229000000e+03,8.4720300000e-02,6.4455500000e-04,1.3624800000e-07
ell0046,1.3423000000e+03,9.1040100000e-02,6.7361000000e-04,1.3582400000e-07
ell0047,1.3618200000e+03,9.7661900000e-02,7.0330800000e-04,1.3537700000e-07
ell0048,1.3814100000e+03,1.0457800000e-01,7.3364900000e-04,1.3490900000e-07
ell0049,1.4011500000e+03,1.1175900000e-01,7.6463300000e-04,1.3442200000e-07
ell0050,1.4212700000e+03,1.1916800000e-01,7.9625800000e-04,1.3391600000e-07
ell0051,1.4415500000e+03,1.2676800000e-01,8.2852300000e-04,1.3339400000e-07
ell0052,1.4622200000e+03,1.3464700000e-01,8.6142700000e-04,1.3285700000e-07
ell0053,1.4828800000e+03,1.4296000000e-01,8.9496900000e-04,1.3230500000e-07
ell0054,1.5034600000e+03,1.5170800000e-01,9.2914900000e-04,1.3174000000e-07
ell0055,1.5241900000e+03,1.6087300000e-01,9.6396500000e-04,1.3116300000e-07
ell0056,1.5452700000e+03,1.7031900000e-01,9.9941600000e-04,1.3057400000e-07
ell0057,1.5666400000e+03,1.7993300000e-01,1.0355000000e-03,1.2997500000e-07
ell0058,1.5883100000e+03,1.8972000000e-01,1.0722200000e-03,1.2936600000e-07
ell0059,1.6101300000e+03,1.9971400000e-01,1.1095800000e-03,1.2874600000e-07
ell0060,1.6321200000e+03,2.0996400000e-01,1.1475600000e-03,1.2811800000e-07
ell0061,1.6545800000e+03,2.2055800000e-01,1.1861800000e-03,1.2748200000e-07
ell0062,1.6769200000e+03,2.3148500000e-01,1.2254300000e-03,1.2683700000e-07
ell0063,1.6993600000e+03,2.4270700000e-01,1.2653100000e-03,1.2618700000e-07
ell0064,1.7222000000e+03,2.5423700000e-01,1.3058300000e-03,1.2553100000e-07
ell0065,1.7450700000e+03,2.6605500000e-01,1.3469700000e-03,1.2487000000e-07
ell0066,1.7682700000e+03,2.7809200000e-01,1.3887500000e-03,1.2420600000e-07
ell0067,1.7916200000e+03,2.9035100000e-01,1.4311600000e-03,1.2353900000e-07
ell0068,1.8154100000e+03,3.0287200000e-01,1.4742000000e-03,1.2286900000e-07
ell0069,1.8393700000e+03,3.1561300000e-01,1.5178800000e-03,1.2219700000e-07
ell0070,1.8636300000e+03,3.2861300000e-01,1.5621900000e-03,1.2152300000e-07
ell0071,1.8880300000e+03,3.4186200000e-01,1.6071400000e-03,1.2084800000e-07
ell0072,1.9126100000e+03,3.5533200000e-01,1.6527300000e-03,1.2017200000e-07
ell0073,1.9373400000e+03,3.6898900000e-01,1.6989500000e-03,1.1949400000e-07
ell0074,1.9622700000e+03,3.8282100000e-01,1.7458100000e-03,1.1881600000e-07
ell0075,1.9875200000e+03,3.9683700000e-01,1.7933100000e-03,1.1813600000e-07
ell0076,2.0130600000e+03,4.1103800000e-01,1.8414600000e-03,1.1745500000e-07
ell0077,2.0389300000e+03,4.2541600000e-01,1.8902500000e-03,1.1677400000e-07
ell0078,2.0651600000e+03,4.3999500000e-01,1.9396900000e-03,1.1609200000e-07
ell0079,2.0915800000e+03,4.5471900000e-01,1.9897700000e-03,1.1541000000e-07
ell0080,2.1182800000e+03,4.6959100000e-01,2.0405100000e-03,1.1472900000e-07
ell0081,2.1451700000e+03,4.8456100000e-01,2.0919000000e-03,1.1404800000e-07
ell0082,2.1723100000e+03,4.9964900000e-01,2.1439500000e-03,1.1336900000e-07
ell0083,2.1996400000e+03,5.1483100000e-01,2.1966600000e-03,1.1269100000e-07
ell0084,2.2272300000e+03,5.3010300000e-01,2.2500300000e-03,1.1201500000e-07
ell0085,2.2549600000e+03,5.4544000000e-01,2.3040600000e-03,1.1134100000e-07
ell0086,2.2828800000e+03,5.6085500000e-01,2.3587600000e-03,1.1067000000e-07
ell0087,2.3112400000e+03,5.7631600000e-01,2.4141400000e-03,1.1000000000e-07
ell0088,2.3395900000e+03,5.9183800000e-01,2.4701800000e-03,1.0933300000e-07
ell0089,2.3682900000e+03,6.0740600000e-01,2.5269000000e-03,1.0866900000e-07
ell0090,2.3972100000e+03,6.2298200000e-01,2.5843100000e-03,1.0800800000e-07
ell0091,2.4262700000e+03,6.3855900000e-01,2.6423900000e-03,1.0734900000e-07
ell0092,2.4556200000e+03,6.5412100000e-01,2.7011600000e-03,1.0669400000e-07
ell0093,2.4852600000e+03,6.6966100000e-01,2.7606300000e-03,1.0604200000e-07
ell0094,2.5149700000e+03,6.8514300000e-01,2.8207800000e-03,1.0539200000e-07
ell0095,2.5449800000e+03,7.0056500000e-01,2.8816300000e-03,1.0474600000e-07
ell0096,2.5749800000e+03,7.1591300000e-01,2.9431800000e-03,1.0410300000e-07
ell0097,2.6054200000e+03,7.3117200000e-01,3.0054400000e-03,1.0346400000e-07
ell0098,2.6360900000e+03,7.4633400000e-01,3.0684000000e-03,1.0282700000e-07
ell0099,2.6668300000e+03,7.6136300000e-01,3.1320700000e-03,1.0219400000e-07
ell0100,2.6978600000e+03,7.7625800000e-01,3.1964600000e-03,1.0156500000e-07
ell0101,2.7290500000e+03,7.9107900000e-01,3.2615600000e-03,1.0093900000e-07
ell0102,2.7607600000e+03,8.0567600000e-01,3.3273900000e-03,1.0031600000e-07
ell0103,2.7923900000e+03,8.2012500000e-01,3.3939400000e-03,9.9697100000e-08
ell0104,2.8242600000e+03,8.3442600000e-01,3.4612200000e-03,9.9081800000e-08
ell0105,2.8562700000e+03,8.4850300000e-01,3.5292300000e-03,9.8470300000e-08
ell0106,2.8885100000e+03,8.6243100000e-01,3.5979800000e-03,9.7862500000e-08
ell0107,2.9206900000e+03,8.7606200000e-01,3.6674600000e-03,9.7258600000e-08
ell0108,2.9532400000e+03,8.8947000000e-01,3.7377000000e-03,9.6658600000e-08
ell0109,2.9859500000e+03,9.0258000000e-01,3.8086700000e-03,9.6062600000e-08
ell0110,3.0187400000e+03,9.1539300000e-01,3.8804000000e-03,9.5470600000e-08
ell0111,3.0516900000e+03,9.2798300000e-01,3.9528900000e-03,9.4882700000e-08
ell0112,3.0848000000e+03,9.4027500000e-01,4.0261400000e-03,9.4298900000e-08
ell0113,3.1181400000e+03,9.5226800000e-01,4.1001500000e-03,9.3719200000e-08
ell0114,3.1515600000e+03,9.6388900000e-01,4.1749300000e-03,9.3143600000e-08
ell0115,3.1852100000e+03,9.7528500000e-01,4.2504900000e-03,9.2572100000e-08
ell0116,3.2188700000e+03,9.8623300000e-01,4.3268200000e-03,9.2004600000e-08
ell0117,3.2528300000e+03,9.9680700000e-01,4.4039400000e-03,9.1441200000e-08
ell0118,3.2869500000e+03,1.0071500000e+00,4.4818400000e-03,9.0881900000e-08
ell0119,3.3210700000e+03,1.0171300000e+00,4.5605400000e-03,9.0326700000e-08
ell0120,3.3553500000e+03,1.0265800000e+00,4.6400300000e-03,8.9775500000e-08
ell0121,3.3896300000e+03,1.0358000000e+00,4.7203300000e-03,8.9228400000e-08
ell0122,3.4239900000e+03,1.0445000000e+00,4.8014400000e-03,8.8685400000e-08
ell0123,3.4584200000e+03,1.0527500000e+00,4.8833600000e-03,8.8146400000e-08
ell0124,3.4929400000e+03,1.0606200000e+00,4.9661000000e-03,8.7611600000e-08
ell0125,3.5274600000e+03,1.0680400000e+00,5.0496700000e-03,8.7080800000e-08
ell0126,3.5620500000e+03,1.0750900000e+00,5.1340700000e-03,8.6554000000e-08
ell0127,3.5966500000e+03,1.0816000000e+00,5.2193100000e-03,8.6031300000e-08
ell0128,3.6312500000e+03,1.0877400000e+00,5.3053900000e-03,8.5512700000e-08
ell0129,3.6659200000e+03,1.0933600000e+00,5.3923200000e-03,8.4998200000e-08
ell0130,3.7006000000e+03,1.0984400000e+00,5.4801100000e-03,8.4487700000e-08
ell0131,3.7352800000e+03,1.1031500000e+00,5.5687700000e-03,8.3981300000e-08
ell0132,3.7700300000e+03,1.1073300000e+00,5.6583000000e-03,8.3478900000e-08
ell0133,3.8047000000e+03,1.1110600000e+00,5.7487000000e-03,8.2980600000e-08
ell0134,3.8393800000e+03,1.1143300000e+00,5.8399900000e-03,8.2486200000e-08
ell0135,3.8740600000e+03,1.1170800000e+00,5.9321700000e-03,8.1995800000e-08
ell0136,3.9086000000e+03,1.1193000000e+00,6.0252400000e-03,8.1509300000e-08
ell0137,3.9431300000e+03,1.1210700000e+00,6.1192200000e-03,8.1026700000e-08
ell0138,3.9775900000e+03,1.1223100000e+00,6.2141200000e-03,8.0548000000e-08
ell0139,4.0118300000e+03,1.1231800000e+00,6.3099300000e-03,8.0073200000e-08
ell0140,4.0461500000e+03,1.1234400000e+00,6.4066700000e-03,7.9602100000e-08
ell0141,4.0802500000e+03,1.1231700000e+00,6.5043500000e-03,7.9134900000e-08
ell0142,4.1143500000e+03,1.1224500000e+00,6.6029600000e-03,7.8671400000e-08
ell0143,4.1483900000e+03,1.1212900000e+00,6.7025200000e-03,7.8211700000e-08
ell0144,4.1822000000e+03,1.1195900000e+00,6.8030300000e-03,7.7755600000e-08
ell0145,4.2158600000e+03,1.1175200000e+00,6.9045000000e-03,7.7303200000e-08
ell0146,4.2496100000e+03,1.1148400000e+00,7.0069400000e-03,7.6854500000e-08
ell0147,4.2829900000e+03,1.1117900000e+00,7.1103500000e-03,7.6409500000e-08
ell0148,4.3162200000e+03,1.1082100000e+00,7.2147400000e-03,7.5968000000e-08
ell0149,4.3493900000e+03,1.1041800000e+00,7.3201200000e-03,7.5530100000e-08
ell0150,4.3822600000e+03,1.0997700000e+00,7.4264800000e-03,7.5095800000e-08
ell0151,4.4149900000e+03,1.0949100000e+00,7.5338400000e-03,7.4664900000e-08
ell0152,4.4474300000e+03,1.0895300000e+00,7.6421900000e-03,7.4237600000e-08
ell0153,4.4797200000e+03,1.0837600000e+00,7.7515500000e-03,7.3813800000e-08
ell0154,4.5117900000e+03,1.0776200000e+00,7.8619300000e-03,7.3393400000e-08
ell0155,4.5436400000e+03,1.0711100000e+00,7.9733100000e-03,7.2976400000e-08
ell0156,4.5751100000e+03,1.0642200000e+00,8.0857100000e-03,7.2562900000e-08
ell0157,4.6065100000e+03,1.0569500000e+00,8.1991300000e-03,7.2152700000e-08
ell0158,4.6376000000e+03,1.0493800000e+00,8.3135700000e-03,7.1745900000e-08
ell0159,4.6683900000e+03,1.0413600000e+00,8.4290300000e-03,7.1342400000e-08
ell0160,4.6989500000e+03,1.0330400000e+00,8.5455300000e-03,7.0942300000e-08
ell0161,4.7292800000e+03,1.0245000000e+00,8.6630500000e-03,7.0545400000e-08
ell0162,4.7593000000e+03,1.0155800000e+00,8.7816000000e-03,7.0151800000e-08
ell0163,4.7891700000e+03,1.0063600000e+00,8.9011800000e-03,6.9761500000e-08
ell0164,4.8185700000e+03,9.9691700000e-01,9.0217900000e-03,6.9374400000e-08
ell0165,4.8478100000e+03,9.8717400000e-01,9.1434300000e-03,6.8990500000e-08
ell0166,4.8767400000e+03,9.7727900000e-01,9.2661000000e-03,6.8609700000e-08
ell0167,4.9054300000e+03,9.6701200000e-01,9.3898100000e-03,6.8232100000e-08
ell0168,4.9336500000e+03,9.5674300000e-01,9.5145300000e-03,6.7857700000e-08
ell0169,4.9615600000e+03,9.4617600000e-01,9.6402900000e-03,6.7486300000e-08
ell0170,4.9891500000e+03,9.3553300000e-01,9.7670600000e-03,6.7118100000e-08
ell0171,5.0162700000e+03,9.2481600000e-01,9.8948600000e-03,6.6752900000e-08
ell0172,5.0429900000e+03,9.1394900000e-01,1.0023700000e-02,6.6390800000e-08
ell0173,5.0692500000e+03,9.0293300000e-01,1.0153500000e-02,6.6031600000e-08
ell0174,5.0951800000e+03,8.9206600000e-01,1.0284300000e-02,6.5675500000e-08
ell0175,5.1207100000e+03,8.8105000000e-01,1.0416200000e-02,6.5322400000e-08
ell0176,5.1456900000e+03,8.7010900000e-01,1.0549000000e-02,6.4972200000e-08
ell0177,5.1702700000e+03,8.5916800000e-01,1.0682800000e-02,6.4625000000e-08
ell0178,5.1943800000e+03,8.4845200000e-01,1.0817700000e-02,6.4280600000e-08
ell0179,5.2180100000e+03,8.3766200000e-01,1.0953500000e-02,6.3939100000e-08
ell0180,5.2413200000e+03,8.2702400000e-01,1.1090200000e-02,6.3600500000e-08
ell0181,5.2640900000e+03,8.1653600000e-01,1.1228000000e-02,6.3264700000e-08
ell0182,5.2863800000e+03,8.0627300000e-01,1.1366700000e-02,6.2931600000e-08
ell0183,5.3081300000e+03,7.9616200000e-01,1.1506300000e-02,6.2601400000e-08
ell0184,5.3294900000e+03,7.8627800000e-01,1.1646900000e-02,6.2273800000e-08
ell0185,5.3503700000e+03,7.7676900000e-01,1.1788500000e-02,6.1949000000e-08
ell0186,5.3704200000e+03,7.6749400000e-01,1.1931000000e-02,6.1626800000e-08
ell0187,5.3902900000e+03,7.5859500000e-01,1.2074400000e-02,6.1307300000e-08
ell0188,5.4096200000e+03,7.5005800000e-01,1.2218700000e-02,6.0990400000e-08
ell0189,5.4283400000e+03,7.4191900000e-01,1.2363900000e-02,6.0676100000e-08
ell0190,5.4468900000e+03,7.3423200000e-01,1.2510000000e-02,6.0364300000e-08
ell0191,5.4645300000e+03,7.2701900000e-01,1.2657000000e-02,6.0055100000e-08
ell0192,5.4817800000e+03,7.2030200000e-01,1.2804900000e-02,5.9748400000e-08
ell0193,5.4984200000e+03,7.1412600000e-01,1.2953600000e-02,5.9444200000e-08
ell0194,5.5146700000e+03,7.0852200000e-01,1.3103200000e-02,5.9142400000e-08
ell0195,5.5303000000e+03,7.0352600000e-01,1.3253600000e-02,5.8843100000e-08
ell0196,5.5453300000e+03,6.9917600000e-01,1.3404900000e-02,5.8546100000e-08
ell0197,5.5599000000e+03,6.9551700000e-01,1.3557000000e-02,5.8251600000e-08
ell0198,5.5739300000e+03,6.9257200000e-01,1.3709900000e-02,5.7959300000e-08
ell0199,5.5874300000e+03,6.9037800000e-01,1.3863600000e-02,5.7669400000e-08
ell0200,5.6004000000e+03,6.8896400000e-01,1.4018100000e-02,5.7381800000e-08
ell0201,5.6127600000e+03,6.8839100000e-01,1.4173400000e-02,5.7096400000e-08
ell0202,5.6245800000e+03,6.8866600000e-01,1.4329500000e-02,5.6813300000e-08
ell0203,5.6358000000e+03,6.8984900000e-01,1.4486300000e-02,5.6532300000e-08
ell0204,5.6463400000e+03,6.9196300000e-01,1.4643900000e-02,5.6253600000e-08
ell0205,5.6563500000e+03,6.9505300000e-01,1.4802200000e-02,5.5977100000e-08
ell0206,5.6656800000e+03,6.9915500000e-01,1.4961200000e-02,5.5702700000e-08
ell0207,5.6744700000e+03,7.0429400000e-01,1.5120900000e-02,5.5430500000e-08
ell0208,5.6825100000e+03,7.1052100000e-01,1.5281400000e-02,5.5160400000e-08
ell0209,5.6899400000e+03,7.1785800000e-01,1.5442500000e-02,5.4892400000e-08
ell0210,5.6967700000e+03,7.2635900000e-01,1.5604300000e-02,5.4626500000e-08
ell0211,5.7029900000e+03,7.3605200000e-01,1.5766700000e-02,5.4362700000e-08
ell0212,5.7084600000e+03,7.4696900000e-01,1.5929800000e-02,5.4101000000e-08
ell0213,5.7133900000e+03,7.5915400000e-01,1.6093500000e-02,5.3841200000e-08
ell0214,5.7176400000e+03,7.7259900000e-01,1.6257900000e-02,5.3583500000e-08
ell0215,5.7212900000e+03,7.8749900000e-01,1.6422800000e-02,5.3327800000e-08
ell0216,5.7242600000e+03,8.0366700000e-01,1.6588300000e-02,5.3074100000e-08
ell0217,5.7266900000e+03,8.2126100000e-01,1.6754400000e-02,5.2822300000e-08
ell0218,5.7284500000e+03,8.4027900000e-01,1.6921100000e-02,5.2572500000e-08
ell0219,5.7295900000e+03,8.6072400000e-01,1.7088300000e-02,5.2324600000e-08
ell0220,5.7301400000e+03,8.8274200000e-01,1.7256000000e-02,5.2078600000e-08
ell0221,5.7300700000e+03,9.0626100000e-01,1.7424300000e-02,5.1834500000e-08
ell0222,5.7294000000e+03,9.3142800000e-01,1.7593000000e-02,5.1592200000e-08
ell0223,5.7279800000e+03,9.5817000000e-01,1.7762200000e-02,5.1351900000e-08
ell0224,5.7261000000e+03,9.8648800000e-01,1.7931900000e-02,5.1113300000e-08
ell0225,5.7235300000e+03,1.0165300000e+00,1.8102000000e-02,5.0876600000e-08
ell0226,5.7203700000e+03,1.0482900000e+00,1.8272500000e-02,5.0641600000e-08
ell0227,5.7165200000e+03,1.0817800000e+00,1.8443500000e-02,5.0408500000e-08
ell0228,5.7121400000e+03,1.1170000000e+00,1.8614800000e-02,5.0177100000e-08
ell0229,5.7071600000e+03,1.1540100000e+00,1.8786500000e-02,4.9947400000e-08
ell0230,5.7014900000e+03,1.1928200000e+00,1.8958500000e-02,4.9719500000e-08
ell0231,5.6951500000e+03,1.2335000000e+00,1.9130900000e-02,4.9493200000e-08
ell0232,5.6882700000e+03,1.2759900000e+00,1.9303600000e-02,4.9268700000e-08
ell0233,5.6807900000e+03,1.3204900000e+00,1.9476600000e-02,4.9045800000e-08
ell0234,5.6725500000e+03,1.3668700000e+00,1.9649800000e-02,4.8824600000e-08
ell0235,5.6637900000e+03,1.4152000000e+00,1.9823300000e-02,4.8605000000e-08
ell0236,5.6543400000e+03,1.4654700000e+00,1.9997000000e-02,4.8387000000e-08
ell0237,5.6442900000e+03,1.5177700000e+00,2.0170900000e-02,4.8170700000e-08
ell0238,5.6336300000e+03,1.5721600000e+00,2.0345000000e-02,4.7955900000e-08
ell0239,5.6224400000e+03,1.6285000000e+00,2.0519300000e-02,4.7742600000e-08
ell0240,5.6105000000e+03,1.6868700000e+00,2.0693700000e-02,4.7531000000e-08
ell0241,5.5981000000e+03,1.7474000000e+00,2.0868200000e-02,4.7320800000e-08
ell0242,5.5851000000e+03,1.8099600000e+00,2.1042800000e-02,4.7112100000e-08
ell0243,5.5714900000e+03,1.8746900000e+00,2.1217500000e-02,4.6904900000e-08
ell0244,5.5572700000e+03,1.9415100000e+00,2.1392300000e-02,4.6699200000e-08
ell0245,5.5424500000e+03,2.0105100000e+00,2.1567100000e-02,4.6495000000e-08
ell0246,5.5271100000e+03,2.0816800000e+00,2.1741900000e-02,4.6292200000e-08
ell0247,5.5112200000e+03,2.1549500000e+00,2.1916700000e-02,4.6090800000e-08
ell0248,5.4947400000e+03,2.2306800000e+00,2.2091400000e-02,4.5890800000e-08
ell0249,5.4778000000e+03,2.3083700000e+00,2.2266100000e-02,4.5692100000e-08
ell0250,5.4602500000e+03,2.3884400000e+00,2.2440700000e-02,4.5494900000e-08
ell0251,5.4422500000e+03,2.4706200000e+00,2.2615300000e-02,4.5299000000e-08
ell0252,5.4235700000e+03,2.5551100000e+00,2.2789700000e-02,4.5104400000e-08
ell0253,5.4045800000e+03,2.6417000000e+00,2.2963900000e-02,4.4911100000e-08
ell0254,5.3849800000e+03,2.7306900000e+00,2.3138000000e-02,4.4719200000e-08
ell0255,5.3648600000e+03,2.8217700000e+00,2.3311900000e-02,4.4528600000e-08
ell0256,5.3442800000e+03,2.9153100000e+00,2.3485600000e-02,4.4339200000e-08
ell0257,5.3232500000e+03,3.0108800000e+00,2.3659100000e-02,4.4151200000e-08
ell0258,5.3016900000e+03,3.1088400000e+00,2.3832400000e-02,4.3964400000e-08
ell0259,5.2796800000e+03,3.2090300000e+00,2.4005400000e-02,4.3778800000e-08
ell0260,5.2572800000e+03,3.3114700000e+00,2.4178100000e-02,4.3594500000e-08
ell0261,5.2343600000e+03,3.4160800000e+00,2.4350500000e-02,4.3411500000e-08
ell0262,5.2109100000e+03,3.5230700000e+00,2.4522600000e-02,4.3229700000e-08
ell0263,5.1873000000e+03,3.6322300000e+00,2.4694400000e-02,4.3049100000e-08
ell0264,5.1630900000e+03,3.7436300000e+00,2.4865800000e-02,4.2869700000e-08
ell0265,5.1383500000e+03,3.8571900000e+00,2.5036800000e-02,4.2691500000e-08
ell0266,5.1133100000e+03,3.9731400000e+00,2.5207500000e-02,4.2514500000e-08
ell0267,5.0877500000e+03,4.0911100000e+00,2.5377800000e-02,4.2338700000e-08
ell0268,5.0618000000e+03,4.2114600000e+00,2.5547600000e-02,4.2164100000e-08
ell0269,5.0353300000e+03,4.3338900000e+00,2.5717100000e-02,4.1990600000e-08
ell0270,5.0086300000e+03,4.4584900000e+00,2.5886000000e-02,4.1818200000e-08
ell0271,4.9814800000e+03,4.5851800000e+00,2.6054600000e-02,4.1647000000e-08
ell0272,4.9541000000e+03,4.7142500000e+00,2.6222600000e-02,4.1476900000e-08
ell0273,4.9262700000e+03,4.8451100000e+00,2.6390200000e-02,4.1307900000e-08
ell0274,4.8981400000e+03,4.9783600000e+00,2.6557300000e-02,4.1140100000e-08
ell0275,4.8696200000e+03,5.1134600000e+00,2.6723800000e-02,4.0973300000e-08
ell0276,4.8408900000e+03,5.2506500000e+00,2.6889900000e-02,4.0807600000e-08
ell0277,4.8117000000e+03,5.3899300000e+00,2.7055400000e-02,4.0643000000e-08
ell0278,4.7822800000e+03,5.5312200000e+00,2.7220400000e-02,4.0479500000e-08
ell0279,4.7525600000e+03,5.6744400000e+00,2.7384800000e-02,4.0317000000e-08
ell0280,4.7225400000e+03,5.8196000000e+00,2.7548700000e-02,4.0155500000e-08
ell0281,4.6923700000e+03,5.9667600000e+00,2.7712000000e-02,3.9995100000e-08
ell0282,4.6617500000e+03,6.1156400000e+00,2.7874700000e-02,3.9835700000e-08
ell0283,4.6309700000e+03,6.2664500000e+00,2.8036800000e-02,3.9677300000e-08
ell0284,4.5999700000e+03,6.4191200000e+00,2.8198400000e-02,3.9519900000e-08
ell0285,4.5687400000e+03,6.5736500000e+00,2.8359300000e-02,3.9363600000e-08
ell0286,4.5372200000e+03,6.7298900000e+00,2.8519600000e-02,3.9208200000e-08
ell0287,4.5054600000e+03,6.8878500000e+00,2.8679300000e-02,3.9053700000e-08
ell0288,4.4735600000e+03,7.0475100000e+00,2.8838400000e-02,3.8900200000e-08
ell0289,4.4414300000e+03,7.2088000000e+00,2.8996800000e-02,3.8747700000e-08
ell0290,4.4091400000e+03,7.3715900000e+00,2.9154700000e-02,3.8596100000e-08
ell0291,4.3767100000e+03,7.5366000000e+00,2.9311800000e-02,3.8445500000e-08
ell0292,4.3438300000e+03,7.7027300000e+00,2.9468300000e-02,3.8295800000e-08
ell0293,4.3110900000e+03,7.8696000000e+00,2.9624200000e-02,3.8146900000e-08
ell0294,4.2780500000e+03,8.0387000000e+00,2.9779400000e-02,3.7999000000e-08
ell0295,4.2450900000e+03,8.2085500000e+00,2.9933900000e-02,3.7852000000e-08
ell0296,4.2118300000e+03,8.3806200000e+00,3.0087800000e-02,3.7705800000e-08
ell0297,4.1784900000e+03,8.5527000000e+00,3.0241000000e-02,3.7560500000e-08
ell0298,4.1449300000e+03,8.7270000000e+00,3.0393500000e-02,3.7416100000e-08
ell0299,4.1113600000e+03,8.9027900000e+00,3.0545300000e-02,3.7272500000e-08
ell0300,4.0776500000e+03,9.0785800000e+00,3.0696400000e-02,3.7129800000e-08
ell0301,4.0438600000e+03,9.2558600000e+00,3.0846900000e-02,3.6987900000e-08
ell0302,4.0100700000e+03,9.4338800000e+00,3.0996700000e-02,3.6846800000e-08
ell0303,3.9762000000e+03,9.6133800000e+00,3.1145700000e-02,3.6706500000e-08
ell0304,3.9422600000e+03,9.7943600000e+00,3.1294100000e-02,3.6567100000e-08
ell0305,3.9083200000e+03,9.9753500000e+00,3.1441800000e-02,3.6428400000e-08
ell0306,3.8743000000e+03,1.0157100000e+01,3.1588800000e-02,3.6290500000e-08
ell0307,3.8402900000e+03,1.0339500000e+01,3.1735000000e-02,3.6153500000e-08
ell0308,3.8062700000e+03,1.0524200000e+01,3.1880600000e-02,3.6017200000e-08
ell0309,3.7723300000e+03,1.0708100000e+01,3.2025500000e-02,3.5881700000e-08
ell0310,3.7383100000e+03,1.0892000000e+01,3.2169700000e-02,3.5747000000e-08
ell0311,3.7043700000e+03,1.1078200000e+01,3.2313100000e-02,3.5613000000e-08
ell0312,3.6705100000e+03,1.1263600000e+01,3.2455900000e-02,3.5479800000e-08
ell0313,3.6366400000e+03,1.1449700000e+01,3.2598000000e-02,3.5347400000e-08
ell0314,3.6028600000e+03,1.1636500000e+01,3.2739400000e-02,3.5215700000e-08
ell0315,3.5691400000e+03,1.1822600000e+01,3.2880000000e-02,3.5084800000e-08
ell0316,3.5355100000e+03,1.2009400000e+01,3.3020000000e-02,3.4954600000e-08
ell0317,3.5019400000e+03,1.2195500000e+01,3.3159400000e-02,3.4825100000e-08
ell0318,3.4684600000e+03,1.2383000000e+01,3.3298000000e-02,3.4696400000e-08
ell0319,3.4351300000e+03,1.2569700000e+01,3.3435900000e-02,3.4568400000e-08
ell0320,3.4019400000e+03,1.2756500000e+01,3.3573200000e-02,3.4441100000e-08
ell0321,3.3688400000e+03,1.2944000000e+01,3.3709800000e-02,3.4314500000e-08
ell0322,3.3358800000e+03,1.3129900000e+01,3.3845800000e-02,3.4188600000e-08
ell0323,3.3030800000e+03,1.3315900000e+01,3.3981100000e-02,3.4063400000e-08
ell0324,3.2704200000e+03,1.3502500000e+01,3.4115700000e-02,3.3939000000e-08
ell0325,3.2380000000e+03,1.3686200000e+01,3.4249700000e-02,3.3815200000e-08
ell0326,3.2056500000e+03,1.3871400000e+01,3.4383100000e-02,3.3692000000e-08
ell0327,3.1735200000e+03,1.4055700000e+01,3.4515900000e-02,3.3569600000e-08
ell0328,3.1416300000e+03,1.4238600000e+01,3.4648000000e-02,3.3447800000e-08
ell0329,3.1098800000e+03,1.4421500000e+01,3.4779600000e-02,3.3326700000e-08
ell0330,3.0783600000e+03,1.4602800000e+01,3.4910500000e-02,3.3206300000e-08
ell0331,3.0471400000e+03,1.4783400000e+01,3.5040900000e-02,3.3086500000e-08
ell0332,3.0160800000e+03,1.4963900000e+01,3.5170800000e-02,3.2967400000e-08
ell0333,2.9852400000e+03,1.5142900000e+01,3.5300000000e-02,3.2848800000e-08
ell0334,2.9547000000e+03,1.5321200000e+01,3.5428800000e-02,3.2731000000e-08
ell0335,2.9243200000e+03,1.5497200000e+01,3.5557000000e-02,3.2613700000e-08
ell0336,2.8942400000e+03,1.5672500000e+01,3.5684800000e-02,3.2497100000e-08
ell0337,2.8644600000e+03,1.5846900000e+01,3.5812000000e-02,3.2381100000e-08
ell0338,2.8349000000e+03,1.6019200000e+01,3.5938800000e-02,3.2265800000e-08
ell0339,2.8057300000e+03,1.6191400000e+01,3.6065100000e-02,3.2151000000e-08
ell0340,2.7767800000e+03,1.6361300000e+01,3.6190900000e-02,3.2036800000e-08
ell0341,2.7480600000e+03,1.6529000000e+01,3.6316400000e-02,3.1923200000e-08
ell0342,2.7197100000e+03,1.6696700000e+01,3.6441400000e-02,3.1810200000e-08
ell0343,2.6916700000e+03,1.6861300000e+01,3.6566100000e-02,3.1697800000e-08
ell0344,2.6640000000e+03,1.7024500000e+01,3.6690400000e-02,3.1586000000e-08
ell0345,2.6365600000e+03,1.7185400000e+01,3.6814400000e-02,3.1474700000e-08
ell0346,2.6095000000e+03,1.7345500000e+01,3.6938000000e-02,3.1364000000e-08
ell0347,2.5827500000e+03,1.7502600000e+01,3.7061300000e-02,3.1253900000e-08
ell0348,2.5563600000e+03,1.7657500000e+01,3.7184400000e-02,3.1144300000e-08
ell0349,2.5302900000e+03,1.7810900000e+01,3.7307200000e-02,3.1035300000e-08
ell0350,2.5045800000e+03,1.7961200000e+01,3.7429700000e-02,3.0926800000e-08
ell0351,2.4794100000e+03,1.8110100000e+01,3.7552000000e-02,3.0818800000e-08
ell0352,2.4543900000e+03,1.8256700000e+01,3.7674200000e-02,3.0711400000e-08
ell0353,2.4298200000e+03,1.8400300000e+01,3.7796100000e-02,3.0604500000e-08
ell0354,2.4055500000e+03,1.8541700000e+01,3.7917900000e-02,3.0498200000e-08
ell0355,2.3817400000e+03,1.8680800000e+01,3.8039600000e-02,3.0392400000e-08
ell0356,2.3583000000e+03,1.8817600000e+01,3.8161100000e-02,3.0287000000e-08
ell0357,2.3352400000e+03,1.8951500000e+01,3.8282600000e-02,3.0182200000e-08
ell0358,2.3126300000e+03,1.9081600000e+01,3.8403900000e-02,3.0078000000e-08
ell0359,2.2903200000e+03,1.9209500000e+01,3.8525300000e-02,2.9974200000e-08
ell0360,2.2684600000e+03,1.9335100000e+01,3.8646600000e-02,2.9870900000e-08
ell0361,2.2469800000e+03,1.9457700000e+01,3.8767900000e-02,2.9768200000e-08
ell0362,2.2259500000e+03,1.9577400000e+01,3.8889200000e-02,2.9665900000e-08
ell0363,2.2053000000e+03,1.9694800000e+01,3.9010600000e-02,2.9564200000e-08
ell0364,2.1851000000e+03,1.9807700000e+01,3.9132000000e-02,2.9462900000e-08
ell0365,2.1652800000e+03,1.9918400000e+01,3.9253600000e-02,2.9362200000e-08
ell0366,2.1459000000e+03,2.0026100000e+01,3.9375200000e-02,2.9261900000e-08
ell0367,2.1269800000e+03,2.0129300000e+01,3.9496900000e-02,2.9162100000e-08
ell0368,2.1083600000e+03,2.0230300000e+01,3.9618800000e-02,2.9062800000e-08
ell0369,2.0903400000e+03,2.0328300000e+01,3.9740900000e-02,2.8964000000e-08
ell0370,2.0727000000e+03,2.0422600000e+01,3.9863100000e-02,2.8865600000e-08
ell0371,2.0554300000e+03,2.0513200000e+01,3.9985500000e-02,2.8767800000e-08
ell0372,2.0386100000e+03,2.0600700000e+01,4.0108200000e-02,2.8670400000e-08
ell0373,2.0222500000e+03,2.0684600000e+01,4.0231100000e-02,2.8573400000e-08
ell0374,2.0063300000e+03,2.0765500000e+01,4.0354300000e-02,2.8477000000e-08
ell0375,1.9907900000e+03,2.0842600000e+01,4.0477800000e-02,2.8381000000e-08
ell0376,1.9757800000e+03,2.0916800000e+01,4.0601600000e-02,2.8285400000e-08
ell0377,1.9612100000e+03,2.0986500000e+01,4.0725700000e-02,2.8190300000e-08
ell0378,1.9470300000e+03,2.1052500000e+01,4.0850100000e-02,2.8095700000e-08
ell0379,1.9332900000e+03,2.1115600000e+01,4.0974900000e-02,2.8001500000e-08
ell0380,1.9200800000e+03,2.1175600000e+01,4.1100100000e-02,2.7907700000e-08
ell0381,1.9072500000e+03,2.1229000000e+01,4.1225700000e-02,2.7814400000e-08
ell0382,1.8947900000e+03,2.1280900000e+01,4.1351700000e-02,2.7721500000e-08
ell0383,1.8828600000e+03,2.1328300000e+01,4.1478100000e-02,2.7629100000e-08
ell0384,1.8714500000e+03,2.1371300000e+01,4.1605000000e-02,2.7537100000e-08
ell0385,1.8603500000e+03,2.1412100000e+01,4.1732300000e-02,2.7445500000e-08
ell0386,1.8497700000e+03,2.1448400000e+01,4.1860100000e-02,2.7354400000e-08
ell0387,1.8395600000e+03,2.1480200000e+01,4.1988500000e-02,2.7263700000e-08
ell0388,1.8298100000e+03,2.1508400000e+01,4.2117300000e-02,2.7173400000e-08
ell0389,1.8205100000e+03,2.1530600000e+01,4.2246700000e-02,2.7083500000e-08
ell0390,1.8116600000e+03,2.1552100000e+01,4.2376700000e-02,2.6994000000e-08
ell0391,1.8032600000e+03,2.1568300000e+01,4.2507200000e-02,2.6905000000e-08
ell0392,1.7952400000e+03,2.1582400000e+01,4.2638300000e-02,2.6816300000e-08
ell0393,1.7877400000e+03,2.1591300000e+01,4.2770100000e-02,2.6728100000e-08
ell0394,1.7806200000e+03,2.1596400000e+01,4.2902400000e-02,2.6640200000e-08
ell0395,1.7738800000e+03,2.1597200000e+01,4.3035400000e-02,2.6552800000e-08
ell0396,1.7676600000e+03,2.1594200000e+01,4.3169000000e-02,2.6465800000e-08
ell0397,1.7617500000e+03,2.1587500000e+01,4.3303400000e-02,2.6379100000e-08
ell0398,1.7563600000e+03,2.1576400000e+01,4.3438400000e-02,2.6292800000e-08
ell0399,1.7513500000e+03,2.1561600000e+01,4.3574100000e-02,2.6206900000e-08
ell0400,1.7467100000e+03,2.1543000000e+01,4.3710500000e-02,2.6121400000e-08
ell0401,1.7425300000e+03,2.1520100000e+01,4.3847700000e-02,2.6036300000e-08
ell0402,1.7388000000e+03,2.1492700000e+01,4.3985600000e-02,2.5951600000e-08
ell0403,1.7354400000e+03,2.1462300000e+01,4.4124300000e-02,2.5867200000e-08
ell0404,1.7324600000e+03,2.1427500000e+01,4.4263700000e-02,2.5783200000e-08
ell0405,1.7299400000e+03,2.1388300000e+01,4.4404000000e-02,2.5699600000e-08
ell0406,1.7277100000e+03,2.1346100000e+01,4.4545100000e-02,2.5616400000e-08
ell0407,1.7259400000e+03,2.1299500000e+01,4.4687000000e-02,2.5533500000e-08
ell0408,1.7245400000e+03,2.1249200000e+01,4.4829700000e-02,2.5451000000e-08
ell0409,1.7235900000e+03,2.1196000000e+01,4.4973300000e-02,2.5368800000e-08
ell0410,1.7229400000e+03,2.1137600000e+01,4.5117800000e-02,2.5287100000e-08
ell0411,1.7227500000e+03,2.1076200000e+01,4.5263100000e-02,2.5205600000e-08
ell0412,1.7228500000e+03,2.1011200000e+01,4.5409400000e-02,2.5124600000e-08
ell0413,1.7233300000e+03,2.0942500000e+01,4.5556500000e-02,2.5043900000e-08
ell0414,1.7241100000e+03,2.0870100000e+01,4.5704600000e-02,2.4963600000e-08
ell0415,1.7253400000e+03,2.0794700000e+01,4.5853600000e-02,2.4883600000e-08
ell0416,1.7268700000e+03,2.0715000000e+01,4.6003500000e-02,2.4804000000e-08
ell0417,1.7287000000e+03,2.0632300000e+01,4.6154400000e-02,2.4724700000e-08
ell0418,1.7309100000e+03,2.0544400000e+01,4.6306200000e-02,2.4645800000e-08
ell0419,1.7334900000e+03,2.0454400000e+01,4.6459000000e-02,2.4567200000e-08
ell0420,1.7363700000e+03,2.0361400000e+01,4.6612800000e-02,2.4489000000e-08
ell0421,1.7396200000e+03,2.0264800000e+01,4.6767600000e-02,2.4411100000e-08
ell0422,1.7431800000e+03,2.0164500000e+01,4.6923400000e-02,2.4333600000e-08
ell0423,1.7469600000e+03,2.0060500000e+01,4.7080200000e-02,2.4256400000e-08
ell0424,1.7510400000e+03,1.9953600000e+01,4.7237900000e-02,2.4179500000e-08
ell0425,1.7554900000e+03,1.9843000000e+01,4.7396700000e-02,2.4103000000e-08
ell0426,1.7602500000e+03,1.9730300000e+01,4.7556600000e-02,2.4026800000e-08
ell0427,1.7652300000e+03,1.9613800000e+01,4.7717400000e-02,2.3951000000e-08
ell0428,1.7705100000e+03,1.9494500000e+01,4.7879200000e-02,2.3875500000e-08
ell0429,1.7760100000e+03,1.9372200000e+01,4.8042100000e-02,2.3800300000e-08
ell0430,1.7818900000e+03,1.9247700000e+01,4.8206000000e-02,2.3725500000e-08
ell0431,1.7879900000e+03,1.9119600000e+01,4.8371000000e-02,2.3651000000e-08
ell0432,1.7942400000e+03,1.8988600000e+01,4.8537000000e-02,2.3576800000e-08
ell0433,1.8008700000e+03,1.8856100000e+01,4.8704000000e-02,2.3503000000e-08
ell0434,1.8076400000e+03,1.8719900000e+01,4.8872000000e-02,2.3429400000e-08
ell0435,1.8146500000e+03,1.8582300000e+01,4.9041000000e-02,2.3356200000e-08
ell0436,1.8219500000e+03,1.8441800000e+01,4.9211100000e-02,2.3283300000e-08
ell0437,1.8294700000e+03,1.8298400000e+01,4.9382200000e-02,2.3210800000e-08
ell0438,1.8371500000e+03,1.8152700000e+01,4.9554300000e-02,2.3138500000e-08
ell0439,1.8451200000e+03,1.8005700000e+01,4.9727400000e-02,2.3066600000e-08
ell0440,1.8532500000e+03,1.7855700000e+01,4.9901500000e-02,2.2995000000e-08
ell0441,1.8616000000e+03,1.7703500000e+01,5.0076600000e-02,2.2923700000e-08
ell0442,1.8700200000e+03,1.7549200000e+01,5.0252700000e-02,2.2852700000e-08
ell0443,1.8787500000e+03,1.7393400000e+01,5.0429800000e-02,2.2782000000e-08
ell0444,1.8876200000e+03,1.7236200000e+01,5.0607900000e-02,2.2711600000e-08
ell0445,1.8966500000e+03,1.7075300000e+01,5.0786900000e-02,2.2641600000e-08
ell0446,1.9057500000e+03,1.6914500000e+01,5.0966800000e-02,2.2571800000e-08
ell0447,1.9150800000e+03,1.6752200000e+01,5.1147700000e-02,2.2502400000e-08
ell0448,1.9244800000e+03,1.6587000000e+01,5.1329500000e-02,2.2433200000e-08
ell0449,1.9341000000e+03,1.6421100000e+01,5.1512200000e-02,2.2364400000e-08
ell0450,1.9438800000e+03,1.6254500000e+01,5.1695900000e-02,2.2295800000e-08
ell0451,1.9537400000e+03,1.6085700000e+01,5.1880400000e-02,2.2227500000e-08
ell0452,1.9636700000e+03,1.5916200000e+01,5.2065800000e-02,2.2159600000e-08
ell0453,1.9738200000e+03,1.5746000000e+01,5.2252000000e-02,2.2091900000e-08
ell0454,1.9839800000e+03,1.5574400000e+01,5.2439100000e-02,2.2024500000e-08
ell0455,1.9942100000e+03,1.5402000000e+01,5.2627000000e-02,2.1957400000e-08
ell0456,2.0046700000e+03,1.5228300000e+01,5.2815700000e-02,2.1890600000e-08
ell0457,2.0150500000e+03,1.5054500000e+01,5.3005300000e-02,2.1824100000e-08
ell0458,2.0255900000e+03,1.4880100000e+01,5.3195600000e-02,2.1757900000e-08
ell0459,2.0362000000e+03,1.4705700000e+01,5.3386600000e-02,2.1692000000e-08
ell0460,2.0468900000e+03,1.4529900000e+01,5.3578400000e-02,2.1626300000e-08
ell0461,2.0575700000e+03,1.4354100000e+01,5.3771000000e-02,2.1560900000e-08
ell0462,2.0683400000e+03,1.4177600000e+01,5.3964200000e-02,2.1495800000e-08
ell0463,2.0791100000e+03,1.4001900000e+01,5.4158200000e-02,2.1431000000e-08
ell0464,2.0898700000e+03,1.3826200000e+01,5.4352800000e-02,2.1366500000e-08
ell0465,2.1006400000e+03,1.3650600000e+01,5.4548000000e-02,2.1302200000e-08
ell0466,2.1114900000e+03,1.3474200000e+01,5.4743900000e-02,2.1238200000e-08
ell0467,2.1224100000e+03,1.3298700000e+01,5.4940400000e-02,2.1174500000e-08
ell0468,2.1332500000e+03,1.3123900000e+01,5.5137500000e-02,2.1111100000e-08
ell0469,2.1441000000e+03,1.2948400000e+01,5.5335200000e-02,2.1047900000e-08
ell0470,2.1550300000e+03,1.2774500000e+01,5.5533400000e-02,2.0985000000e-08
ell0471,2.1657300000e+03,1.2602100000e+01,5.5732200000e-02,2.0922400000e-08
ell0472,2.1765800000e+03,1.2429700000e+01,5.5931500000e-02,2.0860100000e-08
ell0473,2.1873600000e+03,1.2258100000e+01,5.6131200000e-02,2.0798000000e-08
ell0474,2.1981400000e+03,1.2088000000e+01,5.6331500000e-02,2.0736200000e-08
ell0475,2.2089300000e+03,1.1917900000e+01,5.6532200000e-02,2.0674600000e-08
ell0476,2.2195600000e+03,1.1750100000e+01,5.6733300000e-02,2.0613300000e-08
ell0477,2.2301200000e+03,1.1583100000e+01,5.6934800000e-02,2.0552200000e-08
ell0478,2.2406800000e+03,1.1416900000e+01,5.7136700000e-02,2.0491500000e-08
ell0479,2.2511700000e+03,1.1252900000e+01,5.7339000000e-02,2.0430900000e-08
ell0480,2.2615900000e+03,1.1090400000e+01,5.7541600000e-02,2.0370700000e-08
ell0481,2.2719300000e+03,1.0929400000e+01,5.7744600000e-02,2.0310600000e-08
ell0482,2.2822800000e+03,1.0770700000e+01,5.7947800000e-02,2.0250900000e-08
ell0483,2.2924000000e+03,1.0613500000e+01,5.8151300000e-02,2.0191400000e-08
ell0484,2.3023700000e+03,1.0458500000e+01,5.8355100000e-02,2.0132100000e-08
ell0485,2.3124200000e+03,1.0305100000e+01,5.8559100000e-02,2.0073100000e-08
ell0486,2.3223200000e+03,1.0154600000e+01,5.8763200000e-02,2.0014300000e-08
ell0487,2.3320700000e+03,1.0006400000e+01,5.8967600000e-02,1.9955800000e-08
ell0488,2.3416800000e+03,9.8597000000e+00,5.9172100000e-02,1.9897600000e-08
ell0489,2.3512100000e+03,9.7159800000e+00,5.9376800000e-02,1.9839500000e-08
ell0490,2.3606700000e+03,9.5752300000e+00,5.9581500000e-02,1.9781700000e-08
ell0491,2.3698300000e+03,9.4367300000e+00,5.9786300000e-02,1.9724200000e-08
ell0492,2.3790000000e+03,9.3012100000e+00,5.9991200000e-02,1.9666900000e-08
ell0493,2.3880100000e+03,9.1671800000e+00,6.0196100000e-02,1.9609800000e-08
ell0494,2.3968800000e+03,9.0376200000e+00,6.0401000000e-02,1.9553000000e-08
ell0495,2.4055200000e+03,8.9102900000e+00,6.0605900000e-02,1.9496400000e-08
ell0496,2.4140200000e+03,8.7866800000e+00,6.0810700000e-02,1.9440000000e-08
ell0497,2.4223700000e+03,8.6660300000e+00,6.1015400000e-02,1.9383900000e-08
ell0498,2.4305700000e+03,8.5476200000e+00,6.1220100000e-02,1.9328000000e-08
ell0499,2.4386900000e+03,8.4336600000e+00,6.1424600000e-02,1.9272300000e-08
ell0500,2.4466000000e+03,8.3219200000e+00,6.1628900000e-02,1.9216900000e-08
ell0501,2.4542000000e+03,8.2146400000e+00,6.1833000000e-02,1.9161700000e-08
ell0502,2.4618100000e+03,8.1110600000e+00,6.2037000000e-02,1.9106700000e-08
ell0503,2.4691200000e+03,8.0104400000e+00,6.2240600000e-02,1.9051900000e-08
ell0504,2.4762100000e+03,7.9135200000e+00,6.2444000000e-02,1.8997400000e-08
ell0505,2.4833000000e+03,7.8210400000e+00,6.2647100000e-02,1.8943100000e-08
ell0506,2.4900200000e+03,7.7324100000e+00,6.2849800000e-02,1.8889000000e-08
ell0507,2.4966700000e+03,7.6473200000e+00,6.3052200000e-02,1.8835100000e-08
ell0508,2.5030200000e+03,7.5668100000e+00,6.3254100000e-02,1.8781500000e-08
ell0509,2.5092200000e+03,7.4899200000e+00,6.3455700000e-02,1.8728000000e-08
ell0510,2.5151300000e+03,7.4173100000e+00,6.3656800000e-02,1.8674800000e-08
ell0511,2.5209600000e+03,7.3486800000e+00,6.3857400000e-02,1.8621800000e-08
ell0512,2.5265000000e+03,7.2844800000e+00,6.4057400000e-02,1.8569000000e-08
ell0513,2.5318900000e+03,7.2244700000e+00,6.4257000000e-02,1.8516500000e-08
ell0514,2.5370600000e+03,7.1689600000e+00,6.4455900000e-02,1.8464100000e-08
ell0515,2.5420100000e+03,7.1178700000e+00,6.4654300000e-02,1.8412000000e-08
ell0516,2.5467400000e+03,7.0712700000e+00,6.4852000000e-02,1.8360100000e-08
ell0517,2.5511700000e+03,7.0293000000e+00,6.5049000000e-02,1.8308400000e-08
ell0518,2.5554600000e+03,6.9918200000e+00,6.5245300000e-02,1.8256900000e-08
ell0519,2.5596000000e+03,6.9590500000e+00,6.5441000000e-02,1.8205600000e-08
ell0520,2.5634500000e+03,6.9309000000e+00,6.5635800000e-02,1.8154500000e-08
ell0521,2.5670000000e+03,6.9074600000e+00,6.5829900000e-02,1.8103600000e-08
ell0522,2.5703300000e+03,6.8889400000e+00,6.6023200000e-02,1.8053000000e-08
ell0523,2.5735100000e+03,6.8751900000e+00,6.6215600000e-02,1.8002500000e-08
ell0524,2.5764800000e+03,6.8662100000e+00,6.6407100000e-02,1.7952300000e-08
ell0525,2.5790800000e+03,6.8621400000e+00,6.6597800000e-02,1.7902300000e-08
ell0526,2.5815300000e+03,6.8629900000e+00,6.6787500000e-02,1.7852400000e-08
ell0527,2.5839000000e+03,6.8687600000e+00,6.6976300000e-02,1.7802800000e-08
ell0528,2.5859100000e+03,6.8794300000e+00,6.7164200000e-02,1.7753400000e-08
ell0529,2.5877000000e+03,6.8953100000e+00,6.7351000000e-02,1.7704100000e-08
ell0530,2.5892000000e+03,6.9161700000e+00,6.7536800000e-02,1.7655100000e-08
ell0531,2.5907000000e+03,6.9419300000e+00,6.7721500000e-02,1.7606300000e-08
ell0532,2.5917500000e+03,6.9729000000e+00,6.7905200000e-02,1.7557700000e-08
ell0533,2.5925900000e+03,7.0089100000e+00,6.8087800000e-02,1.7509200000e-08
ell0534,2.5932100000e+03,7.0500500000e+00,6.8269300000e-02,1.7461000000e-08
ell0535,2.5936000000e+03,7.0963900000e+00,6.8449600000e-02,1.7413000000e-08
ell0536,2.5937800000e+03,7.1477700000e+00,6.8628700000e-02,1.7365100000e-08
ell0537,2.5938100000e+03,7.2042700000e+00,6.8806700000e-02,1.7317500000e-08
ell0538,2.5934700000e+03,7.2660300000e+00,6.8983500000e-02,1.7270000000e-08
ell0539,2.5929900000e+03,7.3327600000e+00,6.9159100000e-02,1.7222800000e-08
ell0540,2.5922900000e+03,7.4049100000e+00,6.9333400000e-02,1.7175700000e-08
ell0541,2.5912900000e+03,7.4820200000e+00,6.9506400000e-02,1.7128800000e-08
ell0542,2.5901500000e+03,7.5643100000e+00,6.9678200000e-02,1.7082200000e-08
ell0543,2.5887100000e+03,7.6518700000e+00,6.9848700000e-02,1.7035700000e-08
ell0544,2.5871300000e+03,7.7445300000e+00,7.0017900000e-02,1.6989400000e-08
ell0545,2.5852600000e+03,7.8423100000e+00,7.0185800000e-02,1.6943200000e-08
ell0546,2.5832300000e+03,7.9449700000e+00,7.0352300000e-02,1.6897300000e-08
ell0547,2.5809200000e+03,8.0527400000e+00,7.0517400000e-02,1.6851600000e-08
ell0548,2.5784600000e+03,8.1656200000e+00,7.0681200000e-02,1.6806000000e-08
ell0549,2.5757700000e+03,8.2836000000e+00,7.0843600000e-02,1.6760600000e-08
ell0550,2.5728700000e+03,8.4066900000e+00,7.1004700000e-02,1.6715400000e-08
ell0551,2.5698200000e+03,8.5348900000e+00,7.1164300000e-02,1.6670400000e-08
ell0552,2.5664800000e+03,8.6681900000e+00,7.1322500000e-02,1.6625600000e-08
ell0553,2.5629900000e+03,8.8051100000e+00,7.1479300000e-02,1.6580900000e-08
ell0554,2.5592800000e+03,8.9486100000e+00,7.1634600000e-02,1.6536500000e-08
ell0555,2.5553500000e+03,9.0964600000e+00,7.1788500000e-02,1.6492200000e-08
ell0556,2.5512000000e+03,9.2494100000e+00,7.1940900000e-02,1.6448100000e-08
ell0557,2.5469100000e+03,9.4067100000e+00,7.2091900000e-02,1.6404100000e-08
ell0558,2.5423900000e+03,9.5698400000e+00,7.2241400000e-02,1.6360400000e-08
ell0559,2.5376600000e+03,9.7365700000e+00,7.2389400000e-02,1.6316800000e-08
ell0560,2.5328500000e+03,9.9076500000e+00,7.2535900000e-02,1.6273400000e-08
ell0561,2.5276700000e+03,1.0083800000e+01,7.2680900000e-02,1.6230200000e-08
ell0562,2.5225000000e+03,1.0265100000e+01,7.2824500000e-02,1.6187100000e-08
ell0563,2.5171100000e+03,1.0449900000e+01,7.2966500000e-02,1.6144200000e-08
ell0564,2.5115700000e+03,1.0640600000e+01,7.3107000000e-02,1.6101500000e-08
ell0565,2.5058200000e+03,1.0834100000e+01,7.3246000000e-02,1.6059000000e-08
ell0566,2.4999100000e+03,1.1032700000e+01,7.3383500000e-02,1.6016600000e-08
ell0567,2.4938700000e+03,1.1234900000e+01,7.3519400000e-02,1.5974400000e-08
ell0568,2.4876700000e+03,1.1442100000e+01,7.3653800000e-02,1.5932400000e-08
ell0569,2.4812600000e+03,1.1653700000e+01,7.3786700000e-02,1.5890500000e-08
ell0570,2.4747700000e+03,1.1868900000e+01,7.3918000000e-02,1.5848900000e-08
ell0571,2.4680700000e+03,1.2088400000e+01,7.4047900000e-02,1.5807300000e-08
ell0572,2.4612200000e+03,1.2311500000e+01,7.4176100000e-02,1.5766000000e-08
ell0573,2.4543000000e+03,1.2538200000e+01,7.4302900000e-02,1.5724800000e-08
ell0574,2.4472300000e+03,1.2769200000e+01,7.4428100000e-02,1.5683700000e-08
ell0575,2.4400200000e+03,1.3003100000e+01,7.4551700000e-02,1.5642900000e-08
ell0576,2.4327400000e+03,1.3241200000e+01,7.4673800000e-02,1.5602200000e-08
ell0577,2.4252300000e+03,1.3483000000e+01,7.4794400000e-02,1.5561600000e-08
ell0578,2.4176600000e+03,1.3727600000e+01,7.4913400000e-02,1.5521300000e-08
ell0579,2.4100100000e+03,1.3976600000e+01,7.5030900000e-02,1.5481100000e-08
ell0580,2.4023000000e+03,1.4228400000e+01,7.5146800000e-02,1.5441000000e-08
ell0581,2.3942900000e+03,1.4483000000e+01,7.5261200000e-02,1.5401100000e-08
ell0582,2.3862800000e+03,1.4741200000e+01,7.5374100000e-02,1.5361400000e-08
ell0583,2.3782000000e+03,1.5002300000e+01,7.5485500000e-02,1.5321800000e-08
ell0584,2.3700500000e+03,1.5266200000e+01,7.5595300000e-02,1.5282400000e-08
ell0585,2.3618200000e+03,1.5532900000e+01,7.5703600000e-02,1.5243100000e-08
ell0586,2.3534500000e+03,1.5801800000e+01,7.5810400000e-02,1.5204000000e-08
ell0587,2.3450900000e+03,1.6074200000e+01,7.5915700000e-02,1.5165000000e-08
ell0588,2.3365800000e+03,1.6348800000e+01,7.6019500000e-02,1.5126200000e-08
ell0589,2.3279900000e+03,1.6626200000e+01,7.6121900000e-02,1.5087600000e-08
ell0590,2.3193400000e+03,1.6905000000e+01,7.6222700000e-02,1.5049100000e-08
ell0591,2.3106900000e+03,1.7187400000e+01,7.6322000000e-02,1.5010800000e-08
ell0592,2.3019600000e+03,1.7470400000e+01,7.6419900000e-02,1.4972600000e-08
ell0593,2.2931600000e+03,1.7757000000e+01,7.6516300000e-02,1.4934500000e-08
ell0594,2.2842200000e+03,1.8044900000e+01,7.6611300000e-02,1.4896600000e-08
ell0595,2.2752800000e+03,1.8333500000e+01,7.6704900000e-02,1.4858900000e-08
ell0596,2.2664200000e+03,1.8625800000e+01,7.6797000000e-02,1.4821300000e-08
ell0597,2.2574800000e+03,1.8917100000e+01,7.6887800000e-02,1.4783800000e-08
ell0598,2.2486900000e+03,1.9211400000e+01,7.6977100000e-02,1.4746500000e-08
ell0599,2.2397600000e+03,1.9507000000e+01,7.7065100000e-02,1.4709400000e-08
ell0600,2.2307500000e+03,1.9804000000e+01,7.7151700000e-02,1.4672400000e-08
ell0601,2.2217500000e+03,2.0102400000e+01,7.7236900000e-02,1.4635500000e-08
ell0602,2.2127500000e+03,2.0400700000e+01,7.7320900000e-02,1.4598800000e-08
ell0603,2.2036700000e+03,2.0701100000e+01,7.7403500000e-02,1.4562200000e-08
ell0604,2.1947400000e+03,2.1001500000e+01,7.7484800000e-02,1.4525800000e-08
ell0605,2.1857500000e+03,2.1302500000e+01,7.7564800000e-02,1.4489500000e-08
ell0606,2.1768200000e+03,2.1604100000e+01,7.7643600000e-02,1.4453300000e-08
ell0607,2.1676800000e+03,2.1906400000e+01,7.7721200000e-02,1.4417300000e-08
ell0608,2.1587500000e+03,2.2209400000e+01,7.7797500000e-02,1.4381400000e-08
ell0609,2.1499100000e+03,2.2511500000e+01,7.7872700000e-02,1.4345700000e-08
ell0610,2.1409900000e+03,2.2813600000e+01,7.7946700000e-02,1.4310100000e-08
ell0611,2.1321400000e+03,2.3116300000e+01,7.8019500000e-02,1.4274700000e-08
ell0612,2.1233700000e+03,2.3419700000e+01,7.8091200000e-02,1.4239300000e-08
ell0613,2.1145300000e+03,2.3720100000e+01,7.8161800000e-02,1.4204200000e-08
ell0614,2.1058300000e+03,2.4021800000e+01,7.8231400000e-02,1.4169100000e-08
ell0615,2.0971300000e+03,2.4322000000e+01,7.8299900000e-02,1.4134200000e-08
ell0616,2.0885100000e+03,2.4622900000e+01,7.8367300000e-02,1.4099400000e-08
ell0617,2.0800400000e+03,2.4923000000e+01,7.8433800000e-02,1.4064800000e-08
ell0618,2.0715700000e+03,2.5222300000e+01,7.8499300000e-02,1.4030300000e-08
ell0619,2.0630900000e+03,2.5521500000e+01,7.8563800000e-02,1.3995900000e-08
ell0620,2.0548400000e+03,2.5817700000e+01,7.8627500000e-02,1.3961700000e-08
ell0621,2.0465100000e+03,2.6113800000e+01,7.8690200000e-02,1.3927600000e-08
ell0622,2.0383300000e+03,2.6408400000e+01,7.8752100000e-02,1.3893600000e-08
ell0623,2.0303000000e+03,2.6700800000e+01,7.8813100000e-02,1.3859700000e-08
ell0624,2.0222700000e+03,2.6991600000e+01,7.8873400000e-02,1.3826000000e-08
ell0625,2.0143100000e+03,2.7280800000e+01,7.8932800000e-02,1.3792400000e-08
ell0626,2.0065000000e+03,2.7568600000e+01,7.8991500000e-02,1.3759000000e-08
ell0627,1.9988300000e+03,2.7854100000e+01,7.9049500000e-02,1.3725700000e-08
ell0628,1.9912400000e+03,2.8137300000e+01,7.9106800000e-02,1.3692500000e-08
ell0629,1.9837900000e+03,2.8418300000e+01,7.9163400000e-02,1.3659400000e-08
ell0630,1.9763500000e+03,2.8697000000e+01,7.9219400000e-02,1.3626400000e-08
ell0631,1.9690500000e+03,2.8973500000e+01,7.9274800000e-02,1.3593600000e-08
ell0632,1.9619700000e+03,2.9247000000e+01,7.9329600000e-02,1.3560900000e-08
ell0633,1.9548800000e+03,2.9519000000e+01,7.9383900000e-02,1.3528300000e-08
ell0634,1.9480200000e+03,2.9786500000e+01,7.9437600000e-02,1.3495900000e-08
ell0635,1.9413100000e+03,3.0052500000e+01,7.9490900000e-02,1.3463600000e-08
ell0636,1.9345900000e+03,3.0316300000e+01,7.9543700000e-02,1.3431400000e-08
ell0637,1.9280900000e+03,3.0574900000e+01,7.9596100000e-02,1.3399300000e-08
ell0638,1.9217400000e+03,3.0832000000e+01,7.9648000000e-02,1.3367300000e-08
ell0639,1.9155300000e+03,3.1084700000e+01,7.9699600000e-02,1.3335500000e-08
ell0640,1.9094700000e+03,3.1335100000e+01,7.9750800000e-02,1.3303800000e-08
ell0641,1.9035600000e+03,3.1581900000e+01,7.9801700000e-02,1.3272200000e-08
ell0642,1.8977100000e+03,3.1824200000e+01,7.9852400000e-02,1.3240700000e-08
ell0643,1.8920900000e+03,3.2064300000e+01,7.9902700000e-02,1.3209400000e-08
ell0644,1.8866800000e+03,3.2298500000e+01,7.9952900000e-02,1.3178100000e-08
ell0645,1.8813500000e+03,3.2529700000e+01,8.0002800000e-02,1.3147000000e-08
ell0646,1.8761600000e+03,3.2757300000e+01,8.0052500000e-02,1.3116000000e-08
ell0647,1.8712600000e+03,3.2980400000e+01,8.0102100000e-02,1.3085100000e-08
ell0648,1.8663700000e+03,3.3199900000e+01,8.0151600000e-02,1.3054300000e-08
ell0649,1.8617600000e+03,3.3414200000e+01,8.0201000000e-02,1.3023700000e-08
ell0650,1.8573000000e+03,3.3624100000e+01,8.0250300000e-02,1.2993100000e-08
ell0651,1.8529900000e+03,3.3831100000e+01,8.0299500000e-02,1.2962700000e-08
ell0652,1.8488100000e+03,3.4032900000e+01,8.0348800000e-02,1.2932400000e-08
ell0653,1.8449400000e+03,3.4228900000e+01,8.0398000000e-02,1.2902100000e-08
ell0654,1.8411300000e+03,3.4421200000e+01,8.0447300000e-02,1.2872100000e-08
ell0655,1.8374700000e+03,3.4609100000e+01,8.0496700000e-02,1.2842100000e-08
ell0656,1.8341000000e+03,3.4791900000e+01,8.0546100000e-02,1.2812200000e-08
ell0657,1.8308700000e+03,3.4969600000e+01,8.0595700000e-02,1.2782400000e-08
ell0658,1.8277100000e+03,3.5142900000e+01,8.0645400000e-02,1.2752800000e-08
ell0659,1.8249200000e+03,3.5311100000e+01,8.0695300000e-02,1.2723200000e-08
ell0660,1.8222800000e+03,3.5473400000e+01,8.0745400000e-02,1.2693800000e-08
ell0661,1.8197700000e+03,3.5630700000e+01,8.0795600000e-02,1.2664500000e-08
ell0662,1.8174900000e+03,3.5783600000e+01,8.0846200000e-02,1.2635300000e-08
ell0663,1.8153500000e+03,3.5931400000e+01,8.0897000000e-02,1.2606200000e-08
ell0664,1.8134300000e+03,3.6072700000e+01,8.0948100000e-02,1.2577200000e-08
ell0665,1.8116500000e+03,3.6208800000e+01,8.0999500000e-02,1.2548300000e-08
ell0666,1.8100800000e+03,3.6339900000e+01,8.1051200000e-02,1.2519500000e-08
ell0667,1.8087400000e+03,3.6465200000e+01,8.1103300000e-02,1.2490800000e-08
ell0668,1.8074600000e+03,3.6585500000e+01,8.1155900000e-02,1.2462200000e-08
ell0669,1.8065500000e+03,3.6699900000e+01,8.1208800000e-02,1.2433700000e-08
ell0670,1.8057100000e+03,3.6808500000e+01,8.1262200000e-02,1.2405400000e-08
ell0671,1.8051600000e+03,3.6912800000e+01,8.1316000000e-02,1.2377100000e-08
ell0672,1.8046800000e+03,3.7009900000e+01,8.1370400000e-02,1.2348900000e-08
ell0673,1.8044900000e+03,3.7102600000e+01,8.1425200000e-02,1.2320900000e-08
ell0674,1.8044400000e+03,3.7188800000e+01,8.1480600000e-02,1.2292900000e-08
ell0675,1.8046100000e+03,3.7269300000e+01,8.1536500000e-02,1.2265100000e-08
ell0676,1.8049200000e+03,3.7343900000e+01,8.1593100000e-02,1.2237300000e-08
ell0677,1.8054500000e+03,3.7412800000e+01,8.1650200000e-02,1.2209600000e-08
ell0678,1.8062000000e+03,3.7475200000e+01,8.1708000000e-02,1.2182100000e-08
ell0679,1.8070900000e+03,3.7532600000e+01,8.1766400000e-02,1.2154600000e-08
ell0680,1.8082700000e+03,3.7584200000e+01,8.1825500000e-02,1.2127300000e-08
ell0681,1.8095900000e+03,3.7629300000e+01,8.1885300000e-02,1.2100000000e-08
ell0682,1.8110500000e+03,3.7667900000e+01,8.1945800000e-02,1.2072900000e-08
ell0683,1.8128100000e+03,3.7702300000e+01,8.2007100000e-02,1.2045800000e-08
ell0684,1.8146300000e+03,3.7728700000e+01,8.2069100000e-02,1.2018800000e-08
ell0685,1.8165900000e+03,3.7750100000e+01,8.2131800000e-02,1.1992000000e-08
ell0686,1.8187800000e+03,3.7765000000e+01,8.2195400000e-02,1.1965200000e-08
ell0687,1.8212500000e+03,3.7774900000e+01,8.2259800000e-02,1.1938500000e-08
ell0688,1.8237900000e+03,3.7777600000e+01,8.2325000000e-02,1.1911900000e-08
ell0689,1.8265500000e+03,3.7774500000e+01,8.2391100000e-02,1.1885400000e-08
ell0690,1.8294500000e+03,3.7766500000e+01,8.2458100000e-02,1.1859000000e-08
ell0691,1.8325600000e+03,3.7750500000e+01,8.2525900000e-02,1.1832700000e-08
ell0692,1.8358200000e+03,3.7730300000e+01,8.2594700000e-02,1.1806500000e-08
ell0693,1.8393000000e+03,3.7703600000e+01,8.2664300000e-02,1.1780400000e-08
ell0694,1.8428400000e+03,3.7670500000e+01,8.2734900000e-02,1.1754400000e-08
ell0695,1.8466700000e+03,3.7633100000e+01,8.2806500000e-02,1.1728500000e-08
ell0696,1.8506500000e+03,3.7588500000e+01,8.2879000000e-02,1.1702600000e-08
ell0697,1.8547700000e+03,3.7538200000e+01,8.2952500000e-02,1.1676900000e-08
ell0698,1.8590300000e+03,3.7481400000e+01,8.3027000000e-02,1.1651200000e-08
ell0699,1.8634400000e+03,3.7419700000e+01,8.3102400000e-02,1.1625600000e-08
ell0700,1.8680600000e+03,3.7351500000e+01,8.3178900000e-02,1.1600200000e-08
ell0701,1.8728200000e+03,3.7277600000e+01,8.3256400000e-02,1.1574800000e-08
ell0702,1.8777300000e+03,3.7198800000e+01,8.3335000000e-02,1.1549500000e-08
ell0703,1.8827800000e+03,3.7113500000e+01,8.3414500000e-02,1.1524200000e-08
ell0704,1.8879700000e+03,3.7023200000e+01,8.3495100000e-02,1.1499100000e-08
ell0705,1.8932400000e+03,3.6926500000e+01,8.3576800000e-02,1.1474100000e-08
ell0706,1.8987100000e+03,3.6824800000e+01,8.3659500000e-02,1.1449100000e-08
ell0707,1.9042600000e+03,3.6717400000e+01,8.3743300000e-02,1.1424300000e-08
ell0708,1.9101000000e+03,3.6605100000e+01,8.3828100000e-02,1.1399500000e-08
ell0709,1.9159300000e+03,3.6487100000e+01,8.3914100000e-02,1.1374800000e-08
ell0710,1.9219800000e+03,3.6363300000e+01,8.4001000000e-02,1.1350200000e-08
ell0711,1.9280900000e+03,3.6234700000e+01,8.4089100000e-02,1.1325600000e-08
ell0712,1.9343500000e+03,3.6101100000e+01,8.4178300000e-02,1.1301200000e-08
ell0713,1.9408300000e+03,3.5961700000e+01,8.4268500000e-02,1.1276800000e-08
ell0714,1.9472200000e+03,3.5818200000e+01,8.4359800000e-02,1.1252500000e-08
ell0715,1.9538300000e+03,3.5669000000e+01,8.4452100000e-02,1.1228300000e-08
ell0716,1.9605900000e+03,3.5514900000e+01,8.4545600000e-02,1.1204200000e-08
ell0717,1.9674100000e+03,3.5356500000e+01,8.4640100000e-02,1.1180200000e-08
ell0718,1.9743100000e+03,3.5193200000e+01,8.4735600000e-02,1.1156300000e-08
ell0719,1.9813400000e+03,3.5023500000e+01,8.4832300000e-02,1.1132400000e-08
ell0720,1.9883700000e+03,3.4850300000e+01,8.4930000000e-02,1.1108600000e-08
ell0721,1.9956900000e+03,3.4673600000e+01,8.5028700000e-02,1.1084900000e-08
ell0722,2.0029300000e+03,3.4491200000e+01,8.5128500000e-02,1.1061300000e-08
ell0723,2.0103100000e+03,3.4305400000e+01,8.5229300000e-02,1.1037700000e-08
ell0724,2.0177700000e+03,3.4114600000e+01,8.5331200000e-02,1.1014300000e-08
ell0725,2.0252900000e+03,3.3920400000e+01,8.5434100000e-02,1.0990900000e-08
ell0726,2.0329500000e+03,3.3723400000e+01,8.5538000000e-02,1.0967600000e-08
ell0727,2.0406100000e+03,3.3520700000e+01,8.5642900000e-02,1.0944300000e-08
ell0728,2.0483400000e+03,3.3313100000e+01,8.5748800000e-02,1.0921200000e-08
ell0729,2.0561400000e+03,3.3102800000e+01,8.5855700000e-02,1.0898100000e-08
ell0730,2.0639300000e+03,3.2888900000e+01,8.5963500000e-02,1.0875100000e-08
ell0731,2.0719400000e+03,3.2670100000e+01,8.6072300000e-02,1.0852200000e-08
ell0732,2.0798800000e+03,3.2450100000e+01,8.6182100000e-02,1.0829400000e-08
ell0733,2.0879500000e+03,3.2225000000e+01,8.6292800000e-02,1.0806600000e-08
ell0734,2.0960300000e+03,3.1997200000e+01,8.6404500000e-02,1.0783900000e-08
ell0735,2.1041700000e+03,3.1765200000e+01,8.6517000000e-02,1.0761300000e-08
ell0736,2.1122300000e+03,3.1530500000e+01,8.6630500000e-02,1.0738800000e-08
ell0737,2.1204400000e+03,3.1293700000e+01,8.6744800000e-02,1.0716300000e-08
ell0738,2.1285700000e+03,3.1054200000e+01,8.6860000000e-02,1.0693900000e-08
ell0739,2.1367700000e+03,3.0811200000e+01,8.6976100000e-02,1.0671600000e-08
ell0740,2.1449600000e+03,3.0565400000e+01,8.7093000000e-02,1.0649300000e-08
ell0741,2.1532300000e+03,3.0316100000e+01,8.7210700000e-02,1.0627200000e-08
ell0742,2.1614900000e+03,3.0067000000e+01,8.7329200000e-02,1.0605100000e-08
ell0743,2.1697500000e+03,2.9815800000e+01,8.7448600000e-02,1.0583000000e-08
ell0744,2.1780800000e+03,2.9561100000e+01,8.7568700000e-02,1.0561100000e-08
ell0745,2.1863400000e+03,2.9304400000e+01,8.7689500000e-02,1.0539200000e-08
ell0746,2.1945100000e+03,2.9046400000e+01,8.7811200000e-02,1.0517400000e-08
ell0747,2.2026900000e+03,2.8785600000e+01,8.7933500000e-02,1.0495600000e-08
ell0748,2.2109300000e+03,2.8524200000e+01,8.8056500000e-02,1.0474000000e-08
ell0749,2.2191700000e+03,2.8259300000e+01,8.8180300000e-02,1.0452400000e-08
ell0750,2.2273400000e+03,2.7994500000e+01,8.8304600000e-02,1.0430800000e-08
ell0751,2.2355000000e+03,2.7727700000e+01,8.8429700000e-02,1.0409400000e-08
ell0752,2.2436700000e+03,2.7461000000e+01,8.8555400000e-02,1.0388000000e-08
ell0753,2.2517500000e+03,2.7191500000e+01,8.8681600000e-02,1.0366600000e-08
ell0754,2.2597600000e+03,2.6922100000e+01,8.8808500000e-02,1.0345400000e-08
ell0755,2.2678400000e+03,2.6651300000e+01,8.8935900000e-02,1.0324200000e-08
ell0756,2.2757000000e+03,2.6380000000e+01,8.9063900000e-02,1.0303100000e-08
ell0757,2.2837000000e+03,2.6108800000e+01,8.9192400000e-02,1.0282000000e-08
ell0758,2.2914800000e+03,2.5836200000e+01,8.9321400000e-02,1.0261000000e-08
ell0759,2.2993400000e+03,2.5563000000e+01,8.9450900000e-02,1.0240100000e-08
ell0760,2.3070400000e+03,2.5289900000e+01,8.9580900000e-02,1.0219200000e-08
ell0761,2.3146700000e+03,2.5017000000e+01,8.9711300000e-02,1.0198500000e-08
ell0762,2.3223700000e+03,2.4744100000e+01,8.9842000000e-02,1.0177700000e-08
ell0763,2.3298500000e+03,2.4472000000e+01,8.9973200000e-02,1.0157100000e-08
ell0764,2.3373300000e+03,2.4199300000e+01,9.0104800000e-02,1.0136500000e-08
ell0765,2.3446600000e+03,2.3926700000e+01,9.0236600000e-02,1.0116000000e-08
ell0766,2.3519900000e+03,2.3655700000e+01,9.0368800000e-02,1.0095500000e-08
ell0767,2.3591700000e+03,2.3385500000e+01,9.0501300000e-02,1.0075100000e-08
ell0768,2.3662800000e+03,2.3115300000e+01,9.0634000000e-02,1.0054800000e-08
ell0769,2.3733100000e+03,2.2845200000e+01,9.0767000000e-02,1.0034500000e-08
ell0770,2.3802000000e+03,2.2577400000e+01,9.0900100000e-02,1.0014300000e-08
ell0771,2.3870100000e+03,2.2310400000e+01,9.1033500000e-02,9.9941300000e-09
ell0772,2.3936800000e+03,2.2044900000e+01,9.1167000000e-02,9.9740400000e-09
ell0773,2.4002700000e+03,2.1780900000e+01,9.1300600000e-02,9.9540200000e-09
ell0774,2.4067100000e+03,2.1518400000e+01,9.1434300000e-02,9.9340700000e-09
ell0775,2.4131600000e+03,2.1257500000e+01,9.1568100000e-02,9.9141700000e-09
ell0776,2.4193100000e+03,2.0998800000e+01,9.1701900000e-02,9.8943400000e-09
ell0777,2.4253900000e+03,2.0741600000e+01,9.1835700000e-02,9.8745600000e-09
ell0778,2.4315400000e+03,2.0486600000e+01,9.1969500000e-02,9.8548500000e-09
ell0779,2.4373200000e+03,2.0233800000e+01,9.2103200000e-02,9.8352000000e-09
ell0780,2.4430400000e+03,1.9981800000e+01,9.2236900000e-02,9.8156100000e-09
ell0781,2.4486800000e+03,1.9734200000e+01,9.2370400000e-02,9.7960800000e-09
ell0782,2.4541000000e+03,1.9488100000e+01,9.2503800000e-02,9.7766100000e-09
ell0783,2.4594500000e+03,1.9244900000e+01,9.2637000000e-02,9.7572000000e-09
ell0784,2.4646500000e+03,1.9004700000e+01,9.2770000000e-02,9.7378400000e-09
ell0785,2.4696300000e+03,1.8766700000e+01,9.2902800000e-02,9.7185500000e-09
ell0786,2.4745500000e+03,1.8531500000e+01,9.3035300000e-02,9.6993200000e-09
ell0787,2.4792400000e+03,1.8300100000e+01,9.3167500000e-02,9.6801400000e-09
ell0788,2.4837900000e+03,1.8070700000e+01,9.3299400000e-02,9.6610300000e-09
ell0789,2.4881900000e+03,1.7843600000e+01,9.3430900000e-02,9.6419700000e-09
ell0790,2.4925200000e+03,1.7622300000e+01,9.3562000000e-02,9.6229600000e-09
ell0791,2.4966400000e+03,1.7403200000e+01,9.3692700000e-02,9.6040200000e-09
ell0792,2.5006000000e+03,1.7188400000e+01,9.3822900000e-02,9.5851300000e-09
ell0793,2.5043500000e+03,1.6978000000e+01,9.3952700000e-02,9.5663000000e-09
ell0794,2.5078900000e+03,1.6771200000e+01,9.4081900000e-02,9.5475300000e-09
ell0795,2.5112700000e+03,1.6567300000e+01,9.4210500000e-02,9.5288100000e-09
ell0796,2.5146700000e+03,1.6368400000e+01,9.4338600000e-02,9.5101400000e-09
ell0797,2.5176900000e+03,1.6172400000e+01,9.4466100000e-02,9.4915400000e-09
ell0798,2.5205800000e+03,1.5981500000e+01,9.4592900000e-02,9.4729800000e-09
ell0799,2.5233100000e+03,1.5794900000e+01,9.4719100000e-02,9.4544900000e-09
ell0800,2.5259100000e+03,1.5611900000e+01,9.4844500000e-02,9.4360400000e-09
ell0801,2.5282900000e+03,1.5433900000e+01,9.4969200000e-02,9.4176500000e-09
ell0802,2.5303700000e+03,1.5260200000e+01,9.5093200000e-02,9.3993200000e-09
ell0803,2.5324700000e+03,1.5090000000e+01,9.5216400000e-02,9.3810400000e-09
ell0804,2.5342700000e+03,1.4925700000e+01,9.5338700000e-02,9.3628100000e-09
ell0805,2.5360000000e+03,1.4765600000e+01,9.5460200000e-02,9.3446400000e-09
ell0806,2.5374400000e+03,1.4609800000e+01,9.5580800000e-02,9.3265200000e-09
ell0807,2.5386600000e+03,1.4459700000e+01,9.5700500000e-02,9.3084500000e-09
ell0808,2.5396700000e+03,1.4314700000e+01,9.5819300000e-02,9.2904400000e-09
ell0809,2.5406100000e+03,1.4174600000e+01,9.5937100000e-02,9.2724700000e-09
ell0810,2.5412600000e+03,1.4039500000e+01,9.6053900000e-02,9.2545700000e-09
ell0811,2.5417000000e+03,1.3909400000e+01,9.6169800000e-02,9.2367100000e-09
ell0812,2.5419900000e+03,1.3785700000e+01,9.6284500000e-02,9.2189000000e-09
ell0813,2.5420700000e+03,1.3665600000e+01,9.6398300000e-02,9.2011500000e-09
ell0814,2.5420800000e+03,1.3551800000e+01,9.6510900000e-02,9.1834500000e-09
ell0815,2.5418000000e+03,1.3443100000e+01,9.6622400000e-02,9.1658000000e-09
ell0816,2.5412300000e+03,1.3340000000e+01,9.6732800000e-02,9.1482000000e-09
ell0817,2.5405300000e+03,1.3241800000e+01,9.6842100000e-02,9.1306500000e-09
ell0818,2.5397500000e+03,1.3150100000e+01,9.6950100000e-02,9.1131500000e-09
ell0819,2.5386900000e+03,1.3063300000e+01,9.7057000000e-02,9.0957000000e-09
ell0820,2.5374800000e+03,1.2982200000e+01,9.7162600000e-02,9.0783100000e-09
ell0821,2.5359900000e+03,1.2905900000e+01,9.7267000000e-02,9.0609600000e-09
ell0822,2.5343500000e+03,1.2836800000e+01,9.7370100000e-02,9.0436600000e-09
ell0823,2.5325100000e+03,1.2772700000e+01,9.7472000000e-02,9.0264100000e-09
ell0824,2.5303700000e+03,1.2714900000e+01,9.7572500000e-02,9.0092200000e-09
ell0825,2.5281700000e+03,1.2662000000e+01,9.7671700000e-02,8.9920700000e-09
ell0826,2.5256800000e+03,1.2616200000e+01,9.7769600000e-02,8.9749700000e-09
ell0827,2.5229700000e+03,1.2575300000e+01,9.7866100000e-02,8.9579200000e-09
ell0828,2.5202000000e+03,1.2540700000e+01,9.7961200000e-02,8.9409100000e-09
ell0829,2.5171400000e+03,1.2512600000e+01,9.8054900000e-02,8.9239600000e-09
ell0830,2.5139400000e+03,1.2490000000e+01,9.8147300000e-02,8.9070500000e-09
ell0831,2.5105300000e+03,1.2473100000e+01,9.8238100000e-02,8.8902000000e-09
ell0832,2.5069000000e+03,1.2461700000e+01,9.8327600000e-02,8.8733800000e-09
ell0833,2.5031400000e+03,1.2456700000e+01,9.8415500000e-02,8.8566200000e-09
ell0834,2.4990800000e+03,1.2457300000e+01,9.8502000000e-02,8.8399100000e-09
ell0835,2.4949600000e+03,1.2465000000e+01,9.8587000000e-02,8.8232400000e-09
ell0836,2.4904800000e+03,1.2477500000e+01,9.8670500000e-02,8.8066100000e-09
ell0837,2.4859300000e+03,1.2496400000e+01,9.8752500000e-02,8.7900400000e-09
ell0838,2.4811700000e+03,1.2521600000e+01,9.8832900000e-02,8.7735100000e-09
ell0839,2.4761200000e+03,1.2552400000e+01,9.8911800000e-02,8.7570300000e-09
ell0840,2.4710100000e+03,1.2590200000e+01,9.8989100000e-02,8.7405900000e-09
ell0841,2.4656800000e+03,1.2632900000e+01,9.9064800000e-02,8.7242000000e-09
ell0842,2.4601400000e+03,1.2681200000e+01,9.9139000000e-02,8.7078600000e-09
ell0843,2.4544600000e+03,1.2735800000e+01,9.9211500000e-02,8.6915600000e-09
ell0844,2.4484900000e+03,1.2796700000e+01,9.9282500000e-02,8.6753000000e-09
ell0845,2.4424500000e+03,1.2862400000e+01,9.9351800000e-02,8.6590900000e-09
ell0846,2.4362800000e+03,1.2935900000e+01,9.9419500000e-02,8.6429300000e-09
ell0847,2.4299600000e+03,1.3013500000e+01,9.9485500000e-02,8.6268100000e-09
ell0848,2.4234300000e+03,1.3097500000e+01,9.9549900000e-02,8.6107300000e-09
ell0849,2.4166100000e+03,1.3187000000e+01,9.9612700000e-02,8.5947000000e-09
ell0850,2.4098100000e+03,1.3282800000e+01,9.9673800000e-02,8.5787100000e-09
ell0851,2.4027100000e+03,1.3384200000e+01,9.9733100000e-02,8.5627700000e-09
ell0852,2.3954700000e+03,1.3491900000e+01,9.9790900000e-02,8.5468600000e-09
ell0853,2.3880900000e+03,1.3604400000e+01,9.9846900000e-02,8.5310100000e-09
ell0854,2.3805000000e+03,1.3723200000e+01,9.9901200000e-02,8.5151900000e-09
ell0855,2.3727000000e+03,1.3847600000e+01,9.9953800000e-02,8.4994200000e-09
ell0856,2.3649000000e+03,1.3976100000e+01,1.0000500000e-01,8.4836900000e-09
ell0857,2.3568100000e+03,1.4110800000e+01,1.0005400000e-01,8.4680100000e-09
ell0858,2.3485900000e+03,1.4252600000e+01,1.0010100000e-01,8.4523700000e-09
ell0859,2.3402200000e+03,1.4397000000e+01,1.0014700000e-01,8.4367700000e-09
ell0860,2.3317900000e+03,1.4547700000e+01,1.0019100000e-01,8.4212100000e-09
ell0861,2.3231500000e+03,1.4704000000e+01,1.0023400000e-01,8.4056900000e-09
ell0862,2.3143600000e+03,1.4865000000e+01,1.0027400000e-01,8.3902200000e-09
ell0863,2.3054300000e+03,1.5031700000e+01,1.0031300000e-01,8.3747900000e-09
ell0864,2.2963700000e+03,1.5202300000e+01,1.0035000000e-01,8.3593900000e-09
ell0865,2.2870100000e+03,1.5378600000e+01,1.0038600000e-01,8.3440500000e-09
ell0866,2.2778900000e+03,1.5559600000e+01,1.0041900000e-01,8.3287400000e-09
ell0867,2.2684000000e+03,1.5746300000e+01,1.0045100000e-01,8.3134700000e-09
ell0868,2.2588500000e+03,1.5936900000e+01,1.0048200000e-01,8.2982500000e-09
ell0869,2.2491500000e+03,1.6132500000e+01,1.0051000000e-01,8.2830600000e-09
ell0870,2.2393200000e+03,1.6332000000e+01,1.0053700000e-01,8.2679200000e-09
ell0871,2.2294100000e+03,1.6536500000e+01,1.0056200000e-01,8.2528200000e-09
ell0872,2.2193700000e+03,1.6745700000e+01,1.0058500000e-01,8.2377500000e-09
ell0873,2.2091900000e+03,1.6959000000e+01,1.0060700000e-01,8.2227300000e-09
ell0874,2.1989400000e+03,1.7177100000e+01,1.0062700000e-01,8.2077500000e-09
ell0875,2.1885500000e+03,1.7397900000e+01,1.0064500000e-01,8.1928100000e-09
ell0876,2.1780100000e+03,1.7624200000e+01,1.0066200000e-01,8.1779100000e-09
ell0877,2.1675600000e+03,1.7853900000e+01,1.0067700000e-01,8.1630400000e-09
ell0878,2.1568200000e+03,1.8086900000e+01,1.0069100000e-01,8.1482200000e-09
ell0879,2.1460800000e+03,1.8324800000e+01,1.0070200000e-01,8.1334400000e-09
ell0880,2.1352800000e+03,1.8566000000e+01,1.0071200000e-01,8.1186900000e-09
ell0881,2.1243300000e+03,1.8809900000e+01,1.0072100000e-01,8.1039900000e-09
ell0882,2.1133200000e+03,1.9057900000e+01,1.0072800000e-01,8.0893200000e-09
ell0883,2.1023100000e+03,1.9310000000e+01,1.0073300000e-01,8.0746900000e-09
ell0884,2.0910900000e+03,1.9564000000e+01,1.0073600000e-01,8.0601000000e-09
ell0885,2.0798000000e+03,1.9822100000e+01,1.0073900000e-01,8.0455500000e-09
ell0886,2.0685100000e+03,2.0083600000e+01,1.0073900000e-01,8.0310400000e-09
ell0887,2.0570800000e+03,2.0347000000e+01,1.0073800000e-01,8.0165700000e-09
ell0888,2.0457300000e+03,2.0614600000e+01,1.0073600000e-01,8.0021300000e-09
ell0889,2.0340900000e+03,2.0883400000e+01,1.0073200000e-01,7.9877400000e-09
ell0890,2.0225300000e+03,2.1156300000e+01,1.0072600000e-01,7.9733700000e-09
ell0891,2.0109700000e+03,2.1431100000e+01,1.0071900000e-01,7.9590500000e-09
ell0892,1.9993400000e+03,2.1707900000e+01,1.0071100000e-01,7.9447700000e-09
ell0893,1.9875700000e+03,2.1988100000e+01,1.0070100000e-01,7.9305200000e-09
ell0894,1.9758700000e+03,2.2269500000e+01,1.0069000000e-01,7.9163100000e-09
ell0895,1.9640400000e+03,2.2552900000e+01,1.0067700000e-01,7.9021300000e-09
ell0896,1.9522000000e+03,2.2839000000e+01,1.0066300000e-01,7.8880000000e-09
ell0897,1.9402900000e+03,2.3127100000e+01,1.0064700000e-01,7.8739000000e-09
ell0898,1.9284700000e+03,2.3416400000e+01,1.0063100000e-01,7.8598300000e-09
ell0899,1.9165700000e+03,2.3707700000e+01,1.0061300000e-01,7.8458000000e-09
ell0900,1.9046000000e+03,2.4000300000e+01,1.0059300000e-01,7.8318100000e-09
ell0901,1.8927000000e+03,2.4294100000e+01,1.0057300000e-01,7.8178600000e-09
ell0902,1.8807400000e+03,2.4589200000e+01,1.0055100000e-01,7.8039400000e-09
ell0903,1.8686200000e+03,2.4885600000e+01,1.0052800000e-01,7.7900500000e-09
ell0904,1.8567400000e+03,2.5182500000e+01,1.0050400000e-01,7.7762100000e-09
ell0905,1.8447000000e+03,2.5481400000e+01,1.0047800000e-01,7.7623900000e-09
ell0906,1.8326700000e+03,2.5780200000e+01,1.0045200000e-01,7.7486200000e-09
ell0907,1.8207100000e+03,2.6079500000e+01,1.0042400000e-01,7.7348800000e-09
ell0908,1.8088300000e+03,2.6379400000e+01,1.0039500000e-01,7.7211700000e-09
ell0909,1.7968800000e+03,2.6679900000e+01,1.0036600000e-01,7.7075000000e-09
ell0910,1.7848500000e+03,2.6981700000e+01,1.0033500000e-01,7.6938600000e-09
ell0911,1.7728900000e+03,2.7281900000e+01,1.0030300000e-01,7.6802600000e-09
ell0912,1.7609400000e+03,2.7583400000e+01,1.0027000000e-01,7.6666900000e-09
ell0913,1.7487700000e+03,2.7884000000e+01,1.0023600000e-01,7.6531600000e-09
ell0914,1.7369600000e+03,2.8184500000e+01,1.0020100000e-01,7.6396600000e-09
ell0915,1.7250100000e+03,2.8484900000e+01,1.0016500000e-01,7.6262000000e-09
ell0916,1.7132100000e+03,2.8784500000e+01,1.0012900000e-01,7.6127700000e-09
ell0917,1.7013300000e+03,2.9084700000e+01,1.0009100000e-01,7.5993800000e-09
ell0918,1.6896000000e+03,2.9383300000e+01,1.0005300000e-01,7.5860200000e-09
ell0919,1.6778700000e+03,2.9681100000e+01,1.0001400000e-01,7.5726900000e-09
ell0920,1.6661400000e+03,2.9978100000e+01,9.9973700000e-02,7.5594000000e-09
ell0921,1.6545500000e+03,3.0274300000e+01,9.9933000000e-02,7.5461400000e-09
ell0922,1.6428900000e+03,3.0569000000e+01,9.9891500000e-02,7.5329100000e-09
ell0923,1.6313000000e+03,3.0862100000e+01,9.9849200000e-02,7.5197200000e-09
ell0924,1.6197900000e+03,3.1154400000e+01,9.9806300000e-02,7.5065700000e-09
ell0925,1.6084200000e+03,3.1444500000e+01,9.9762700000e-02,7.4934400000e-09
ell0926,1.5969700000e+03,3.1733800000e+01,9.9718500000e-02,7.4803500000e-09
ell0927,1.5856700000e+03,3.2020900000e+01,9.9673700000e-02,7.4672900000e-09
ell0928,1.5744500000e+03,3.2306500000e+01,9.9628300000e-02,7.4542700000e-09
ell0929,1.5632200000e+03,3.2589900000e+01,9.9582300000e-02,7.4412800000e-09
ell0930,1.5521300000e+03,3.2870400000e+01,9.9535800000e-02,7.4283200000e-09
ell0931,1.5410500000e+03,3.3150100000e+01,9.9488800000e-02,7.4153900000e-09
ell0932,1.5301000000e+03,3.3426100000e+01,9.9441300000e-02,7.4024900000e-09
ell0933,1.5192300000e+03,3.3700000000e+01,9.9393400000e-02,7.3896300000e-09
ell0934,1.5084300000e+03,3.3972500000e+01,9.9345000000e-02,7.3768000000e-09
ell0935,1.4977000000e+03,3.4241300000e+01,9.9296300000e-02,7.3640100000e-09
ell0936,1.4871200000e+03,3.4507200000e+01,9.9247200000e-02,7.3512400000e-09
ell0937,1.4765300000e+03,3.4770900000e+01,9.9197700000e-02,7.3385100000e-09
ell0938,1.4660900000e+03,3.5031800000e+01,9.9148000000e-02,7.3258000000e-09
ell0939,1.4557900000e+03,3.5288300000e+01,9.9097900000e-02,7.3131400000e-09
ell0940,1.4454800000e+03,3.5542800000e+01,9.9047600000e-02,7.3005000000e-09
ell0941,1.4353200000e+03,3.5793600000e+01,9.8997100000e-02,7.2878900000e-09
ell0942,1.4252300000e+03,3.6040800000e+01,9.8946400000e-02,7.2753200000e-09
ell0943,1.4153500000e+03,3.6284500000e+01,9.8895500000e-02,7.2627700000e-09
ell0944,1.4055500000e+03,3.6524600000e+01,9.8844400000e-02,7.2502600000e-09
ell0945,1.3958100000e+03,3.6760400000e+01,9.8793200000e-02,7.2377800000e-09
ell0946,1.3862200000e+03,3.6993400000e+01,9.8742000000e-02,7.2253300000e-09
ell0947,1.3767000000e+03,3.7222100000e+01,9.8690700000e-02,7.2129100000e-09
ell0948,1.3671700000e+03,3.7448100000e+01,9.8639300000e-02,7.2005200000e-09
ell0949,1.3579300000e+03,3.7668300000e+01,9.8588000000e-02,7.1881600000e-09
ell0950,1.3487600000e+03,3.7884900000e+01,9.8536600000e-02,7.1758300000e-09
ell0951,1.3397300000e+03,3.8098100000e+01,9.8485400000e-02,7.1635400000e-09
ell0952,1.3308500000e+03,3.8307000000e+01,9.8434200000e-02,7.1512700000e-09
ell0953,1.3220300000e+03,3.8510300000e+01,9.8383100000e-02,7.1390300000e-09
ell0954,1.3133500000e+03,3.8710000000e+01,9.8332100000e-02,7.1268200000e-09
ell0955,1.3047400000e+03,3.8904800000e+01,9.8281300000e-02,7.1146500000e-09
ell0956,1.2962800000e+03,3.9095400000e+01,9.8230700000e-02,7.1025000000e-09
ell0957,1.2880200000e+03,3.9280400000e+01,9.8180300000e-02,7.0903900000e-09
ell0958,1.2797700000e+03,3.9460400000e+01,9.8130100000e-02,7.0783000000e-09
ell0959,1.2718000000e+03,3.9637000000e+01,9.8080200000e-02,7.0662400000e-09
ell0960,1.2638900000e+03,3.9807900000e+01,9.8030600000e-02,7.0542100000e-09
ell0961,1.2560600000e+03,3.9974000000e+01,9.7981300000e-02,7.0422200000e-09
ell0962,1.2484300000e+03,4.0135200000e+01,9.7932400000e-02,7.0302500000e-09
ell0963,1.2409500000e+03,4.0291500000e+01,9.7883800000e-02,7.0183100000e-09
ell0964,1.2336100000e+03,4.0442200000e+01,9.7835700000e-02,7.0064000000e-09
ell0965,1.2263300000e+03,4.0588100000e+01,9.7787900000e-02,6.9945200000e-09
ell0966,1.2192700000e+03,4.0729100000e+01,9.7740600000e-02,6.9826700000e-09
ell0967,1.2122700000e+03,4.0865200000e+01,9.7693800000e-02,6.9708500000e-09
ell0968,1.2054200000e+03,4.0994300000e+01,9.7647400000e-02,6.9590500000e-09
ell0969,1.1987700000e+03,4.1118600000e+01,9.7601600000e-02,6.9472900000e-09
ell0970,1.1922700000e+03,4.1238100000e+01,9.7556300000e-02,6.9355500000e-09
ell0971,1.1858300000e+03,4.1352000000e+01,9.7511600000e-02,6.9238500000e-09
ell0972,1.1795300000e+03,4.1459600000e+01,9.7467400000e-02,6.9121700000e-09
ell0973,1.1733600000e+03,4.1561700000e+01,9.7423900000e-02,6.9005200000e-09
ell0974,1.1674200000e+03,4.1659000000e+01,9.7381000000e-02,6.8889000000e-09
ell0975,1.1616100000e+03,4.1750800000e+01,9.7338700000e-02,6.8773100000e-09
ell0976,1.1559400000e+03,4.1835600000e+01,9.7297100000e-02,6.8657400000e-09
ell0977,1.1504000000e+03,4.1915600000e+01,9.7256200000e-02,6.8542100000e-09
ell0978,1.1449300000e+03,4.1990100000e+01,9.7216000000e-02,6.8427000000e-09
ell0979,1.1397500000e+03,4.2059100000e+01,9.7176500000e-02,6.8312200000e-09
ell0980,1.1346400000e+03,4.2121900000e+01,9.7137800000e-02,6.8197700000e-09
ell0981,1.1296600000e+03,4.2177700000e+01,9.7099800000e-02,6.8083400000e-09
ell0982,1.1248200000e+03,4.2229500000e+01,9.7062500000e-02,6.7969500000e-09
ell0983,1.1201900000e+03,4.2275100000e+01,9.7026100000e-02,6.7855800000e-09
ell0984,1.1156300000e+03,4.2313000000e+01,9.6990500000e-02,6.7742400000e-09
ell0985,1.1112800000e+03,4.2346900000e+01,9.6955700000e-02,6.7629300000e-09
ell0986,1.1069900000e+03,4.2374600000e+01,9.6921700000e-02,6.7516400000e-09
ell0987,1.1028400000e+03,4.2396100000e+01,9.6888600000e-02,6.7403800000e-09
ell0988,1.0989000000e+03,4.2412900000e+01,9.6856300000e-02,6.7291500000e-09
ell0989,1.0951000000e+03,4.2422700000e+01,9.6824900000e-02,6.7179500000e-09
ell0990,1.0914400000e+03,4.2430100000e+01,9.6794400000e-02,6.7067700000e-09
ell0991,1.0879200000e+03,4.2428300000e+01,9.6764800000e-02,6.6956200000e-09
ell0992,1.0845400000e+03,4.2421000000e+01,9.6736100000e-02,6.6845000000e-09
ell0993,1.0812200000e+03,4.2407600000e+01,9.6708400000e-02,6.6734100000e-09
ell0994,1.0781100000e+03,4.2389500000e+01,9.6681500000e-02,6.6623400000e-09
ell0995,1.0752200000e+03,4.2365200000e+01,9.6655600000e-02,6.6513000000e-09
ell0996,1.0723900000e+03,4.2333200000e+01,9.6630600000e-02,6.6402800000e-09
ell0997,1.0697000000e+03,4.2298000000e+01,9.6606600000e-02,6.6292900000e-09
ell0998,1.0671400000e+03,4.2255900000e+01,9.6583600000e-02,6.6183300000e-09
ell0999,1.0647300000e+03,4.2208400000e+01,9.6561500000e-02,6.6074000000e-09
ell1000,1.0624500000e+03,4.2155400000e+01,9.6540400000e-02,6.5964900000e-09
ell1001,1.0603200000e+03,4.2096200000e+01,9.6520300000e-02,6.5856100000e-09
ell1002,1.0582500000e+03,4.2030900000e+01,9.6501100000e-02,6.5747500000e-09
ell1003,1.0563900000e+03,4.1960900000e+01,9.6483000000e-02,6.5639200000e-09
ell1004,1.0546700000e+03,4.1884700000e+01,9.6465800000e-02,6.5531100000e-09
ell1005,1.0531600000e+03,4.1803100000e+01,9.6449700000e-02,6.5423400000e-09
ell1006,1.0517200000e+03,4.1715300000e+01,9.6434500000e-02,6.5315800000e-09
ell1007,1.0503400000e+03,4.1622100000e+01,9.6420400000e-02,6.5208600000e-09
ell1008,1.0488800000e+03,4.1523500000e+01,9.6407300000e-02,6.5101600000e-09
ell1009,1.0477800000e+03,4.1419500000e+01,9.6395200000e-02,6.4994800000e-09
ell1010,1.0468100000e+03,4.1310700000e+01,9.6384100000e-02,6.4888300000e-09
ell1011,1.0459200000e+03,4.1197300000e+01,9.6374000000e-02,6.4782100000e-09
ell1012,1.0451600000e+03,4.1077700000e+01,9.6364900000e-02,6.4676100000e-09
ell1013,1.0445400000e+03,4.0954200000e+01,9.6356900000e-02,6.4570300000e-09
ell1014,1.0440700000e+03,4.0824500000e+01,9.6349900000e-02,6.4464900000e-09
ell1015,1.0435800000e+03,4.0690900000e+01,9.6343900000e-02,6.4359600000e-09
ell1016,1.0433000000e+03,4.0551100000e+01,9.6338900000e-02,6.4254700000e-09
ell1017,1.0431700000e+03,4.0407300000e+01,9.6334900000e-02,6.4150000000e-09
ell1018,1.0431000000e+03,4.0257400000e+01,9.6332000000e-02,6.4045500000e-09
ell1019,1.0431000000e+03,4.0104200000e+01,9.6330000000e-02,6.3941300000e-09
ell1020,1.0433100000e+03,3.9944200000e+01,9.6329100000e-02,6.3837300000e-09
ell1021,1.0435800000e+03,3.9780100000e+01,9.6329200000e-02,6.3733600000e-09
ell1022,1.0439300000e+03,3.9612100000e+01,9.6330200000e-02,6.3630100000e-09
ell1023,1.0444100000e+03,3.9438700000e+01,9.6332300000e-02,6.3526900000e-09
ell1024,1.0449600000e+03,3.9260600000e+01,9.6335400000e-02,6.3423900000e-09
ell1025,1.0455700000e+03,3.9079200000e+01,9.6339400000e-02,6.3321200000e-09
ell1026,1.0465500000e+03,3.8892300000e+01,9.6344500000e-02,6.3218700000e-09
ell1027,1.0473700000e+03,3.8703000000e+01,9.6350500000e-02,6.3116400000e-09
ell1028,1.0482600000e+03,3.8508900000e+01,9.6357500000e-02,6.3014400000e-09
ell1029,1.0492900000e+03,3.8310100000e+01,9.6365500000e-02,6.2912700000e-09
ell1030,1.0503800000e+03,3.8108100000e+01,9.6374400000e-02,6.2811200000e-09
ell1031,1.0514000000e+03,3.7902000000e+01,9.6384300000e-02,6.2709900000e-09
ell1032,1.0527000000e+03,3.7690500000e+01,9.6395100000e-02,6.2608900000e-09
ell1033,1.0540000000e+03,3.7476400000e+01,9.6406900000e-02,6.2508100000e-09
ell1034,1.0555100000e+03,3.7259800000e+01,9.6419600000e-02,6.2407500000e-09
ell1035,1.0570200000e+03,3.7038400000e+01,9.6433200000e-02,6.2307200000e-09
ell1036,1.0585900000e+03,3.6813000000e+01,9.6447700000e-02,6.2207100000e-09
ell1037,1.0602300000e+03,3.6585000000e+01,9.6463200000e-02,6.2107300000e-09
ell1038,1.0620200000e+03,3.6354400000e+01,9.6479500000e-02,6.2007700000e-09
ell1039,1.0638700000e+03,3.6119800000e+01,9.6496600000e-02,6.1908300000e-09
ell1040,1.0656400000e+03,3.5881900000e+01,9.6514700000e-02,6.1809200000e-09
ell1041,1.0676300000e+03,3.5642100000e+01,9.6533600000e-02,6.1710300000e-09
ell1042,1.0696200000e+03,3.5398300000e+01,9.6553300000e-02,6.1611700000e-09
ell1043,1.0716700000e+03,3.5151800000e+01,9.6573900000e-02,6.1513300000e-09
ell1044,1.0738700000e+03,3.4902000000e+01,9.6595300000e-02,6.1415100000e-09
ell1045,1.0759900000e+03,3.4651800000e+01,9.6617400000e-02,6.1317100000e-09
ell1046,1.0782500000e+03,3.4397500000e+01,9.6640400000e-02,6.1219400000e-09
ell1047,1.0805800000e+03,3.4140600000e+01,9.6664100000e-02,6.1121900000e-09
ell1048,1.0828300000e+03,3.3881700000e+01,9.6688600000e-02,6.1024600000e-09
ell1049,1.0852300000e+03,3.3620900000e+01,9.6713800000e-02,6.0927600000e-09
ell1050,1.0876300000e+03,3.3357500000e+01,9.6739700000e-02,6.0830800000e-09
ell1051,1.0900900000e+03,3.3092100000e+01,9.6766300000e-02,6.0734200000e-09
ell1052,1.0926300000e+03,3.2824700000e+01,9.6793700000e-02,6.0637900000e-09
ell1053,1.0950900000e+03,3.2555500000e+01,9.6821600000e-02,6.0541700000e-09
ell1054,1.0976200000e+03,3.2285000000e+01,9.6850300000e-02,6.0445800000e-09
ell1055,1.1001400000e+03,3.2013200000e+01,9.6879500000e-02,6.0350200000e-09
ell1056,1.1027400000e+03,3.1739500000e+01,9.6909400000e-02,6.0254700000e-09
ell1057,1.1054100000e+03,3.1464500000e+01,9.6939900000e-02,6.0159500000e-09
ell1058,1.1082300000e+03,3.1189000000e+01,9.6970900000e-02,6.0064500000e-09
ell1059,1.1109700000e+03,3.0911500000e+01,9.7002500000e-02,5.9969700000e-09
ell1060,1.1137100000e+03,3.0632800000e+01,9.7034600000e-02,5.9875200000e-09
ell1061,1.1164500000e+03,3.0354200000e+01,9.7067200000e-02,5.9780900000e-09
ell1062,1.1192600000e+03,3.0074300000e+01,9.7100300000e-02,5.9686700000e-09
ell1063,1.1219200000e+03,2.9793900000e+01,9.7133900000e-02,5.9592900000e-09
ell1064,1.1247300000e+03,2.9512800000e+01,9.7167900000e-02,5.9499200000e-09
ell1065,1.1275400000e+03,2.9230500000e+01,9.7202300000e-02,5.9405800000e-09
ell1066,1.1302700000e+03,2.8948300000e+01,9.7237200000e-02,5.9312500000e-09
ell1067,1.1331600000e+03,2.8666200000e+01,9.7272400000e-02,5.9219500000e-09
ell1068,1.1359600000e+03,2.8383500000e+01,9.7308000000e-02,5.9126700000e-09
ell1069,1.1387700000e+03,2.8101700000e+01,9.7343900000e-02,5.9034200000e-09
ell1070,1.1416500000e+03,2.7818400000e+01,9.7380100000e-02,5.8941800000e-09
ell1071,1.1443900000e+03,2.7536800000e+01,9.7416600000e-02,5.8849700000e-09
ell1072,1.1472000000e+03,2.7254500000e+01,9.7453400000e-02,5.8757800000e-09
ell1073,1.1500800000e+03,2.6973000000e+01,9.7490400000e-02,5.8666100000e-09
ell1074,1.1528200000e+03,2.6692300000e+01,9.7527600000e-02,5.8574600000e-09
ell1075,1.1556400000e+03,2.6410800000e+01,9.7565000000e-02,5.8483300000e-09
ell1076,1.1583800000e+03,2.6130900000e+01,9.7602600000e-02,5.8392200000e-09
ell1077,1.1611900000e+03,2.5851800000e+01,9.7640400000e-02,5.8301400000e-09
ell1078,1.1638600000e+03,2.5574200000e+01,9.7678300000e-02,5.8210700000e-09
ell1079,1.1665400000e+03,2.5296600000e+01,9.7716200000e-02,5.8120300000e-09
ell1080,1.1692900000e+03,2.5019600000e+01,9.7754300000e-02,5.8030100000e-09
ell1081,1.1718900000e+03,2.4745700000e+01,9.7792400000e-02,5.7940100000e-09
ell1082,1.1745000000e+03,2.4472400000e+01,9.7830600000e-02,5.7850300000e-09
ell1083,1.1771100000e+03,2.4199900000e+01,9.7868700000e-02,5.7760700000e-09
ell1084,1.1797200000e+03,2.3929500000e+01,9.7906900000e-02,5.7671400000e-09
ell1085,1.1822600000e+03,2.3660500000e+01,9.7945000000e-02,5.7582200000e-09
ell1086,1.1848100000e+03,2.3393700000e+01,9.7983000000e-02,5.7493200000e-09
ell1087,1.1872900000e+03,2.3129000000e+01,9.8021000000e-02,5.7404500000e-09
ell1088,1.1896900000e+03,2.2864200000e+01,9.8058800000e-02,5.7315900000e-09
ell1089,1.1921000000e+03,2.2603000000e+01,9.8096600000e-02,5.7227600000e-09
ell1090,1.1944400000e+03,2.2343900000e+01,9.8134100000e-02,5.7139500000e-09
ell1091,1.1967900000e+03,2.2086100000e+01,9.8171500000e-02,5.7051600000e-09
ell1092,1.1991400000e+03,2.1830400000e+01,9.8208800000e-02,5.6963800000e-09
ell1093,1.2013400000e+03,2.1578300000e+01,9.8245700000e-02,5.6876300000e-09
ell1094,1.2034000000e+03,2.1327500000e+01,9.8282500000e-02,5.6789000000e-09
ell1095,1.2056200000e+03,2.1081000000e+01,9.8319000000e-02,5.6701900000e-09
ell1096,1.2076900000e+03,2.0835000000e+01,9.8355200000e-02,5.6615000000e-09
ell1097,1.2097000000e+03,2.0592500000e+01,9.8391100000e-02,5.6528300000e-09
ell1098,1.2117000000e+03,2.0353500000e+01,9.8426700000e-02,5.6441800000e-09
ell1099,1.2136500000e+03,2.0117300000e+01,9.8461900000e-02,5.6355500000e-09
ell1100,1.2155200000e+03,1.9884500000e+01,9.8496800000e-02,5.6269400000e-09
ell1101,1.2173200000e+03,1.9653700000e+01,9.8531300000e-02,5.6183500000e-09
ell1102,1.2192100000e+03,1.9426400000e+01,9.8565400000e-02,5.6097700000e-09
ell1103,1.2208800000e+03,1.9202500000e+01,9.8599000000e-02,5.6012200000e-09
ell1104,1.2225500000e+03,1.8982800000e+01,9.8632200000e-02,5.5926900000e-09
ell1105,1.2240900000e+03,1.8765800000e+01,9.8664900000e-02,5.5841800000e-09
ell1106,1.2256300000e+03,1.8551400000e+01,9.8697100000e-02,5.5756900000e-09
ell1107,1.2271000000e+03,1.8341200000e+01,9.8728800000e-02,5.5672200000e-09
ell1108,1.2285100000e+03,1.8133700000e+01,9.8760000000e-02,5.5587600000e-09
ell1109,1.2297700000e+03,1.7928000000e+01,9.8790600000e-02,5.5503300000e-09
ell1110,1.2310500000e+03,1.7728600000e+01,9.8820700000e-02,5.5419200000e-09
ell1111,1.2321800000e+03,1.7532700000e+01,9.8850200000e-02,5.5335200000e-09
ell1112,1.2333900000e+03,1.7340000000e+01,9.8879000000e-02,5.5251500000e-09
ell1113,1.2343900000e+03,1.7152200000e+01,9.8907200000e-02,5.5167900000e-09
ell1114,1.2353300000e+03,1.6967000000e+01,9.8934800000e-02,5.5084600000e-09
ell1115,1.2362700000e+03,1.6786500000e+01,9.8961700000e-02,5.5001400000e-09
ell1116,1.2371400000e+03,1.6610200000e+01,9.8987900000e-02,5.4918400000e-09
ell1117,1.2378800000e+03,1.6437800000e+01,9.9013500000e-02,5.4835600000e-09
ell1118,1.2385500000e+03,1.6270300000e+01,9.9038300000e-02,5.4753000000e-09
ell1119,1.2392300000e+03,1.6106000000e+01,9.9062300000e-02,5.4670600000e-09
ell1120,1.2397700000e+03,1.5946400000e+01,9.9085600000e-02,5.4588400000e-09
ell1121,1.2402400000e+03,1.5790900000e+01,9.9108100000e-02,5.4506400000e-09
ell1122,1.2406500000e+03,1.5639400000e+01,9.9129900000e-02,5.4424500000e-09
ell1123,1.2409200000e+03,1.5493300000e+01,9.9150800000e-02,5.4342900000e-09
ell1124,1.2412000000e+03,1.5350500000e+01,9.9170900000e-02,5.4261400000e-09
ell1125,1.2413400000e+03,1.5212400000e+01,9.9190100000e-02,5.4180100000e-09
ell1126,1.2414200000e+03,1.5079100000e+01,9.9208500000e-02,5.4099000000e-09
ell1127,1.2414300000e+03,1.4949600000e+01,9.9226100000e-02,5.4018100000e-09
ell1128,1.2413700000e+03,1.4825600000e+01,9.9242700000e-02,5.3937400000e-09
ell1129,1.2412500000e+03,1.4706300000e+01,9.9258400000e-02,5.3856800000e-09
ell1130,1.2409200000e+03,1.4591000000e+01,9.9273200000e-02,5.3776500000e-09
ell1131,1.2406700000e+03,1.4480300000e+01,9.9287100000e-02,5.3696300000e-09
ell1132,1.2402900000e+03,1.4374300000e+01,9.9300000000e-02,5.3616300000e-09
ell1133,1.2397600000e+03,1.4273700000e+01,9.9312000000e-02,5.3536500000e-09
ell1134,1.2392500000e+03,1.4177000000e+01,9.9323000000e-02,5.3456900000e-09
ell1135,1.2385900000e+03,1.4085000000e+01,9.9332900000e-02,5.3377400000e-09
ell1136,1.2378800000e+03,1.3998300000e+01,9.9341900000e-02,5.3298200000e-09
ell1137,1.2370900000e+03,1.3915600000e+01,9.9349900000e-02,5.3219100000e-09
ell1138,1.2362500000e+03,1.3839000000e+01,9.9356800000e-02,5.3140200000e-09
ell1139,1.2353400000e+03,1.3765500000e+01,9.9362700000e-02,5.3061500000e-09
ell1140,1.2342900000e+03,1.3698200000e+01,9.9367600000e-02,5.2982900000e-09
ell1141,1.2331700000e+03,1.3634000000e+01,9.9371400000e-02,5.2904600000e-09
ell1142,1.2320000000e+03,1.3575900000e+01,9.9374100000e-02,5.2826400000e-09
ell1143,1.2307600000e+03,1.3521700000e+01,9.9375800000e-02,5.2748400000e-09
ell1144,1.2293000000e+03,1.3472100000e+01,9.9376300000e-02,5.2670500000e-09
ell1145,1.2279300000e+03,1.3428600000e+01,9.9375800000e-02,5.2592900000e-09
ell1146,1.2264200000e+03,1.3389000000e+01,9.9374100000e-02,5.2515400000e-09
ell1147,1.2248500000e+03,1.3354800000e+01,9.9371400000e-02,5.2438100000e-09
ell1148,1.2231400000e+03,1.3324400000e+01,9.9367500000e-02,5.2360900000e-09
ell1149,1.2214400000e+03,1.3299400000e+01,9.9362500000e-02,5.2284000000e-09
ell1150,1.2196000000e+03,1.3279000000e+01,9.9356300000e-02,5.2207200000e-09
ell1151,1.2177600000e+03,1.3263200000e+01,9.9349000000e-02,5.2130600000e-09
ell1152,1.2157200000e+03,1.3252100000e+01,9.9340600000e-02,5.2054100000e-09
ell1153,1.2137600000e+03,1.3246200000e+01,9.9331000000e-02,5.1977900000e-09
ell1154,1.2116600000e+03,1.3245000000e+01,9.9320300000e-02,5.1901800000e-09
ell1155,1.2095000000e+03,1.3248400000e+01,9.9308400000e-02,5.1825800000e-09
ell1156,1.2072000000e+03,1.3255700000e+01,9.9295300000e-02,5.1750100000e-09
ell1157,1.2048300000e+03,1.3267500000e+01,9.9281100000e-02,5.1674500000e-09
ell1158,1.2024700000e+03,1.3284700000e+01,9.9265700000e-02,5.1599100000e-09
ell1159,1.2000500000e+03,1.3305800000e+01,9.9249100000e-02,5.1523800000e-09
ell1160,1.1974200000e+03,1.3332200000e+01,9.9231400000e-02,5.1448700000e-09
ell1161,1.1948700000e+03,1.3362400000e+01,9.9212500000e-02,5.1373800000e-09
ell1162,1.1921800000e+03,1.3397300000e+01,9.9192500000e-02,5.1299100000e-09
ell1163,1.1894200000e+03,1.3436700000e+01,9.9171200000e-02,5.1224500000e-09
ell1164,1.1866700000e+03,1.3480800000e+01,9.9148800000e-02,5.1150100000e-09
ell1165,1.1837900000e+03,1.3528700000e+01,9.9125300000e-02,5.1075900000e-09
ell1166,1.1807600000e+03,1.3581300000e+01,9.9100500000e-02,5.1001800000e-09
ell1167,1.1778200000e+03,1.3637700000e+01,9.9074600000e-02,5.0927900000e-09
ell1168,1.1747400000e+03,1.3698700000e+01,9.9047600000e-02,5.0854100000e-09
ell1169,1.1716700000e+03,1.3763600000e+01,9.9019300000e-02,5.0780600000e-09
ell1170,1.1685300000e+03,1.3832300000e+01,9.8990000000e-02,5.0707100000e-09
ell1171,1.1652500000e+03,1.3905700000e+01,9.8959500000e-02,5.0633900000e-09
ell1172,1.1619800000e+03,1.3982900000e+01,9.8927800000e-02,5.0560800000e-09
ell1173,1.1586400000e+03,1.4064100000e+01,9.8895000000e-02,5.0487900000e-09
ell1174,1.1552400000e+03,1.4148400000e+01,9.8861100000e-02,5.0415100000e-09
ell1175,1.1517700000e+03,1.4236600000e+01,9.8826000000e-02,5.0342500000e-09
ell1176,1.1481600000e+03,1.4328600000e+01,9.8789800000e-02,5.0270000000e-09
ell1177,1.1446400000e+03,1.4425400000e+01,9.8752500000e-02,5.0197800000e-09
ell1178,1.1409700000e+03,1.4524500000e+01,9.8714100000e-02,5.0125600000e-09
ell1179,1.1373800000e+03,1.4629100000e+01,9.8674500000e-02,5.0053700000e-09
ell1180,1.1336500000e+03,1.4736800000e+01,9.8633900000e-02,4.9981900000e-09
ell1181,1.1299300000e+03,1.4847000000e+01,9.8592200000e-02,4.9910200000e-09
ell1182,1.1260700000e+03,1.4961100000e+01,9.8549400000e-02,4.9838700000e-09
ell1183,1.1222200000e+03,1.5078400000e+01,9.8505600000e-02,4.9767400000e-09
ell1184,1.1182900000e+03,1.5198100000e+01,9.8460600000e-02,4.9696200000e-09
ell1185,1.1143800000e+03,1.5322600000e+01,9.8414700000e-02,4.9625200000e-09
ell1186,1.1103900000e+03,1.5449500000e+01,9.8367600000e-02,4.9554400000e-09
ell1187,1.1064200000e+03,1.5579700000e+01,9.8319600000e-02,4.9483700000e-09
ell1188,1.1023700000e+03,1.5712300000e+01,9.8270500000e-02,4.9413100000e-09
ell1189,1.0982600000e+03,1.5848200000e+01,9.8220400000e-02,4.9342700000e-09
ell1190,1.0941500000e+03,1.5986600000e+01,9.8169300000e-02,4.9272500000e-09
ell1191,1.0899700000e+03,1.6128300000e+01,9.8117200000e-02,4.9202400000e-09
ell1192,1.0858000000e+03,1.6272400000e+01,9.8064100000e-02,4.9132500000e-09
ell1193,1.0815600000e+03,1.6419200000e+01,9.8010000000e-02,4.9062700000e-09
ell1194,1.0773200000e+03,1.6568400000e+01,9.7955000000e-02,4.8993100000e-09
ell1195,1.0730900000e+03,1.6720200000e+01,9.7899000000e-02,4.8923600000e-09
ell1196,1.0687100000e+03,1.6875300000e+01,9.7842100000e-02,4.8854300000e-09
ell1197,1.0644100000e+03,1.7031600000e+01,9.7784300000e-02,4.8785100000e-09
ell1198,1.0600500000e+03,1.7190300000e+01,9.7725600000e-02,4.8716100000e-09
ell1199,1.0556800000e+03,1.7351000000e+01,9.7665900000e-02,4.8647300000e-09
ell1200,1.0512500000e+03,1.7514200000e+01,9.7605400000e-02,4.8578600000e-09
ell1201,1.0468900000e+03,1.7678600000e+01,9.7544000000e-02,4.8510000000e-09
ell1202,1.0423900000e+03,1.7846300000e+01,9.7481700000e-02,4.8441600000e-09
ell1203,1.0379700000e+03,1.8015200000e+01,9.7418600000e-02,4.8373300000e-09
ell1204,1.0334700000e+03,1.8186000000e+01,9.7354700000e-02,4.8305200000e-09
ell1205,1.0289800000e+03,1.8357300000e+01,9.7289900000e-02,4.8237200000e-09
ell1206,1.0244900000e+03,1.8531100000e+01,9.7224400000e-02,4.8169400000e-09
ell1207,1.0200800000e+03,1.8706200000e+01,9.7158100000e-02,4.8101700000e-09
ell1208,1.0155900000e+03,1.8883200000e+01,9.7090900000e-02,4.8034200000e-09
ell1209,1.0110300000e+03,1.9060700000e+01,9.7023100000e-02,4.7966800000e-09
ell1210,1.0065500000e+03,1.9239500000e+01,9.6954500000e-02,4.7899600000e-09
ell1211,1.0020000000e+03,1.9420100000e+01,9.6885100000e-02,4.7832500000e-09
ell1212,9.9751800000e+02,1.9601300000e+01,9.6815100000e-02,4.7765500000e-09
ell1213,9.9296700000e+02,1.9783100000e+01,9.6744400000e-02,4.7698700000e-09
ell1214,9.8849000000e+02,1.9966800000e+01,9.6673000000e-02,4.7632100000e-09
ell1215,9.8401500000e+02,2.0150300000e+01,9.6600900000e-02,4.7565500000e-09
ell1216,9.7954100000e+02,2.0335100000e+01,9.6528200000e-02,4.7499200000e-09
ell1217,9.7491800000e+02,2.0520500000e+01,9.6454800000e-02,4.7432900000e-09
ell1218,9.7044400000e+02,2.0707200000e+01,9.6380900000e-02,4.7366800000e-09
ell1219,9.6589600000e+02,2.0893000000e+01,9.6306400000e-02,4.7300900000e-09
ell1220,9.6142200000e+02,2.1079300000e+01,9.6231300000e-02,4.7235100000e-09
ell1221,9.5694800000e+02,2.1265600000e+01,9.6155600000e-02,4.7169400000e-09
ell1222,9.5247300000e+02,2.1453200000e+01,9.6079400000e-02,4.7103900000e-09
ell1223,9.4799800000e+02,2.1640700000e+01,9.6002700000e-02,4.7038500000e-09
ell1224,9.4352100000e+02,2.1826600000e+01,9.5925500000e-02,4.6973300000e-09
ell1225,9.3911800000e+02,2.2014000000e+01,9.5847900000e-02,4.6908200000e-09
ell1226,9.3471300000e+02,2.2200500000e+01,9.5769700000e-02,4.6843200000e-09
ell1227,9.3038100000e+02,2.2387000000e+01,9.5691200000e-02,4.6778400000e-09
ell1228,9.2597300000e+02,2.2573400000e+01,9.5612200000e-02,4.6713700000e-09
ell1229,9.2163800000e+02,2.2759000000e+01,9.5532800000e-02,4.6649200000e-09
ell1230,9.1715200000e+02,2.2943900000e+01,9.5453000000e-02,4.6584700000e-09
ell1231,9.1281200000e+02,2.3128800000e+01,9.5372800000e-02,4.6520500000e-09
ell1232,9.0846900000e+02,2.3312100000e+01,9.5292300000e-02,4.6456300000e-09
ell1233,9.0427200000e+02,2.3496300000e+01,9.5211500000e-02,4.6392300000e-09
ell1234,8.9999800000e+02,2.3678200000e+01,9.5130400000e-02,4.6328500000e-09
ell1235,8.9601800000e+02,2.3860200000e+01,9.5049000000e-02,4.6264700000e-09
ell1236,8.9188700000e+02,2.4040100000e+01,9.4967400000e-02,4.6201100000e-09
ell1237,8.8775100000e+02,2.4219200000e+01,9.4885500000e-02,4.6137700000e-09
ell1238,8.8368700000e+02,2.4397700000e+01,9.4803300000e-02,4.6074400000e-09
ell1239,8.7961800000e+02,2.4574100000e+01,9.4721000000e-02,4.6011200000e-09
ell1240,8.7554600000e+02,2.4749800000e+01,9.4638500000e-02,4.5948100000e-09
ell1241,8.7161700000e+02,2.4923400000e+01,9.4555800000e-02,4.5885200000e-09
ell1242,8.6761000000e+02,2.5097100000e+01,9.4473000000e-02,4.5822400000e-09
ell1243,8.6367300000e+02,2.5267300000e+01,9.4390000000e-02,4.5759700000e-09
ell1244,8.5980500000e+02,2.5437600000e+01,9.4307000000e-02,4.5697200000e-09
ell1245,8.5600700000e+02,2.5605900000e+01,9.4223800000e-02,4.5634800000e-09
ell1246,8.5220400000e+02,2.5771400000e+01,9.4140600000e-02,4.5572500000e-09
ell1247,8.4839500000e+02,2.5935600000e+01,9.4057400000e-02,4.5510400000e-09
ell1248,8.4465500000e+02,2.6097700000e+01,9.3974100000e-02,4.5448300000e-09
ell1249,8.4098400000e+02,2.6259400000e+01,9.3890800000e-02,4.5386500000e-09
ell1250,8.3738200000e+02,2.6417500000e+01,9.3807600000e-02,4.5324700000e-09
ell1251,8.3377300000e+02,2.6572900000e+01,9.3724300000e-02,4.5263100000e-09
ell1252,8.3030700000e+02,2.6727900000e+01,9.3641100000e-02,4.5201600000e-09
ell1253,8.2676100000e+02,2.6879400000e+01,9.3558000000e-02,4.5140200000e-09
ell1254,8.2328300000e+02,2.7028200000e+01,9.3474900000e-02,4.5079000000e-09
ell1255,8.1987200000e+02,2.7175700000e+01,9.3392000000e-02,4.5017900000e-09
ell1256,8.1660300000e+02,2.7319900000e+01,9.3309200000e-02,4.4956900000e-09
ell1257,8.1332700000e+02,2.7462200000e+01,9.3226500000e-02,4.4896000000e-09
ell1258,8.1004500000e+02,2.7601100000e+01,9.3143900000e-02,4.4835300000e-09
ell1259,8.0682900000e+02,2.7738100000e+01,9.3061600000e-02,4.4774700000e-09
ell1260,8.0368000000e+02,2.7871700000e+01,9.2979400000e-02,4.4714200000e-09
ell1261,8.0059800000e+02,2.8003400000e+01,9.2897500000e-02,4.4653800000e-09
ell1262,7.9758300000e+02,2.8132600000e+01,9.2815700000e-02,4.4593600000e-09
ell1263,7.9463400000e+02,2.8258400000e+01,9.2734200000e-02,4.4533500000e-09
ell1264,7.9167800000e+02,2.8381700000e+01,9.2653000000e-02,4.4473500000e-09
ell1265,7.8886200000e+02,2.8501600000e+01,9.2572000000e-02,4.4413600000e-09
ell1266,7.8603800000e+02,2.8619000000e+01,9.2491300000e-02,4.4353900000e-09
ell1267,7.8328000000e+02,2.8732300000e+01,9.2410900000e-02,4.4294300000e-09
ell1268,7.8059600000e+02,2.8844600000e+01,9.2330800000e-02,4.4234800000e-09
ell1269,7.7798500000e+02,2.8951400000e+01,9.2251100000e-02,4.4175400000e-09
ell1270,7.7541000000e+02,2.9055600000e+01,9.2171700000e-02,4.4116200000e-09
ell1271,7.7290800000e+02,2.9157400000e+01,9.2092700000e-02,4.4057000000e-09
ell1272,7.7044900000e+02,2.9255900000e+01,9.2014000000e-02,4.3998000000e-09
ell1273,7.6803300000e+02,2.9350400000e+01,9.1935700000e-02,4.3939100000e-09
ell1274,7.6569100000e+02,2.9441000000e+01,9.1857900000e-02,4.3880400000e-09
ell1275,7.6340600000e+02,2.9529100000e+01,9.1780400000e-02,4.3821700000e-09
ell1276,7.6117200000e+02,2.9614000000e+01,9.1703400000e-02,4.3763200000e-09
ell1277,7.5900300000e+02,2.9695600000e+01,9.1626800000e-02,4.3704800000e-09
ell1278,7.5689200000e+02,2.9773400000e+01,9.1550600000e-02,4.3646500000e-09
ell1279,7.5484500000e+02,2.9847200000e+01,9.1475000000e-02,4.3588300000e-09
ell1280,7.5286400000e+02,2.9918500000e+01,9.1399800000e-02,4.3530300000e-09
ell1281,7.5094100000e+02,2.9986000000e+01,9.1325000000e-02,4.3472300000e-09
ell1282,7.4908200000e+02,3.0049500000e+01,9.1250800000e-02,4.3414500000e-09
ell1283,7.4728100000e+02,3.0109900000e+01,9.1177100000e-02,4.3356800000e-09
ell1284,7.4554500000e+02,3.0166400000e+01,9.1104000000e-02,4.3299200000e-09
ell1285,7.4385900000e+02,3.0219700000e+01,9.1031300000e-02,4.3241800000e-09
ell1286,7.4223800000e+02,3.0268400000e+01,9.0959200000e-02,4.3184400000e-09
ell1287,7.4068100000e+02,3.0314000000e+01,9.0887700000e-02,4.3127200000e-09
ell1288,7.3919000000e+02,3.0355600000e+01,9.0816700000e-02,4.3070100000e-09
ell1289,7.3775500000e+02,3.0394200000e+01,9.0746200000e-02,4.3013100000e-09
ell1290,7.3637800000e+02,3.0428100000e+01,9.0676400000e-02,4.2956200000e-09
ell1291,7.3506600000e+02,3.0458900000e+01,9.0607200000e-02,4.2899400000e-09
ell1292,7.3381200000e+02,3.0484400000e+01,9.0538500000e-02,4.2842700000e-09
ell1293,7.3261400000e+02,3.0508200000e+01,9.0470500000e-02,4.2786200000e-09
ell1294,7.3148900000e+02,3.0527500000e+01,9.0403100000e-02,4.2729700000e-09
ell1295,7.3041400000e+02,3.0542800000e+01,9.0336300000e-02,4.2673400000e-09
ell1296,7.2939700000e+02,3.0555100000e+01,9.0270100000e-02,4.2617200000e-09
ell1297,7.2844400000e+02,3.0563500000e+01,9.0204600000e-02,4.2561100000e-09
ell1298,7.2754800000e+02,3.0568100000e+01,9.0139700000e-02,4.2505100000e-09
ell1299,7.2670300000e+02,3.0568800000e+01,9.0075500000e-02,4.2449200000e-09
ell1300,7.2593100000e+02,3.0565000000e+01,9.0011900000e-02,4.2393500000e-09
ell1301,7.2521500000e+02,3.0558800000e+01,8.9949000000e-02,4.2337800000e-09
ell1302,7.2455000000e+02,3.0548000000e+01,8.9886700000e-02,4.2282300000e-09
ell1303,7.2394300000e+02,3.0533300000e+01,8.9825200000e-02,4.2226800000e-09
ell1304,7.2339300000e+02,3.0515600000e+01,8.9764300000e-02,4.2171500000e-09
ell1305,7.2290100000e+02,3.0493300000e+01,8.9704100000e-02,4.2116300000e-09
ell1306,7.2245200000e+02,3.0468700000e+01,8.9644600000e-02,4.2061200000e-09
ell1307,7.2207500000e+02,3.0439400000e+01,8.9585800000e-02,4.2006200000e-09
ell1308,7.2174900000e+02,3.0406400000e+01,8.9527700000e-02,4.1951300000e-09
ell1309,7.2146600000e+02,3.0368800000e+01,8.9470300000e-02,4.1896500000e-09
ell1310,7.2124800000e+02,3.0328800000e+01,8.9413600000e-02,4.1841800000e-09
ell1311,7.2107200000e+02,3.0285000000e+01,8.9357600000e-02,4.1787300000e-09
ell1312,7.2097700000e+02,3.0238100000e+01,8.9302400000e-02,4.1732800000e-09
ell1313,7.2091100000e+02,3.0186700000e+01,8.9247800000e-02,4.1678400000e-09
ell1314,7.2090200000e+02,3.0132200000e+01,8.9194000000e-02,4.1624200000e-09
ell1315,7.2093700000e+02,3.0074600000e+01,8.9140800000e-02,4.1570000000e-09
ell1316,7.2102900000e+02,3.0012400000e+01,8.9088400000e-02,4.1516000000e-09
ell1317,7.2117300000e+02,2.9948600000e+01,8.9036700000e-02,4.1462100000e-09
ell1318,7.2135300000e+02,2.9879500000e+01,8.8985700000e-02,4.1408300000e-09
ell1319,7.2158300000e+02,2.9807300000e+01,8.8935500000e-02,4.1354500000e-09
ell1320,7.2185700000e+02,2.9731900000e+01,8.8885900000e-02,4.1300900000e-09
ell1321,7.2217500000e+02,2.9654300000e+01,8.8837100000e-02,4.1247400000e-09
ell1322,7.2254500000e+02,2.9571300000e+01,8.8789000000e-02,4.1194000000e-09
ell1323,7.2295800000e+02,2.9486000000e+01,8.8741600000e-02,4.1140700000e-09
ell1324,7.2341500000e+02,2.9397500000e+01,8.8694900000e-02,4.1087500000e-09
ell1325,7.2390900000e+02,2.9305900000e+01,8.8648900000e-02,4.1034400000e-09
ell1326,7.2445500000e+02,2.9211200000e+01,8.8603600000e-02,4.0981400000e-09
ell1327,7.2502300000e+02,2.9114200000e+01,8.8559100000e-02,4.0928500000e-09
ell1328,7.2565000000e+02,2.9014000000e+01,8.8515200000e-02,4.0875800000e-09
ell1329,7.2630800000e+02,2.8909900000e+01,8.8472000000e-02,4.0823100000e-09
ell1330,7.2700200000e+02,2.8802700000e+01,8.8429500000e-02,4.0770500000e-09
ell1331,7.2774200000e+02,2.8693100000e+01,8.8387700000e-02,4.0718000000e-09
ell1332,7.2850400000e+02,2.8580300000e+01,8.8346600000e-02,4.0665600000e-09
ell1333,7.2931200000e+02,2.8464400000e+01,8.8306200000e-02,4.0613300000e-09
ell1334,7.3015000000e+02,2.8346800000e+01,8.8266400000e-02,4.0561200000e-09
ell1335,7.3101900000e+02,2.8225300000e+01,8.8227300000e-02,4.0509100000e-09
ell1336,7.3192600000e+02,2.8102100000e+01,8.8188800000e-02,4.0457100000e-09
ell1337,7.3286400000e+02,2.7974900000e+01,8.8151000000e-02,4.0405200000e-09
ell1338,7.3382600000e+02,2.7846100000e+01,8.8113900000e-02,4.0353500000e-09
ell1339,7.3482600000e+02,2.7714100000e+01,8.8077300000e-02,4.0301800000e-09
ell1340,7.3585100000e+02,2.7580300000e+01,8.8041400000e-02,4.0250200000e-09
ell1341,7.3690000000e+02,2.7444800000e+01,8.8006200000e-02,4.0198700000e-09
ell1342,7.3797400000e+02,2.7306100000e+01,8.7971500000e-02,4.0147300000e-09
ell1343,7.3908000000e+02,2.7164900000e+01,8.7937500000e-02,4.0096000000e-09
ell1344,7.4021000000e+02,2.7021200000e+01,8.7904000000e-02,4.0044800000e-09
ell1345,7.4135100000e+02,2.6876500000e+01,8.7871100000e-02,3.9993800000e-09
ell1346,7.4252400000e+02,2.6728500000e+01,8.7838800000e-02,3.9942800000e-09
ell1347,7.4372300000e+02,2.6578700000e+01,8.7807100000e-02,3.9891900000e-09
ell1348,7.4493300000e+02,2.6427200000e+01,8.7776000000e-02,3.9841100000e-09
ell1349,7.4617500000e+02,2.6272300000e+01,8.7745300000e-02,3.9790400000e-09
ell1350,7.4742200000e+02,2.6117100000e+01,8.7715300000e-02,3.9739700000e-09
ell1351,7.4869400000e+02,2.5959300000e+01,8.7685700000e-02,3.9689200000e-09
ell1352,7.4997100000e+02,2.5799700000e+01,8.7656700000e-02,3.9638800000e-09
ell1353,7.5127400000e+02,2.5639700000e+01,8.7628200000e-02,3.9588500000e-09
ell1354,7.5258200000e+02,2.5477200000e+01,8.7600200000e-02,3.9538200000e-09
ell1355,7.5391700000e+02,2.5312700000e+01,8.7572600000e-02,3.9488100000e-09
ell1356,7.5526400000e+02,2.5147900000e+01,8.7545600000e-02,3.9438100000e-09
ell1357,7.5661600000e+02,2.4980400000e+01,8.7519000000e-02,3.9388100000e-09
ell1358,7.5796500000e+02,2.4811800000e+01,8.7492800000e-02,3.9338300000e-09
ell1359,7.5932800000e+02,2.4642000000e+01,8.7467100000e-02,3.9288500000e-09
ell1360,7.6068100000e+02,2.4472600000e+01,8.7441800000e-02,3.9238800000e-09
ell1361,7.6206200000e+02,2.4299700000e+01,8.7417000000e-02,3.9189300000e-09
ell1362,7.6342700000e+02,2.4126300000e+01,8.7392500000e-02,3.9139800000e-09
ell1363,7.6480500000e+02,2.3951700000e+01,8.7368500000e-02,3.9090400000e-09
ell1364,7.6616000000e+02,2.3776700000e+01,8.7344800000e-02,3.9041100000e-09
ell1365,7.6760300000e+02,2.3600400000e+01,8.7321500000e-02,3.8991900000e-09
ell1366,7.6897100000e+02,2.3422800000e+01,8.7298500000e-02,3.8942800000e-09
ell1367,7.7033800000e+02,2.3244100000e+01,8.7275900000e-02,3.8893700000e-09
ell1368,7.7178000000e+02,2.3066200000e+01,8.7253600000e-02,3.8844800000e-09
ell1369,7.7314600000e+02,2.2886300000e+01,8.7231600000e-02,3.8796000000e-09
ell1370,7.7451300000e+02,2.2706700000e+01,8.7210000000e-02,3.8747200000e-09
ell1371,7.7588000000e+02,2.2526400000e+01,8.7188600000e-02,3.8698600000e-09
ell1372,7.7724700000e+02,2.2345600000e+01,8.7167500000e-02,3.8650000000e-09
ell1373,7.7861500000e+02,2.2164900000e+01,8.7146700000e-02,3.8601500000e-09
ell1374,7.7998400000e+02,2.1983600000e+01,8.7126100000e-02,3.8553100000e-09
ell1375,7.8135300000e+02,2.1801800000e+01,8.7105800000e-02,3.8504800000e-09
ell1376,7.8272400000e+02,2.1620000000e+01,8.7085600000e-02,3.8456600000e-09
ell1377,7.8409500000e+02,2.1439000000e+01,8.7065700000e-02,3.8408500000e-09
ell1378,7.8546800000e+02,2.1256000000e+01,8.7046000000e-02,3.8360400000e-09
ell1379,7.8676900000e+02,2.1075200000e+01,8.7026500000e-02,3.8312500000e-09
ell1380,7.8807100000e+02,2.0892300000e+01,8.7007200000e-02,3.8264600000e-09
ell1381,7.8937500000e+02,2.0710900000e+01,8.6988000000e-02,3.8216900000e-09
ell1382,7.9053300000e+02,2.0529500000e+01,8.6968900000e-02,3.8169200000e-09
ell1383,7.9184200000e+02,2.0348200000e+01,8.6950000000e-02,3.8121600000e-09
ell1384,7.9300500000e+02,2.0167600000e+01,8.6931200000e-02,3.8074100000e-09
ell1385,7.9417000000e+02,1.9987000000e+01,8.6912500000e-02,3.8026700000e-09
ell1386,7.9533800000e+02,1.9807200000e+01,8.6893900000e-02,3.7979300000e-09
ell1387,7.9643500000e+02,1.9628000000e+01,8.6875300000e-02,3.7932100000e-09
ell1388,7.9768400000e+02,1.9448800000e+01,8.6856900000e-02,3.7884900000e-09
ell1389,7.9878700000e+02,1.9270400000e+01,8.6838400000e-02,3.7837800000e-09
ell1390,7.9982000000e+02,1.9093300000e+01,8.6820000000e-02,3.7790900000e-09
ell1391,8.0093000000e+02,1.8916900000e+01,8.6801600000e-02,3.7744000000e-09
ell1392,8.0197100000e+02,1.8741100000e+01,8.6783200000e-02,3.7697100000e-09
ell1393,8.0301500000e+02,1.8566800000e+01,8.6764800000e-02,3.7650400000e-09
ell1394,8.0398900000e+02,1.8393000000e+01,8.6746400000e-02,3.7603700000e-09
ell1395,8.0496700000e+02,1.8219900000e+01,8.6727900000e-02,3.7557200000e-09
ell1396,8.0595000000e+02,1.8048900000e+01,8.6709400000e-02,3.7510700000e-09
ell1397,8.0686400000e+02,1.7878400000e+01,8.6690800000e-02,3.7464300000e-09
ell1398,8.0770700000e+02,1.7708600000e+01,8.6672200000e-02,3.7418000000e-09
ell1399,8.0855600000e+02,1.7541500000e+01,8.6653400000e-02,3.7371800000e-09
ell1400,8.0941000000e+02,1.7375000000e+01,8.6634500000e-02,3.7325600000e-09
ell1401,8.1019500000e+02,1.7209000000e+01,8.6615500000e-02,3.7279600000e-09
ell1402,8.1098500000e+02,1.7045800000e+01,8.6596400000e-02,3.7233600000e-09
ell1403,8.1170600000e+02,1.6883800000e+01,8.6577100000e-02,3.7187700000e-09
ell1404,8.1235900000e+02,1.6723800000e+01,8.6557600000e-02,3.7141900000e-09
ell1405,8.1309200000e+02,1.6564300000e+01,8.6538000000e-02,3.7096100000e-09
ell1406,8.1368300000e+02,1.6407600000e+01,8.6518200000e-02,3.7050500000e-09
ell1407,8.1420600000e+02,1.6252000000e+01,8.6498100000e-02,3.7004900000e-09
ell1408,8.1488300000e+02,1.6097600000e+01,8.6477900000e-02,3.6959400000e-09
ell1409,8.1534400000e+02,1.5945900000e+01,8.6457400000e-02,3.6914000000e-09
ell1410,8.1588600000e+02,1.5795400000e+01,8.6436600000e-02,3.6868700000e-09
ell1411,8.1636100000e+02,1.5646800000e+01,8.6415600000e-02,3.6823400000e-09
ell1412,8.1676900000e+02,1.5500800000e+01,8.6394400000e-02,3.6778300000e-09
ell1413,8.1703500000e+02,1.5356700000e+01,8.6372800000e-02,3.6733200000e-09
ell1414,8.1738200000e+02,1.5214500000e+01,8.6350900000e-02,3.6688200000e-09
ell1415,8.1766300000e+02,1.5074100000e+01,8.6328700000e-02,3.6643300000e-09
ell1416,8.1795100000e+02,1.4936400000e+01,8.6306200000e-02,3.6598400000e-09
ell1417,8.1809800000e+02,1.4799700000e+01,8.6283400000e-02,3.6553600000e-09
ell1418,8.1825200000e+02,1.4665600000e+01,8.6260200000e-02,3.6509000000e-09
ell1419,8.1834100000e+02,1.4534000000e+01,8.6236700000e-02,3.6464400000e-09
ell1420,8.1843700000e+02,1.4405000000e+01,8.6212700000e-02,3.6419800000e-09
ell1421,8.1846700000e+02,1.4277800000e+01,8.6188400000e-02,3.6375400000e-09
ell1422,8.1850600000e+02,1.4153200000e+01,8.6163700000e-02,3.6331000000e-09
ell1423,8.1840400000e+02,1.4031000000e+01,8.6138600000e-02,3.6286700000e-09
ell1424,8.1838500000e+02,1.3911400000e+01,8.6113000000e-02,3.6242500000e-09
ell1425,8.1822500000e+02,1.3794300000e+01,8.6087100000e-02,3.6198400000e-09
ell1426,8.1800000000e+02,1.3679600000e+01,8.6060700000e-02,3.6154300000e-09
ell1427,8.1785800000e+02,1.3567500000e+01,8.6033800000e-02,3.6110300000e-09
ell1428,8.1757600000e+02,1.3457100000e+01,8.6006500000e-02,3.6066400000e-09
ell1429,8.1722800000e+02,1.3350600000e+01,8.5978700000e-02,3.6022600000e-09
ell1430,8.1688900000e+02,1.3245900000e+01,8.5950400000e-02,3.5978900000e-09
ell1431,8.1648500000e+02,1.3143600000e+01,8.5921700000e-02,3.5935200000e-09
ell1432,8.1601600000e+02,1.3044600000e+01,8.5892400000e-02,3.5891600000e-09
ell1433,8.1562900000e+02,1.2947900000e+01,8.5862600000e-02,3.5848100000e-09
ell1434,8.1510400000e+02,1.2854500000e+01,8.5832300000e-02,3.5804700000e-09
ell1435,8.1451300000e+02,1.2762700000e+01,8.5801500000e-02,3.5761300000e-09
ell1436,8.1393100000e+02,1.2674100000e+01,8.5770200000e-02,3.5718000000e-09
ell1437,8.1321000000e+02,1.2588600000e+01,8.5738300000e-02,3.5674800000e-09
ell1438,8.1249800000e+02,1.2504800000e+01,8.5705800000e-02,3.5631700000e-09
ell1439,8.1172100000e+02,1.2425000000e+01,8.5672800000e-02,3.5588600000e-09
ell1440,8.1095300000e+02,1.2347500000e+01,8.5639300000e-02,3.5545600000e-09
ell1441,8.1012000000e+02,1.2272400000e+01,8.5605100000e-02,3.5502700000e-09
ell1442,8.0922200000e+02,1.2200400000e+01,8.5570400000e-02,3.5459900000e-09
ell1443,8.0825900000e+02,1.2132300000e+01,8.5535100000e-02,3.5417100000e-09
ell1444,8.0730600000e+02,1.2065900000e+01,8.5499200000e-02,3.5374400000e-09
ell1445,8.0621300000e+02,1.2003300000e+01,8.5462700000e-02,3.5331800000e-09
ell1446,8.0520300000e+02,1.1942400000e+01,8.5425600000e-02,3.5289300000e-09
ell1447,8.0398000000e+02,1.1885300000e+01,8.5387900000e-02,3.5246800000e-09
ell1448,8.0284000000e+02,1.1831300000e+01,8.5349600000e-02,3.5204400000e-09
ell1449,8.0163500000e+02,1.1779000000e+01,8.5310700000e-02,3.5162100000e-09
ell1450,8.0036500000e+02,1.1730500000e+01,8.5271100000e-02,3.5119800000e-09
ell1451,7.9910400000e+02,1.1685100000e+01,8.5231000000e-02,3.5077700000e-09
ell1452,7.9770400000e+02,1.1642000000e+01,8.5190200000e-02,3.5035600000e-09
ell1453,7.9631300000e+02,1.1602100000e+01,8.5148700000e-02,3.4993500000e-09
ell1454,7.9493100000e+02,1.1565300000e+01,8.5106600000e-02,3.4951600000e-09
ell1455,7.9348300000e+02,1.1530800000e+01,8.5063900000e-02,3.4909700000e-09
ell1456,7.9197000000e+02,1.1500200000e+01,8.5020500000e-02,3.4867900000e-09
ell1457,7.9031800000e+02,1.1471100000e+01,8.4976500000e-02,3.4826200000e-09
ell1458,7.8874900000e+02,1.1445900000e+01,8.4931800000e-02,3.4784500000e-09
ell1459,7.8711500000e+02,1.1423000000e+01,8.4886500000e-02,3.4742900000e-09
ell1460,7.8541500000e+02,1.1404000000e+01,8.4840500000e-02,3.4701400000e-09
ell1461,7.8372400000e+02,1.1385800000e+01,8.4793900000e-02,3.4659900000e-09
ell1462,7.8196800000e+02,1.1371500000e+01,8.4746600000e-02,3.4618500000e-09
ell1463,7.8007200000e+02,1.1360200000e+01,8.4698700000e-02,3.4577200000e-09
ell1464,7.7825800000e+02,1.1351300000e+01,8.4650100000e-02,3.4536000000e-09
ell1465,7.7630500000e+02,1.1345400000e+01,8.4600800000e-02,3.4494800000e-09
ell1466,7.7443500000e+02,1.1342700000e+01,8.4550800000e-02,3.4453700000e-09
ell1467,7.7242500000e+02,1.1342300000e+01,8.4500200000e-02,3.4412700000e-09
ell1468,7.7042300000e+02,1.1344900000e+01,8.4449000000e-02,3.4371700000e-09
ell1469,7.6842900000e+02,1.1349900000e+01,8.4397000000e-02,3.4330900000e-09
ell1470,7.6622100000e+02,1.1357300000e+01,8.4344400000e-02,3.4290000000e-09
ell1471,7.6417000000e+02,1.1368500000e+01,8.4291200000e-02,3.4249300000e-09
ell1472,7.6205300000e+02,1.1382100000e+01,8.4237300000e-02,3.4208600000e-09
ell1473,7.5986900000e+02,1.1398000000e+01,8.4182700000e-02,3.4168000000e-09
ell1474,7.5754500000e+02,1.1416300000e+01,8.4127400000e-02,3.4127500000e-09
ell1475,7.5530300000e+02,1.1436900000e+01,8.4071500000e-02,3.4087000000e-09
ell1476,7.5299400000e+02,1.1460600000e+01,8.4015000000e-02,3.4046600000e-09
ell1477,7.5069300000e+02,1.1486700000e+01,8.3957700000e-02,3.4006300000e-09
ell1478,7.4832500000e+02,1.1515200000e+01,8.3899900000e-02,3.3966000000e-09
ell1479,7.4596500000e+02,1.1546800000e+01,8.3841300000e-02,3.3925800000e-09
ell1480,7.4353800000e+02,1.1580800000e+01,8.3782200000e-02,3.3885700000e-09
ell1481,7.4105100000e+02,1.1616400000e+01,8.3722400000e-02,3.3845600000e-09
ell1482,7.3857900000e+02,1.1655200000e+01,8.3661900000e-02,3.3805600000e-09
ell1483,7.3605400000e+02,1.1696400000e+01,8.3600800000e-02,3.3765700000e-09
ell1484,7.3352900000e+02,1.1739200000e+01,8.3539100000e-02,3.3725800000e-09
ell1485,7.3095100000e+02,1.1784400000e+01,8.3476700000e-02,3.3686100000e-09
ell1486,7.2834300000e+02,1.1832800000e+01,8.3413700000e-02,3.3646300000e-09
ell1487,7.2570400000e+02,1.1882200000e+01,8.3350100000e-02,3.3606700000e-09
ell1488,7.2305700000e+02,1.1934700000e+01,8.3285800000e-02,3.3567100000e-09
ell1489,7.2035600000e+02,1.1989600000e+01,8.3221000000e-02,3.3527600000e-09
ell1490,7.1763900000e+02,1.2045500000e+01,8.3155500000e-02,3.3488100000e-09
ell1491,7.1489900000e+02,1.2103900000e+01,8.3089400000e-02,3.3448700000e-09
ell1492,7.1214200000e+02,1.2164700000e+01,8.3022800000e-02,3.3409400000e-09
ell1493,7.0935300000e+02,1.2226500000e+01,8.2955500000e-02,3.3370100000e-09
ell1494,7.0654100000e+02,1.2290700000e+01,8.2887600000e-02,3.3331000000e-09
ell1495,7.0371100000e+02,1.2357500000e+01,8.2819200000e-02,3.3291800000e-09
ell1496,7.0085700000e+02,1.2426000000e+01,8.2750200000e-02,3.3252800000e-09
ell1497,6.9797800000e+02,1.2495500000e+01,8.2680600000e-02,3.3213800000e-09
ell1498,6.9508900000e+02,1.2567500000e+01,8.2610500000e-02,3.3174900000e-09
ell1499,6.9217600000e+02,1.2640600000e+01,8.2539700000e-02,3.3136000000e-09
ell1500,6.8924400000e+02,1.2716200000e+01,8.2468500000e-02,3.3097200000e-09
ell1501,6.8629500000e+02,1.2792800000e+01,8.2396700000e-02,3.3058500000e-09
ell1502,6.8332800000e+02,1.2871300000e+01,8.2324400000e-02,3.3019800000e-09
ell1503,6.8035000000e+02,1.2951600000e+01,8.2251500000e-02,3.2981200000e-09
ell1504,6.7735300000e+02,1.3032900000e+01,8.2178100000e-02,3.2942700000e-09
ell1505,6.7433900000e+02,1.3116100000e+01,8.2104200000e-02,3.2904200000e-09
ell1506,6.7131200000e+02,1.3200400000e+01,8.2029800000e-02,3.2865800000e-09
ell1507,6.6827500000e+02,1.3286500000e+01,8.1954900000e-02,3.2827400000e-09
ell1508,6.6522600000e+02,1.3373800000e+01,8.1879600000e-02,3.2789100000e-09
ell1509,6.6215800000e+02,1.3461400000e+01,8.1803700000e-02,3.2750900000e-09
ell1510,6.5909300000e+02,1.3551700000e+01,8.1727400000e-02,3.2712800000e-09
ell1511,6.5600100000e+02,1.3642300000e+01,8.1650600000e-02,3.2674700000e-09
ell1512,6.5290500000e+02,1.3734200000e+01,8.1573400000e-02,3.2636600000e-09
ell1513,6.4979600000e+02,1.3827200000e+01,8.1495700000e-02,3.2598700000e-09
ell1514,6.4668900000e+02,1.3922100000e+01,8.1417600000e-02,3.2560800000e-09
ell1515,6.4359200000e+02,1.4017500000e+01,8.1339100000e-02,3.2522900000e-09
ell1516,6.4046700000e+02,1.4113300000e+01,8.1260100000e-02,3.2485200000e-09
ell1517,6.3734400000e+02,1.4210300000e+01,8.1180800000e-02,3.2447500000e-09
ell1518,6.3421600000e+02,1.4308600000e+01,8.1101100000e-02,3.2409800000e-09
ell1519,6.3108100000e+02,1.4406600000e+01,8.1020900000e-02,3.2372200000e-09
ell1520,6.2795600000e+02,1.4505900000e+01,8.0940500000e-02,3.2334700000e-09
ell1521,6.2481600000e+02,1.4606400000e+01,8.0859600000e-02,3.2297200000e-09
ell1522,6.2167000000e+02,1.4706700000e+01,8.0778400000e-02,3.2259800000e-09
ell1523,6.1853200000e+02,1.4807600000e+01,8.0696900000e-02,3.2222500000e-09
ell1524,6.1538800000e+02,1.4909700000e+01,8.0615000000e-02,3.2185200000e-09
ell1525,6.1224400000e+02,1.5012500000e+01,8.0532800000e-02,3.2148000000e-09
ell1526,6.0910800000e+02,1.5115000000e+01,8.0450300000e-02,3.2110800000e-09
ell1527,6.0597100000e+02,1.5217400000e+01,8.0367500000e-02,3.2073700000e-09
ell1528,6.0283500000e+02,1.5321100000e+01,8.0284500000e-02,3.2036700000e-09
ell1529,5.9970600000e+02,1.5424700000e+01,8.0201100000e-02,3.1999700000e-09
ell1530,5.9658400000e+02,1.5528200000e+01,8.0117500000e-02,3.1962800000e-09
ell1531,5.9346100000e+02,1.5632300000e+01,8.0033600000e-02,3.1926000000e-09
ell1532,5.9035300000e+02,1.5737100000e+01,7.9949500000e-02,3.1889200000e-09
ell1533,5.8724300000e+02,1.5841000000e+01,7.9865200000e-02,3.1852500000e-09
ell1534,5.8414800000e+02,1.5945600000e+01,7.9780600000e-02,3.1815800000e-09
ell1535,5.8105800000e+02,1.6050200000e+01,7.9695900000e-02,3.1779200000e-09
ell1536,5.7797500000e+02,1.6154000000e+01,7.9610900000e-02,3.1742600000e-09
ell1537,5.7491200000e+02,1.6258500000e+01,7.9525800000e-02,3.1706100000e-09
ell1538,5.7186200000e+02,1.6362900000e+01,7.9440400000e-02,3.1669700000e-09
ell1539,5.6878800000e+02,1.6465900000e+01,7.9354900000e-02,3.1633300000e-09
ell1540,5.6574900000e+02,1.6568800000e+01,7.9269300000e-02,3.1597000000e-09
ell1541,5.6272300000e+02,1.6672600000e+01,7.9183500000e-02,3.1560800000e-09
ell1542,5.5970900000e+02,1.6775600000e+01,7.9097600000e-02,3.1524600000e-09
ell1543,5.5670000000e+02,1.6877100000e+01,7.9011600000e-02,3.1488500000e-09
ell1544,5.5371100000e+02,1.6979500000e+01,7.8925500000e-02,3.1452400000e-09
ell1545,5.5074100000e+02,1.7080400000e+01,7.8839200000e-02,3.1416400000e-09
ell1546,5.4777500000e+02,1.7180700000e+01,7.8752900000e-02,3.1380400000e-09
ell1547,5.4482800000e+02,1.7281100000e+01,7.8666500000e-02,3.1344500000e-09
ell1548,5.4190800000e+02,1.7380800000e+01,7.8580100000e-02,3.1308700000e-09
ell1549,5.3900000000e+02,1.7479100000e+01,7.8493600000e-02,3.1272900000e-09
ell1550,5.3611700000e+02,1.7576900000e+01,7.8407000000e-02,3.1237200000e-09
ell1551,5.3323800000e+02,1.7674000000e+01,7.8320500000e-02,3.1201600000e-09
ell1552,5.3039300000e+02,1.7769800000e+01,7.8233900000e-02,3.1166000000e-09
ell1553,5.2755800000e+02,1.7865700000e+01,7.8147300000e-02,3.1130400000e-09
ell1554,5.2474900000e+02,1.7961100000e+01,7.8060700000e-02,3.1094900000e-09
ell1555,5.2195000000e+02,1.8054400000e+01,7.7974100000e-02,3.1059500000e-09
ell1556,5.1918400000e+02,1.8146500000e+01,7.7887600000e-02,3.1024100000e-09
ell1557,5.1643500000e+02,1.8238000000e+01,7.7801000000e-02,3.0988800000e-09
ell1558,5.1371200000e+02,1.8328900000e+01,7.7714600000e-02,3.0953600000e-09
ell1559,5.1102100000e+02,1.8417200000e+01,7.7628200000e-02,3.0918400000e-09
ell1560,5.0834700000e+02,1.8505700000e+01,7.7541800000e-02,3.0883200000e-09
ell1561,5.0567500000e+02,1.8592200000e+01,7.7455500000e-02,3.0848100000e-09
ell1562,5.0302800000e+02,1.8678200000e+01,7.7369300000e-02,3.0813100000e-09
ell1563,5.0041200000e+02,1.8762300000e+01,7.7283200000e-02,3.0778100000e-09
ell1564,4.9782900000e+02,1.8845900000e+01,7.7197300000e-02,3.0743200000e-09
ell1565,4.9527600000e+02,1.8926900000e+01,7.7111400000e-02,3.0708400000e-09
ell1566,4.9274100000e+02,1.9007400000e+01,7.7025600000e-02,3.0673600000e-09
ell1567,4.9022100000e+02,1.9084500000e+01,7.6940000000e-02,3.0638800000e-09
ell1568,4.8773300000e+02,1.9162700000e+01,7.6854600000e-02,3.0604100000e-09
ell1569,4.8528300000e+02,1.9238300000e+01,7.6769300000e-02,3.0569500000e-09
ell1570,4.8285700000e+02,1.9313500000e+01,7.6684100000e-02,3.0534900000e-09
ell1571,4.8046200000e+02,1.9388300000e+01,7.6599200000e-02,3.0500400000e-09
ell1572,4.7808300000e+02,1.9459000000e+01,7.6514400000e-02,3.0466000000e-09
ell1573,4.7573400000e+02,1.9529300000e+01,7.6429800000e-02,3.0431500000e-09
ell1574,4.7343100000e+02,1.9597100000e+01,7.6345400000e-02,3.0397200000e-09
ell1575,4.7114300000e+02,1.9664500000e+01,7.6261200000e-02,3.0362900000e-09
ell1576,4.6888600000e+02,1.9727900000e+01,7.6177300000e-02,3.0328700000e-09
ell1577,4.6666000000e+02,1.9790900000e+01,7.6093500000e-02,3.0294500000e-09
ell1578,4.6446300000e+02,1.9852100000e+01,7.6010100000e-02,3.0260300000e-09
ell1579,4.6230400000e+02,1.9910800000e+01,7.5926800000e-02,3.0226300000e-09
ell1580,4.6016100000e+02,1.9969200000e+01,7.5843800000e-02,3.0192200000e-09
ell1581,4.5804700000e+02,2.0025100000e+01,7.5761100000e-02,3.0158300000e-09
ell1582,4.5597800000e+02,2.0079200000e+01,7.5678600000e-02,3.0124400000e-09
ell1583,4.5392500000e+02,2.0130000000e+01,7.5596500000e-02,3.0090500000e-09
ell1584,4.5191600000e+02,2.0180600000e+01,7.5514600000e-02,3.0056700000e-09
ell1585,4.4992200000e+02,2.0229400000e+01,7.5433000000e-02,3.0023000000e-09
ell1586,4.4797200000e+02,2.0275000000e+01,7.5351700000e-02,2.9989300000e-09
ell1587,4.4605300000e+02,2.0319600000e+01,7.5270700000e-02,2.9955600000e-09
ell1588,4.4417000000e+02,2.0361700000e+01,7.5190000000e-02,2.9922100000e-09
ell1589,4.4231000000e+02,2.0402100000e+01,7.5109700000e-02,2.9888500000e-09
ell1590,4.4047900000e+02,2.0440000000e+01,7.5029700000e-02,2.9855000000e-09
ell1591,4.3869300000e+02,2.0476200000e+01,7.4950000000e-02,2.9821600000e-09
ell1592,4.3692900000e+02,2.0510800000e+01,7.4870700000e-02,2.9788200000e-09
ell1593,4.3520100000e+02,2.0542800000e+01,7.4791700000e-02,2.9754900000e-09
ell1594,4.3349600000e+02,2.0573200000e+01,7.4713000000e-02,2.9721700000e-09
ell1595,4.3183500000e+02,2.0601800000e+01,7.4634800000e-02,2.9688500000e-09
ell1596,4.3021100000e+02,2.0627300000e+01,7.4556900000e-02,2.9655300000e-09
ell1597,4.2860900000e+02,2.0651100000e+01,7.4479400000e-02,2.9622200000e-09
ell1598,4.2704400000e+02,2.0672500000e+01,7.4402200000e-02,2.9589200000e-09
ell1599,4.2550800000e+02,2.0692200000e+01,7.4325500000e-02,2.9556200000e-09
ell1600,4.2400900000e+02,2.0710300000e+01,7.4249100000e-02,2.9523200000e-09
ell1601,4.2254000000e+02,2.0725900000e+01,7.4173100000e-02,2.9490300000e-09
ell1602,4.2109300000e+02,2.0738300000e+01,7.4097600000e-02,2.9457500000e-09
ell1603,4.1969700000e+02,2.0749100000e+01,7.4022400000e-02,2.9424700000e-09
ell1604,4.1832300000e+02,2.0757500000e+01,7.3947700000e-02,2.9392000000e-09
ell1605,4.1698600000e+02,2.0764300000e+01,7.3873300000e-02,2.9359300000e-09
ell1606,4.1567800000e+02,2.0768600000e+01,7.3799400000e-02,2.9326600000e-09
ell1607,4.1440000000e+02,2.0771300000e+01,7.3725900000e-02,2.9294100000e-09
ell1608,4.1315100000e+02,2.0772300000e+01,7.3652800000e-02,2.9261500000e-09
ell1609,4.1194600000e+02,2.0769500000e+01,7.3580200000e-02,2.9229100000e-09
ell1610,4.1077100000e+02,2.0765000000e+01,7.3508000000e-02,2.9196600000e-09
ell1611,4.0961800000e+02,2.0758900000e+01,7.3436200000e-02,2.9164300000e-09
ell1612,4.0850900000e+02,2.0749700000e+01,7.3364900000e-02,2.9131900000e-09
ell1613,4.0741400000e+02,2.0738800000e+01,7.3294000000e-02,2.9099700000e-09
ell1614,4.0636400000e+02,2.0726300000e+01,7.3223500000e-02,2.9067500000e-09
ell1615,4.0534300000e+02,2.0711400000e+01,7.3153500000e-02,2.9035300000e-09
ell1616,4.0434500000e+02,2.0694100000e+01,7.3084000000e-02,2.9003200000e-09
ell1617,4.0338300000e+02,2.0675200000e+01,7.3014900000e-02,2.8971100000e-09
ell1618,4.0245100000e+02,2.0653900000e+01,7.2946200000e-02,2.8939100000e-09
ell1619,4.0153400000e+02,2.0630200000e+01,7.2878000000e-02,2.8907100000e-09
ell1620,4.0066900000e+02,2.0604900000e+01,7.2810300000e-02,2.8875200000e-09
ell1621,3.9982600000e+02,2.0576500000e+01,7.2743000000e-02,2.8843400000e-09
ell1622,3.9901300000e+02,2.0547200000e+01,7.2676200000e-02,2.8811600000e-09
ell1623,3.9822200000e+02,2.0515500000e+01,7.2609800000e-02,2.8779800000e-09
ell1624,3.9746900000e+02,2.0482100000e+01,7.2543900000e-02,2.8748100000e-09
ell1625,3.9674500000e+02,2.0445600000e+01,7.2478400000e-02,2.8716400000e-09
ell1626,3.9604400000e+02,2.0408200000e+01,7.2413400000e-02,2.8684800000e-09
ell1627,3.9536600000e+02,2.0367700000e+01,7.2348800000e-02,2.8653300000e-09
ell1628,3.9471900000e+02,2.0326300000e+01,7.2284700000e-02,2.8621800000e-09
ell1629,3.9410100000e+02,2.0282500000e+01,7.2221100000e-02,2.8590300000e-09
ell1630,3.9351400000e+02,2.0237000000e+01,7.2157900000e-02,2.8558900000e-09
ell1631,3.9293500000e+02,2.0189100000e+01,7.2095200000e-02,2.8527500000e-09
ell1632,3.9240100000e+02,2.0138800000e+01,7.2032900000e-02,2.8496200000e-09
ell1633,3.9189100000e+02,2.0087600000e+01,7.1971000000e-02,2.8465000000e-09
ell1634,3.9141800000e+02,2.0033900000e+01,7.1909700000e-02,2.8433700000e-09
ell1635,3.9095500000e+02,1.9979300000e+01,7.1848700000e-02,2.8402600000e-09
ell1636,3.9052200000e+02,1.9920800000e+01,7.1788200000e-02,2.8371500000e-09
ell1637,3.9011300000e+02,1.9862100000e+01,7.1728200000e-02,2.8340400000e-09
ell1638,3.8972000000e+02,1.9801800000e+01,7.1668600000e-02,2.8309400000e-09
ell1639,3.8936500000e+02,1.9738900000e+01,7.1609400000e-02,2.8278400000e-09
ell1640,3.8902700000e+02,1.9674400000e+01,7.1550700000e-02,2.8247500000e-09
ell1641,3.8870600000e+02,1.9608200000e+01,7.1492400000e-02,2.8216600000e-09
ell1642,3.8841600000e+02,1.9540200000e+01,7.1434500000e-02,2.8185800000e-09
ell1643,3.8814300000e+02,1.9472000000e+01,7.1377100000e-02,2.8155100000e-09
ell1644,3.8788800000e+02,1.9399800000e+01,7.1320100000e-02,2.8124300000e-09
ell1645,3.8765600000e+02,1.9326700000e+01,7.1263500000e-02,2.8093700000e-09
ell1646,3.8744200000e+02,1.9252500000e+01,7.1207300000e-02,2.8063000000e-09
ell1647,3.8726000000e+02,1.9176600000e+01,7.1151500000e-02,2.8032500000e-09
ell1648,3.8709500000e+02,1.9099000000e+01,7.1096200000e-02,2.8001900000e-09
ell1649,3.8694800000e+02,1.9020300000e+01,7.1041200000e-02,2.7971400000e-09
ell1650,3.8681800000e+02,1.8939100000e+01,7.0986700000e-02,2.7941000000e-09
ell1651,3.8670700000e+02,1.8857600000e+01,7.0932500000e-02,2.7910600000e-09
ell1652,3.8662000000e+02,1.8772800000e+01,7.0878800000e-02,2.7880300000e-09
ell1653,3.8654500000e+02,1.8687700000e+01,7.0825400000e-02,2.7850000000e-09
ell1654,3.8648700000e+02,1.8602300000e+01,7.0772400000e-02,2.7819800000e-09
ell1655,3.8645500000e+02,1.8515100000e+01,7.0719800000e-02,2.7789600000e-09
ell1656,3.8643400000e+02,1.8426100000e+01,7.0667600000e-02,2.7759400000e-09
ell1657,3.8641700000e+02,1.8336000000e+01,7.0615800000e-02,2.7729300000e-09
ell1658,3.8643300000e+02,1.8244000000e+01,7.0564300000e-02,2.7699300000e-09
ell1659,3.8646100000e+02,1.8151000000e+01,7.0513200000e-02,2.7669300000e-09
ell1660,3.8649300000e+02,1.8057600000e+01,7.0462400000e-02,2.7639300000e-09
ell1661,3.8655100000e+02,1.7962300000e+01,7.0412000000e-02,2.7609400000e-09
ell1662,3.8661300000e+02,1.7866600000e+01,7.0361900000e-02,2.7579500000e-09
ell1663,3.8669500000e+02,1.7769800000e+01,7.0312200000e-02,2.7549700000e-09
ell1664,3.8678100000e+02,1.7671100000e+01,7.0262800000e-02,2.7519900000e-09
ell1665,3.8688700000e+02,1.7572000000e+01,7.0213700000e-02,2.7490200000e-09
ell1666,3.8700500000e+02,1.7471800000e+01,7.0165000000e-02,2.7460500000e-09
ell1667,3.8712800000e+02,1.7371100000e+01,7.0116500000e-02,2.7430900000e-09
ell1668,3.8727100000e+02,1.7269200000e+01,7.0068400000e-02,2.7401300000e-09
ell1669,3.8742000000e+02,1.7166900000e+01,7.0020600000e-02,2.7371800000e-09
ell1670,3.8757300000e+02,1.7063400000e+01,6.9973100000e-02,2.7342300000e-09
ell1671,3.8774700000e+02,1.6958600000e+01,6.9925900000e-02,2.7312800000e-09
ell1672,3.8792600000e+02,1.6853400000e+01,6.9878900000e-02,2.7283400000e-09
ell1673,3.8810400000e+02,1.6747000000e+01,6.9832300000e-02,2.7254100000e-09
ell1674,3.8830300000e+02,1.6641500000e+01,6.9785900000e-02,2.7224700000e-09
ell1675,3.8849300000e+02,1.6534000000e+01,6.9739800000e-02,2.7195500000e-09
ell1676,3.8870300000e+02,1.6425300000e+01,6.9693900000e-02,2.7166300000e-09
ell1677,3.8892100000e+02,1.6317600000e+01,6.9648300000e-02,2.7137100000e-09
ell1678,3.8912900000e+02,1.6207800000e+01,6.9603000000e-02,2.7108000000e-09
ell1679,3.8935200000e+02,1.6098900000e+01,6.9557900000e-02,2.7078900000e-09
ell1680,3.8958100000e+02,1.5988700000e+01,6.9513000000e-02,2.7049800000e-09
ell1681,3.8981800000e+02,1.5877300000e+01,6.9468300000e-02,2.7020800000e-09
ell1682,3.9004600000e+02,1.5766700000e+01,6.9423900000e-02,2.6991900000e-09
ell1683,3.9028900000e+02,1.5656200000e+01,6.9379700000e-02,2.6963000000e-09
ell1684,3.9053200000e+02,1.5544500000e+01,6.9335600000e-02,2.6934100000e-09
ell1685,3.9078200000e+02,1.5432800000e+01,6.9291800000e-02,2.6905300000e-09
ell1686,3.9103300000e+02,1.5321300000e+01,6.9248200000e-02,2.6876500000e-09
ell1687,3.9127600000e+02,1.5208300000e+01,6.9204700000e-02,2.6847800000e-09
ell1688,3.9153500000e+02,1.5096200000e+01,6.9161400000e-02,2.6819100000e-09
ell1689,3.9177900000e+02,1.4984200000e+01,6.9118300000e-02,2.6790500000e-09
ell1690,3.9202400000e+02,1.4871500000e+01,6.9075400000e-02,2.6761900000e-09
ell1691,3.9227700000e+02,1.4759600000e+01,6.9032600000e-02,2.6733300000e-09
ell1692,3.9253100000e+02,1.4646300000e+01,6.8989900000e-02,2.6704800000e-09
ell1693,3.9277900000e+02,1.4533800000e+01,6.8947400000e-02,2.6676400000e-09
ell1694,3.9302100000e+02,1.4422000000e+01,6.8905000000e-02,2.6647900000e-09
ell1695,3.9327100000e+02,1.4308700000e+01,6.8862700000e-02,2.6619600000e-09
ell1696,3.9351600000e+02,1.4196900000e+01,6.8820600000e-02,2.6591200000e-09
ell1697,3.9374700000e+02,1.4084400000e+01,6.8778500000e-02,2.6562900000e-09
ell1698,3.9398800000e+02,1.3972600000e+01,6.8736600000e-02,2.6534700000e-09
ell1699,3.9422300000e+02,1.3860800000e+01,6.8694700000e-02,2.6506500000e-09
ell1700,3.9445200000e+02,1.3748200000e+01,6.8652900000e-02,2.6478300000e-09
ell1701,3.9466900000e+02,1.3637700000e+01,6.8611200000e-02,2.6450200000e-09
ell1702,3.9489500000e+02,1.3526500000e+01,6.8569600000e-02,2.6422200000e-09
ell1703,3.9511000000e+02,1.3416600000e+01,6.8528000000e-02,2.6394100000e-09
ell1704,3.9531900000e+02,1.3306000000e+01,6.8486400000e-02,2.6366100000e-09
ell1705,3.9552300000e+02,1.3196700000e+01,6.8444900000e-02,2.6338200000e-09
ell1706,3.9571500000e+02,1.3085800000e+01,6.8403500000e-02,2.6310300000e-09
ell1707,3.9591100000e+02,1.2976300000e+01,6.8362000000e-02,2.6282400000e-09
ell1708,3.9609400000e+02,1.2868100000e+01,6.8320600000e-02,2.6254600000e-09
ell1709,3.9627300000e+02,1.2760600000e+01,6.8279200000e-02,2.6226800000e-09
ell1710,3.9644100000e+02,1.2654300000e+01,6.8237800000e-02,2.6199100000e-09
ell1711,3.9659700000e+02,1.2548700000e+01,6.8196400000e-02,2.6171400000e-09
ell1712,3.9675700000e+02,1.2442100000e+01,6.8155000000e-02,2.6143800000e-09
ell1713,3.9689800000e+02,1.2336900000e+01,6.8113500000e-02,2.6116200000e-09
ell1714,3.9702700000e+02,1.2232900000e+01,6.8072100000e-02,2.6088600000e-09
ell1715,3.9714600000e+02,1.2128700000e+01,6.8030600000e-02,2.6061100000e-09
ell1716,3.9726900000e+02,1.2025800000e+01,6.7989000000e-02,2.6033600000e-09
ell1717,3.9737300000e+02,1.1923500000e+01,6.7947400000e-02,2.6006200000e-09
ell1718,3.9746000000e+02,1.1822300000e+01,6.7905800000e-02,2.5978800000e-09
ell1719,3.9754300000e+02,1.1721700000e+01,6.7864100000e-02,2.5951400000e-09
ell1720,3.9762200000e+02,1.1622300000e+01,6.7822300000e-02,2.5924100000e-09
ell1721,3.9768500000e+02,1.1524200000e+01,6.7780400000e-02,2.5896800000e-09
ell1722,3.9774400000e+02,1.1425700000e+01,6.7738500000e-02,2.5869600000e-09
ell1723,3.9778500000e+02,1.1328500000e+01,6.7696500000e-02,2.5842400000e-09
ell1724,3.9780900000e+02,1.1233200000e+01,6.7654300000e-02,2.5815300000e-09
ell1725,3.9782300000e+02,1.1137700000e+01,6.7612100000e-02,2.5788200000e-09
ell1726,3.9782600000e+02,1.1044000000e+01,6.7569800000e-02,2.5761100000e-09
ell1727,3.9782000000e+02,1.0950800000e+01,6.7527300000e-02,2.5734100000e-09
ell1728,3.9779600000e+02,1.0860200000e+01,6.7484700000e-02,2.5707100000e-09
ell1729,3.9777000000e+02,1.0770100000e+01,6.7442000000e-02,2.5680200000e-09
ell1730,3.9771200000e+02,1.0680300000e+01,6.7399100000e-02,2.5653300000e-09
ell1731,3.9765200000e+02,1.0591700000e+01,6.7356200000e-02,2.5626400000e-09
ell1732,3.9757400000e+02,1.0504200000e+01,6.7313000000e-02,2.5599600000e-09
ell1733,3.9748700000e+02,1.0418600000e+01,6.7269700000e-02,2.5572800000e-09
ell1734,3.9738300000e+02,1.0333400000e+01,6.7226300000e-02,2.5546100000e-09
ell1735,3.9726200000e+02,1.0250000000e+01,6.7182700000e-02,2.5519400000e-09
ell1736,3.9713200000e+02,1.0167000000e+01,6.7138900000e-02,2.5492700000e-09
ell1737,3.9698500000e+02,1.0086600000e+01,6.7095000000e-02,2.5466100000e-09
ell1738,3.9682100000e+02,1.0006500000e+01,6.7050800000e-02,2.5439500000e-09
ell1739,3.9665500000e+02,9.9282300000e+00,6.7006500000e-02,2.5413000000e-09
ell1740,3.9645800000e+02,9.8510600000e+00,6.6962000000e-02,2.5386500000e-09
ell1741,3.9626600000e+02,9.7749700000e+00,6.6917300000e-02,2.5360100000e-09
ell1742,3.9604300000e+02,9.7006900000e+00,6.6872400000e-02,2.5333600000e-09
ell1743,3.9581100000e+02,9.6274700000e+00,6.6827300000e-02,2.5307300000e-09
ell1744,3.9556200000e+02,9.5560600000e+00,6.6782000000e-02,2.5280900000e-09
ell1745,3.9529700000e+02,9.4849600000e+00,6.6736500000e-02,2.5254600000e-09
ell1746,3.9501500000e+02,9.4163900000e+00,6.6690800000e-02,2.5228400000e-09
ell1747,3.9472400000e+02,9.3496100000e+00,6.6644800000e-02,2.5202200000e-09
ell1748,3.9440900000e+02,9.2846100000e+00,6.6598600000e-02,2.5176000000e-09
ell1749,3.9407700000e+02,9.2199100000e+00,6.6552200000e-02,2.5149800000e-09
ell1750,3.9373000000e+02,9.1569800000e+00,6.6505600000e-02,2.5123700000e-09
ell1751,3.9336500000e+02,9.0950900000e+00,6.6458700000e-02,2.5097700000e-09
ell1752,3.9299200000e+02,9.0342100000e+00,6.6411600000e-02,2.5071700000e-09
ell1753,3.9260200000e+02,8.9743500000e+00,6.6364300000e-02,2.5045700000e-09
ell1754,3.9219600000e+02,8.9170000000e+00,6.6316700000e-02,2.5019700000e-09
ell1755,3.9177400000e+02,8.8619100000e+00,6.6268800000e-02,2.4993800000e-09
ell1756,3.9134200000e+02,8.8073200000e+00,6.6220700000e-02,2.4968000000e-09
ell1757,3.9088700000e+02,8.7543200000e+00,6.6172300000e-02,2.4942100000e-09
ell1758,3.9040800000e+02,8.7027600000e+00,6.6123700000e-02,2.4916300000e-09
ell1759,3.8992800000e+02,8.6527900000e+00,6.6074800000e-02,2.4890600000e-09
ell1760,3.8942400000e+02,8.6044800000e+00,6.6025700000e-02,2.4864900000e-09
ell1761,3.8890300000e+02,8.5576800000e+00,6.5976300000e-02,2.4839200000e-09
ell1762,3.8836700000e+02,8.5123200000e+00,6.5926600000e-02,2.4813600000e-09
ell1763,3.8782100000e+02,8.4686700000e+00,6.5876600000e-02,2.4788000000e-09
ell1764,3.8726600000e+02,8.4266800000e+00,6.5826400000e-02,2.4762400000e-09
ell1765,3.8668000000e+02,8.3860400000e+00,6.5775900000e-02,2.4736900000e-09
ell1766,3.8608600000e+02,8.3468900000e+00,6.5725100000e-02,2.4711400000e-09
ell1767,3.8547400000e+02,8.3092400000e+00,6.5674100000e-02,2.4686000000e-09
ell1768,3.8484700000e+02,8.2732400000e+00,6.5622700000e-02,2.4660600000e-09
ell1769,3.8421000000e+02,8.2387200000e+00,6.5571100000e-02,2.4635200000e-09
ell1770,3.8355000000e+02,8.2056300000e+00,6.5519100000e-02,2.4609900000e-09
ell1771,3.8288100000e+02,8.1741700000e+00,6.5466900000e-02,2.4584600000e-09
ell1772,3.8220200000e+02,8.1441300000e+00,6.5414400000e-02,2.4559300000e-09
ell1773,3.8149200000e+02,8.1155800000e+00,6.5361600000e-02,2.4534100000e-09
ell1774,3.8078000000e+02,8.0885900000e+00,6.5308500000e-02,2.4508900000e-09
ell1775,3.8005200000e+02,8.0631000000e+00,6.5255200000e-02,2.4483800000e-09
ell1776,3.7931500000e+02,8.0390200000e+00,6.5201500000e-02,2.4458700000e-09
ell1777,3.7854600000e+02,8.0165900000e+00,6.5147500000e-02,2.4433600000e-09
ell1778,3.7777500000e+02,7.9955000000e+00,6.5093300000e-02,2.4408600000e-09
ell1779,3.7698700000e+02,7.9759800000e+00,6.5038700000e-02,2.4383600000e-09
ell1780,3.7619000000e+02,7.9578800000e+00,6.4983800000e-02,2.4358600000e-09
ell1781,3.7538400000e+02,7.9412000000e+00,6.4928700000e-02,2.4333700000e-09
ell1782,3.7454500000e+02,7.9260200000e+00,6.4873200000e-02,2.4308800000e-09
ell1783,3.7370500000e+02,7.9122700000e+00,6.4817500000e-02,2.4284000000e-09
ell1784,3.7286200000e+02,7.8998800000e+00,6.4761400000e-02,2.4259200000e-09
ell1785,3.7199500000e+02,7.8889900000e+00,6.4705100000e-02,2.4234400000e-09
ell1786,3.7111800000e+02,7.8794600000e+00,6.4648400000e-02,2.4209600000e-09
ell1787,3.7023100000e+02,7.8714500000e+00,6.4591500000e-02,2.4184900000e-09
ell1788,3.6933400000e+02,7.8647300000e+00,6.4534300000e-02,2.4160300000e-09
ell1789,3.6841900000e+02,7.8593800000e+00,6.4476700000e-02,2.4135600000e-09
ell1790,3.6748800000e+02,7.8554100000e+00,6.4418900000e-02,2.4111100000e-09
ell1791,3.6655300000e+02,7.8527400000e+00,6.4360800000e-02,2.4086500000e-09
ell1792,3.6560800000e+02,7.8514500000e+00,6.4302400000e-02,2.4062000000e-09
ell1793,3.6463800000e+02,7.8514700000e+00,6.4243700000e-02,2.4037500000e-09
ell1794,3.6367300000e+02,7.8527400000e+00,6.4184700000e-02,2.4013000000e-09
ell1795,3.6269700000e+02,7.8554800000e+00,6.4125500000e-02,2.3988600000e-09
ell1796,3.6168000000e+02,7.8594000000e+00,6.4065900000e-02,2.3964200000e-09
ell1797,3.6069100000e+02,7.8645000000e+00,6.4006100000e-02,2.3939900000e-09
ell1798,3.5967500000e+02,7.8708700000e+00,6.3946000000e-02,2.3915600000e-09
ell1799,3.5864900000e+02,7.8785800000e+00,6.3885600000e-02,2.3891300000e-09
ell1800,3.5761900000e+02,7.8874900000e+00,6.3824900000e-02,2.3867100000e-09
ell1801,3.5658500000e+02,7.8975300000e+00,6.3764000000e-02,2.3842900000e-09
ell1802,3.5554800000e+02,7.9087100000e+00,6.3702800000e-02,2.3818700000e-09
ell1803,3.5449100000e+02,7.9211100000e+00,6.3641300000e-02,2.3794600000e-09
ell1804,3.5341600000e+02,7.9345800000e+00,6.3579600000e-02,2.3770500000e-09
ell1805,3.5233800000e+02,7.9492800000e+00,6.3517600000e-02,2.3746400000e-09
ell1806,3.5126200000e+02,7.9651400000e+00,6.3455300000e-02,2.3722400000e-09
ell1807,3.5016700000e+02,7.9820900000e+00,6.3392800000e-02,2.3698400000e-09
ell1808,3.4906800000e+02,7.9999200000e+00,6.3330000000e-02,2.3674500000e-09
ell1809,3.4796500000e+02,8.0187100000e+00,6.3267000000e-02,2.3650500000e-09
ell1810,3.4685700000e+02,8.0386800000e+00,6.3203800000e-02,2.3626700000e-09
ell1811,3.4573000000e+02,8.0596200000e+00,6.3140300000e-02,2.3602800000e-09
ell1812,3.4460500000e+02,8.0816100000e+00,6.3076600000e-02,2.3579000000e-09
ell1813,3.4347500000e+02,8.1045200000e+00,6.3012600000e-02,2.3555200000e-09
ell1814,3.4233400000e+02,8.1283400000e+00,6.2948400000e-02,2.3531500000e-09
ell1815,3.4119400000e+02,8.1530800000e+00,6.2884000000e-02,2.3507700000e-09
ell1816,3.4005000000e+02,8.1786800000e+00,6.2819400000e-02,2.3484100000e-09
ell1817,3.3889300000e+02,8.2051400000e+00,6.2754500000e-02,2.3460400000e-09
ell1818,3.3773000000e+02,8.2324800000e+00,6.2689500000e-02,2.3436800000e-09
ell1819,3.3654800000e+02,8.2607700000e+00,6.2624200000e-02,2.3413200000e-09
ell1820,3.3538200000e+02,8.2896600000e+00,6.2558700000e-02,2.3389700000e-09
ell1821,3.3421800000e+02,8.3194300000e+00,6.2493100000e-02,2.3366200000e-09
ell1822,3.3304000000e+02,8.3498900000e+00,6.2427200000e-02,2.3342700000e-09
ell1823,3.3188700000e+02,8.3811900000e+00,6.2361100000e-02,2.3319200000e-09
ell1824,3.3070500000e+02,8.4128900000e+00,6.2294900000e-02,2.3295800000e-09
ell1825,3.2952500000e+02,8.4452200000e+00,6.2228500000e-02,2.3272500000e-09
ell1826,3.2833800000e+02,8.4790100000e+00,6.2161900000e-02,2.3249100000e-09
ell1827,3.2716100000e+02,8.5130800000e+00,6.2095100000e-02,2.3225800000e-09
ell1828,3.2596900000e+02,8.5476500000e+00,6.2028100000e-02,2.3202500000e-09
ell1829,3.2477800000e+02,8.5820000000e+00,6.1961000000e-02,2.3179300000e-09
ell1830,3.2358800000e+02,8.6183700000e+00,6.1893800000e-02,2.3156100000e-09
ell1831,3.2239900000e+02,8.6545200000e+00,6.1826400000e-02,2.3132900000e-09
ell1832,3.2120300000e+02,8.6912200000e+00,6.1758800000e-02,2.3109800000e-09
ell1833,3.2001500000e+02,8.7284700000e+00,6.1691100000e-02,2.3086700000e-09
ell1834,3.1882800000e+02,8.7655500000e+00,6.1623200000e-02,2.3063600000e-09
ell1835,3.1763300000e+02,8.8039400000e+00,6.1555300000e-02,2.3040500000e-09
ell1836,3.1643800000e+02,8.8436500000e+00,6.1487200000e-02,2.3017500000e-09
ell1837,3.1525100000e+02,8.8817200000e+00,6.1418900000e-02,2.2994600000e-09
ell1838,3.1406400000e+02,8.9211300000e+00,6.1350600000e-02,2.2971600000e-09
ell1839,3.1287000000e+02,8.9611600000e+00,6.1282100000e-02,2.2948700000e-09
ell1840,3.1169000000e+02,9.0003100000e+00,6.1213500000e-02,2.2925800000e-09
ell1841,3.1051000000e+02,9.0408300000e+00,6.1144800000e-02,2.2903000000e-09
ell1842,3.0933000000e+02,9.0812500000e+00,6.1076000000e-02,2.2880200000e-09
ell1843,3.0814900000e+02,9.1215700000e+00,6.1007100000e-02,2.2857400000e-09
ell1844,3.0697400000e+02,9.1625500000e+00,6.0938200000e-02,2.2834600000e-09
ell1845,3.0582200000e+02,9.2034500000e+00,6.0869100000e-02,2.2811900000e-09
ell1846,3.0464600000e+02,9.2450200000e+00,6.0800000000e-02,2.2789200000e-09
ell1847,3.0348400000e+02,9.2865300000e+00,6.0730800000e-02,2.2766600000e-09
ell1848,3.0232100000e+02,9.3279900000e+00,6.0661500000e-02,2.2743900000e-09
ell1849,3.0116500000e+02,9.3694100000e+00,6.0592100000e-02,2.2721400000e-09
ell1850,3.0001400000e+02,9.4108000000e+00,6.0522700000e-02,2.2698800000e-09
ell1851,2.9884800000e+02,9.4529100000e+00,6.0453200000e-02,2.2676300000e-09
ell1852,2.9771700000e+02,9.4957500000e+00,6.0383700000e-02,2.2653800000e-09
ell1853,2.9657000000e+02,9.5371100000e+00,6.0314200000e-02,2.2631300000e-09
ell1854,2.9543600000e+02,9.5784600000e+00,6.0244600000e-02,2.2608900000e-09
ell1855,2.9430800000e+02,9.6191000000e+00,6.0174900000e-02,2.2586500000e-09
ell1856,2.9319300000e+02,9.6605000000e+00,6.0105300000e-02,2.2564100000e-09
ell1857,2.9207600000e+02,9.7026700000e+00,6.0035600000e-02,2.2541800000e-09
ell1858,2.9096500000e+02,9.7434100000e+00,5.9965900000e-02,2.2519500000e-09
ell1859,2.8986600000e+02,9.7849300000e+00,5.9896100000e-02,2.2497200000e-09
ell1860,2.8876500000e+02,9.8250400000e+00,5.9826400000e-02,2.2475000000e-09
ell1861,2.8768400000e+02,9.8659600000e+00,5.9756700000e-02,2.2452800000e-09
ell1862,2.8660800000e+02,9.9062200000e+00,5.9686900000e-02,2.2430600000e-09
ell1863,2.8552200000e+02,9.9465600000e+00,5.9617200000e-02,2.2408400000e-09
ell1864,2.8446300000e+02,9.9877500000e+00,5.9547500000e-02,2.2386300000e-09
ell1865,2.8340200000e+02,1.0027600000e+01,5.9477800000e-02,2.2364200000e-09
ell1866,2.8236000000e+02,1.0066700000e+01,5.9408100000e-02,2.2342200000e-09
ell1867,2.8130800000e+02,1.0106000000e+01,5.9338500000e-02,2.2320200000e-09
ell1868,2.8027500000e+02,1.0144700000e+01,5.9268900000e-02,2.2298200000e-09
ell1869,2.7925400000e+02,1.0182800000e+01,5.9199300000e-02,2.2276200000e-09
ell1870,2.7823800000e+02,1.0221100000e+01,5.9129800000e-02,2.2254300000e-09
ell1871,2.7722500000e+02,1.0259500000e+01,5.9060300000e-02,2.2232400000e-09
ell1872,2.7623200000e+02,1.0296600000e+01,5.8990900000e-02,2.2210500000e-09
ell1873,2.7524300000e+02,1.0333800000e+01,5.8921500000e-02,2.2188700000e-09
ell1874,2.7426500000e+02,1.0369800000e+01,5.8852200000e-02,2.2166900000e-09
ell1875,2.7329800000e+02,1.0405900000e+01,5.8783000000e-02,2.2145100000e-09
ell1876,2.7233600000e+02,1.0441500000e+01,5.8713800000e-02,2.2123300000e-09
ell1877,2.7138400000e+02,1.0476600000e+01,5.8644800000e-02,2.2101600000e-09
ell1878,2.7043700000e+02,1.0510400000e+01,5.8575800000e-02,2.2079900000e-09
ell1879,2.6950800000e+02,1.0543700000e+01,5.8506900000e-02,2.2058300000e-09
ell1880,2.6859000000e+02,1.0576500000e+01,5.8438100000e-02,2.2036700000e-09
ell1881,2.6768300000e+02,1.0608700000e+01,5.8369400000e-02,2.2015100000e-09
ell1882,2.6677900000e+02,1.0641200000e+01,5.8300800000e-02,2.1993500000e-09
ell1883,2.6589400000e+02,1.0671800000e+01,5.8232300000e-02,2.1972000000e-09
ell1884,2.6501900000e+02,1.0703300000e+01,5.8163900000e-02,2.1950400000e-09
ell1885,2.6415500000e+02,1.0732900000e+01,5.8095700000e-02,2.1929000000e-09
ell1886,2.6329500000e+02,1.0762700000e+01,5.8027500000e-02,2.1907500000e-09
ell1887,2.6244500000e+02,1.0791400000e+01,5.7959500000e-02,2.1886100000e-09
ell1888,2.6162100000e+02,1.0818800000e+01,5.7891700000e-02,2.1864700000e-09
ell1889,2.6079200000e+02,1.0845800000e+01,5.7823900000e-02,2.1843300000e-09
ell1890,2.5998100000e+02,1.0872300000e+01,5.7756300000e-02,2.1822000000e-09
ell1891,2.5918800000e+02,1.0898400000e+01,5.7688900000e-02,2.1800700000e-09
ell1892,2.5839900000e+02,1.0923400000e+01,5.7621600000e-02,2.1779400000e-09
ell1893,2.5761900000e+02,1.0947900000e+01,5.7554500000e-02,2.1758200000e-09
ell1894,2.5685800000e+02,1.0971200000e+01,5.7487500000e-02,2.1737000000e-09
ell1895,2.5609900000e+02,1.0994100000e+01,5.7420600000e-02,2.1715800000e-09
ell1896,2.5535800000e+02,1.1016600000e+01,5.7354000000e-02,2.1694700000e-09
ell1897,2.5463500000e+02,1.1037200000e+01,5.7287500000e-02,2.1673500000e-09
ell1898,2.5391400000e+02,1.1057400000e+01,5.7221200000e-02,2.1652400000e-09
ell1899,2.5321200000e+02,1.1077300000e+01,5.7155000000e-02,2.1631400000e-09
ell1900,2.5251200000e+02,1.1095200000e+01,5.7089000000e-02,2.1610300000e-09
ell1901,2.5183000000e+02,1.1112700000e+01,5.7023300000e-02,2.1589300000e-09
ell1902,2.5116500000e+02,1.1129200000e+01,5.6957700000e-02,2.1568300000e-09
ell1903,2.5050300000e+02,1.1144500000e+01,5.6892200000e-02,2.1547400000e-09
ell1904,2.4987400000e+02,1.1160100000e+01,5.6827000000e-02,2.1526500000e-09
ell1905,2.4922500000e+02,1.1173900000e+01,5.6762000000e-02,2.1505600000e-09
ell1906,2.4860100000e+02,1.1186600000e+01,5.6697100000e-02,2.1484700000e-09
ell1907,2.4799500000e+02,1.1199700000e+01,5.6632500000e-02,2.1463900000e-09
ell1908,2.4739900000e+02,1.1211000000e+01,5.6568100000e-02,2.1443100000e-09
ell1909,2.4680600000e+02,1.1221100000e+01,5.6503800000e-02,2.1422300000e-09
ell1910,2.4623000000e+02,1.1231600000e+01,5.6439800000e-02,2.1401500000e-09
ell1911,2.4567100000e+02,1.1240400000e+01,5.6376000000e-02,2.1380800000e-09
ell1912,2.4512300000e+02,1.1248000000e+01,5.6312300000e-02,2.1360100000e-09
ell1913,2.4459300000e+02,1.1254500000e+01,5.6248900000e-02,2.1339400000e-09
ell1914,2.4406500000e+02,1.1260000000e+01,5.6185700000e-02,2.1318800000e-09
ell1915,2.4355400000e+02,1.1265100000e+01,5.6122800000e-02,2.1298200000e-09
ell1916,2.4304700000e+02,1.1269100000e+01,5.6060000000e-02,2.1277600000e-09
ell1917,2.4256400000e+02,1.1271400000e+01,5.5997500000e-02,2.1257000000e-09
ell1918,2.4208400000e+02,1.1274000000e+01,5.5935200000e-02,2.1236500000e-09
ell1919,2.4162200000e+02,1.1274800000e+01,5.5873100000e-02,2.1216000000e-09
ell1920,2.4117000000e+02,1.1274600000e+01,5.5811200000e-02,2.1195500000e-09
ell1921,2.4072000000e+02,1.1274000000e+01,5.5749500000e-02,2.1175100000e-09
ell1922,2.4029600000e+02,1.1271600000e+01,5.5688100000e-02,2.1154700000e-09
ell1923,2.3987500000e+02,1.1269000000e+01,5.5626900000e-02,2.1134300000e-09
ell1924,2.3945600000e+02,1.1265200000e+01,5.5565900000e-02,2.1113900000e-09
ell1925,2.3907000000e+02,1.1259600000e+01,5.5505200000e-02,2.1093600000e-09
ell1926,2.3868000000e+02,1.1254500000e+01,5.5444700000e-02,2.1073300000e-09
ell1927,2.3829200000e+02,1.1248300000e+01,5.5384400000e-02,2.1053000000e-09
ell1928,2.3793800000e+02,1.1241000000e+01,5.5324300000e-02,2.1032700000e-09
ell1929,2.3757900000e+02,1.1232700000e+01,5.5264500000e-02,2.1012500000e-09
ell1930,2.3723700000e+02,1.1223300000e+01,5.5204900000e-02,2.0992300000e-09
ell1931,2.3691400000e+02,1.1212100000e+01,5.5145600000e-02,2.0972100000e-09
ell1932,2.3659400000e+02,1.1201300000e+01,5.5086500000e-02,2.0952000000e-09
ell1933,2.3628400000e+02,1.1188700000e+01,5.5027600000e-02,2.0931900000e-09
ell1934,2.3598500000e+02,1.1175800000e+01,5.4969000000e-02,2.0911800000e-09
ell1935,2.3569700000e+02,1.1161100000e+01,5.4910500000e-02,2.0891700000e-09
ell1936,2.3541900000e+02,1.1146800000e+01,5.4852400000e-02,2.0871700000e-09
ell1937,2.3514500000e+02,1.1129200000e+01,5.4794400000e-02,2.0851700000e-09
ell1938,2.3488900000e+02,1.1112800000e+01,5.4736700000e-02,2.0831700000e-09
ell1939,2.3464400000e+02,1.1094500000e+01,5.4679300000e-02,2.0811700000e-09
ell1940,2.3440300000e+02,1.1075900000e+01,5.4622000000e-02,2.0791800000e-09
ell1941,2.3417900000e+02,1.1056300000e+01,5.4565000000e-02,2.0771900000e-09
ell1942,2.3395200000e+02,1.1035500000e+01,5.4508300000e-02,2.0752000000e-09
ell1943,2.3374400000e+02,1.1014400000e+01,5.4451800000e-02,2.0732100000e-09
ell1944,2.3354700000e+02,1.0990700000e+01,5.4395500000e-02,2.0712300000e-09
ell1945,2.3334600000e+02,1.0968200000e+01,5.4339400000e-02,2.0692500000e-09
ell1946,2.3316400000e+02,1.0943900000e+01,5.4283600000e-02,2.0672700000e-09
ell1947,2.3297800000e+02,1.0919100000e+01,5.4228100000e-02,2.0653000000e-09
ell1948,2.3281900000e+02,1.0893300000e+01,5.4172700000e-02,2.0633300000e-09
ell1949,2.3265600000e+02,1.0865700000e+01,5.4117600000e-02,2.0613600000e-09
ell1950,2.3250500000e+02,1.0838400000e+01,5.4062700000e-02,2.0593900000e-09
ell1951,2.3236500000e+02,1.0810700000e+01,5.4008100000e-02,2.0574300000e-09
ell1952,2.3223000000e+02,1.0780500000e+01,5.3953700000e-02,2.0554700000e-09
ell1953,2.3210600000e+02,1.0750600000e+01,5.3899500000e-02,2.0535100000e-09
ell1954,2.3198700000e+02,1.0719600000e+01,5.3845600000e-02,2.0515500000e-09
ell1955,2.3187200000e+02,1.0688200000e+01,5.3791800000e-02,2.0496000000e-09
ell1956,2.3176200000e+02,1.0655700000e+01,5.3738300000e-02,2.0476400000e-09
ell1957,2.3169400000e+02,1.0622000000e+01,5.3685100000e-02,2.0457000000e-09
ell1958,2.3157800000e+02,1.0588000000e+01,5.3632000000e-02,2.0437500000e-09
ell1959,2.3149700000e+02,1.0552800000e+01,5.3579200000e-02,2.0418100000e-09
ell1960,2.3141300000e+02,1.0517900000e+01,5.3526600000e-02,2.0398600000e-09
ell1961,2.3134100000e+02,1.0481900000e+01,5.3474200000e-02,2.0379300000e-09
ell1962,2.3127500000e+02,1.0445500000e+01,5.3422100000e-02,2.0359900000e-09
ell1963,2.3121300000e+02,1.0408000000e+01,5.3370100000e-02,2.0340600000e-09
ell1964,2.3115700000e+02,1.0370000000e+01,5.3318400000e-02,2.0321300000e-09
ell1965,2.3111300000e+02,1.0330800000e+01,5.3266900000e-02,2.0302000000e-09
ell1966,2.3106700000e+02,1.0290400000e+01,5.3215600000e-02,2.0282700000e-09
ell1967,2.3103400000e+02,1.0250400000e+01,5.3164500000e-02,2.0263500000e-09
ell1968,2.3099100000e+02,1.0209200000e+01,5.3113600000e-02,2.0244300000e-09
ell1969,2.3096900000e+02,1.0167500000e+01,5.3062900000e-02,2.0225100000e-09
ell1970,2.3093800000e+02,1.0126900000e+01,5.3012400000e-02,2.0205900000e-09
ell1971,2.3092000000e+02,1.0084300000e+01,5.2962100000e-02,2.0186800000e-09
ell1972,2.3090000000e+02,1.0040400000e+01,5.2912000000e-02,2.0167700000e-09
ell1973,2.3088600000e+02,9.9976500000e+00,5.2862100000e-02,2.0148600000e-09
ell1974,2.3088500000e+02,9.9528900000e+00,5.2812400000e-02,2.0129600000e-09
ell1975,2.3087600000e+02,9.9083900000e+00,5.2762900000e-02,2.0110500000e-09
ell1976,2.3087300000e+02,9.8626400000e+00,5.2713600000e-02,2.0091500000e-09
ell1977,2.3087600000e+02,9.8171500000e+00,5.2664400000e-02,2.0072500000e-09
ell1978,2.3087700000e+02,9.7711400000e+00,5.2615500000e-02,2.0053600000e-09
ell1979,2.3088600000e+02,9.7246200000e+00,5.2566700000e-02,2.0034600000e-09
ell1980,2.3090100000e+02,9.6775900000e+00,5.2518100000e-02,2.0015700000e-09
ell1981,2.3090700000e+02,9.6300200000e+00,5.2469600000e-02,1.9996800000e-09
ell1982,2.3092000000e+02,9.5819200000e+00,5.2421300000e-02,1.9978000000e-09
ell1983,2.3094000000e+02,9.5332800000e+00,5.2373200000e-02,1.9959100000e-09
ell1984,2.3096000000e+02,9.4848400000e+00,5.2325300000e-02,1.9940300000e-09
ell1985,2.3098600000e+02,9.4351000000e+00,5.2277500000e-02,1.9921500000e-09
ell1986,2.3100500000e+02,9.3855400000e+00,5.2229900000e-02,1.9902800000e-09
ell1987,2.3102300000e+02,9.3361500000e+00,5.2182400000e-02,1.9884000000e-09
ell1988,2.3104800000e+02,9.2861800000e+00,5.2135000000e-02,1.9865300000e-09
ell1989,2.3107400000e+02,9.2363800000e+00,5.2087800000e-02,1.9846600000e-09
ell1990,2.3110700000e+02,9.1859800000e+00,5.2040800000e-02,1.9828000000e-09
ell1991,2.3112500000e+02,9.1342400000e+00,5.1993900000e-02,1.9809300000e-09
ell1992,2.3114300000e+02,9.0833800000e+00,5.1947100000e-02,1.9790700000e-09
ell1993,2.3116900000e+02,9.0326400000e+00,5.1900500000e-02,1.9772100000e-09
ell1994,2.3119500000e+02,8.9805500000e+00,5.1853900000e-02,1.9753600000e-09
ell1995,2.3122900000e+02,8.9285600000e+00,5.1807500000e-02,1.9735000000e-09
ell1996,2.3124800000e+02,8.8759400000e+00,5.1761300000e-02,1.9716500000e-09
ell1997,2.3126800000e+02,8.8234200000e+00,5.1715100000e-02,1.9698000000e-09
ell1998,2.3129600000e+02,8.7717200000e+00,5.1669100000e-02,1.9679500000e-09
ell1999,2.3131800000e+02,8.7186300000e+00,5.1623200000e-02,1.9661100000e-09
ell2000,2.3133300000e+02,8.6663500000e+00,5.1577300000e-02,1.9642600000e-09
ell2001,2.3135600000e+02,8.6141400000e+00,5.1531600000e-02,1.9624200000e-09
ell2002,2.3137300000e+02,8.5612500000e+00,5.1486000000e-02,1.9605900000e-09
ell2003,2.3139100000e+02,8.5084000000e+00,5.1440500000e-02,1.9587500000e-09
ell2004,2.3141000000e+02,8.4556000000e+00,5.1395100000e-02,1.9569200000e-09
ell2005,2.3141500000e+02,8.4021000000e+00,5.1349700000e-02,1.9550900000e-09
ell2006,2.3142900000e+02,8.3501100000e+00,5.1304500000e-02,1.9532600000e-09
ell2007,2.3143000000e+02,8.2966500000e+00,5.1259300000e-02,1.9514300000e-09
ell2008,2.3143900000e+02,8.2432100000e+00,5.1214200000e-02,1.9496100000e-09
ell2009,2.3144300000e+02,8.1905100000e+00,5.1169200000e-02,1.9477900000e-09
ell2010,2.3143400000e+02,8.1378200000e+00,5.1124300000e-02,1.9459700000e-09
ell2011,2.3143300000e+02,8.0843700000e+00,5.1079400000e-02,1.9441500000e-09
ell2012,2.3142700000e+02,8.0316500000e+00,5.1034600000e-02,1.9423400000e-09
ell2013,2.3140800000e+02,7.9781600000e+00,5.0989900000e-02,1.9405200000e-09
ell2014,2.3139800000e+02,7.9261200000e+00,5.0945200000e-02,1.9387100000e-09
ell2015,2.3138300000e+02,7.8733100000e+00,5.0900600000e-02,1.9369100000e-09
ell2016,2.3137000000e+02,7.8211900000e+00,5.0856100000e-02,1.9351000000e-09
ell2017,2.3133600000e+02,7.7690100000e+00,5.0811600000e-02,1.9333000000e-09
ell2018,2.3130500000e+02,7.7169300000e+00,5.0767100000e-02,1.9315000000e-09
ell2019,2.3126900000e+02,7.6649200000e+00,5.0722700000e-02,1.9297000000e-09
ell2020,2.3123500000e+02,7.6129800000e+00,5.0678300000e-02,1.9279000000e-09
ell2021,2.3119600000e+02,7.5617100000e+00,5.0634000000e-02,1.9261100000e-09
ell2022,2.3114400000e+02,7.5105000000e+00,5.0589700000e-02,1.9243200000e-09
ell2023,2.3108800000e+02,7.4594800000e+00,5.0545400000e-02,1.9225300000e-09
ell2024,2.3103400000e+02,7.4086600000e+00,5.0501100000e-02,1.9207400000e-09
ell2025,2.3096100000e+02,7.3581000000e+00,5.0456900000e-02,1.9189600000e-09
ell2026,2.3089800000e+02,7.3077900000e+00,5.0412700000e-02,1.9171700000e-09
ell2027,2.3083000000e+02,7.2578800000e+00,5.0368500000e-02,1.9153900000e-09
ell2028,2.3074300000e+02,7.2082100000e+00,5.0324400000e-02,1.9136200000e-09
ell2029,2.3066500000e+02,7.1588500000e+00,5.0280200000e-02,1.9118400000e-09
ell2030,2.3056900000e+02,7.1097900000e+00,5.0236100000e-02,1.9100700000e-09
ell2031,2.3046800000e+02,7.0611000000e+00,5.0191900000e-02,1.9083000000e-09
ell2032,2.3037100000e+02,7.0127000000e+00,5.0147800000e-02,1.9065300000e-09
ell2033,2.3026100000e+02,6.9648000000e+00,5.0103700000e-02,1.9047600000e-09
ell2034,2.3015500000e+02,6.9172600000e+00,5.0059500000e-02,1.9030000000e-09
ell2035,2.3002900000e+02,6.8700500000e+00,5.0015400000e-02,1.9012300000e-09
ell2036,2.2990000000e+02,6.8232700000e+00,4.9971200000e-02,1.8994700000e-09
ell2037,2.2977300000e+02,6.7769600000e+00,4.9927100000e-02,1.8977100000e-09
ell2038,2.2962100000e+02,6.7309800000e+00,4.9882900000e-02,1.8959600000e-09
ell2039,2.2947900000e+02,6.6855500000e+00,4.9838700000e-02,1.8942100000e-09
ell2040,2.2933300000e+02,6.6405000000e+00,4.9794500000e-02,1.8924500000e-09
ell2041,2.2916800000e+02,6.5958400000e+00,4.9750300000e-02,1.8907100000e-09
ell2042,2.2900700000e+02,6.5517800000e+00,4.9706000000e-02,1.8889600000e-09
ell2043,2.2882700000e+02,6.5081700000e+00,4.9661700000e-02,1.8872100000e-09
ell2044,2.2865800000e+02,6.4650100000e+00,4.9617400000e-02,1.8854700000e-09
ell2045,2.2847000000e+02,6.4223500000e+00,4.9573000000e-02,1.8837300000e-09
ell2046,2.2828600000e+02,6.3802100000e+00,4.9528600000e-02,1.8819900000e-09
ell2047,2.2808400000e+02,6.3385600000e+00,4.9484200000e-02,1.8802600000e-09
ell2048,2.2787700000e+02,6.2974900000e+00,4.9439700000e-02,1.8785200000e-09
ell2049,2.2766700000e+02,6.2569900000e+00,4.9395200000e-02,1.8767900000e-09
ell2050,2.2744600000e+02,6.2169700000e+00,4.9350600000e-02,1.8750600000e-09
ell2051,2.2720600000e+02,6.1775200000e+00,4.9306000000e-02,1.8733400000e-09
ell2052,2.2697800000e+02,6.1386900000e+00,4.9261300000e-02,1.8716100000e-09
ell2053,2.2673100000e+02,6.1004200000e+00,4.9216600000e-02,1.8698900000e-09
ell2054,2.2648000000e+02,6.0626900000e+00,4.9171800000e-02,1.8681700000e-09
ell2055,2.2621800000e+02,6.0254900000e+00,4.9127000000e-02,1.8664500000e-09
ell2056,2.2595300000e+02,5.9889900000e+00,4.9082100000e-02,1.8647300000e-09
ell2057,2.2568500000e+02,5.9530900000e+00,4.9037100000e-02,1.8630200000e-09
ell2058,2.2540500000e+02,5.9177200000e+00,4.8992000000e-02,1.8613100000e-09
ell2059,2.2512200000e+02,5.8830300000e+00,4.8946900000e-02,1.8596000000e-09
ell2060,2.2482800000e+02,5.8487700000e+00,4.8901800000e-02,1.8578900000e-09
ell2061,2.2453100000e+02,5.8152600000e+00,4.8856500000e-02,1.8561800000e-09
ell2062,2.2422200000e+02,5.7824200000e+00,4.8811200000e-02,1.8544800000e-09
ell2063,2.2391100000e+02,5.7501500000e+00,4.8765800000e-02,1.8527800000e-09
ell2064,2.2358100000e+02,5.7185500000e+00,4.8720300000e-02,1.8510800000e-09
ell2065,2.2324700000e+02,5.6875900000e+00,4.8674800000e-02,1.8493800000e-09
ell2066,2.2291700000e+02,5.6572900000e+00,4.8629100000e-02,1.8476900000e-09
ell2067,2.2257000000e+02,5.6275600000e+00,4.8583400000e-02,1.8459900000e-09
ell2068,2.2221100000e+02,5.5984800000e+00,4.8537600000e-02,1.8443000000e-09
ell2069,2.2185600000e+02,5.5701100000e+00,4.8491700000e-02,1.8426100000e-09
ell2070,2.2148300000e+02,5.5423800000e+00,4.8445700000e-02,1.8409300000e-09
ell2071,2.2110600000e+02,5.5152900000e+00,4.8399600000e-02,1.8392400000e-09
ell2072,2.2072600000e+02,5.4889200000e+00,4.8353500000e-02,1.8375600000e-09
ell2073,2.2033600000e+02,5.4631700000e+00,4.8307200000e-02,1.8358800000e-09
ell2074,2.1994100000e+02,5.4380600000e+00,4.8260900000e-02,1.8342000000e-09
ell2075,2.1953600000e+02,5.4135900000e+00,4.8214400000e-02,1.8325200000e-09
ell2076,2.1911900000e+02,5.3898200000e+00,4.8167900000e-02,1.8308500000e-09
ell2077,2.1870700000e+02,5.3667500000e+00,4.8121300000e-02,1.8291800000e-09
ell2078,2.1828300000e+02,5.3443100000e+00,4.8074500000e-02,1.8275100000e-09
ell2079,2.1783400000e+02,5.3225700000e+00,4.8027700000e-02,1.8258400000e-09
ell2080,2.1740300000e+02,5.3014600000e+00,4.7980800000e-02,1.8241700000e-09
ell2081,2.1695400000e+02,5.2811300000e+00,4.7933700000e-02,1.8225100000e-09
ell2082,2.1650100000e+02,5.2613400000e+00,4.7886600000e-02,1.8208500000e-09
ell2083,2.1604500000e+02,5.2422600000e+00,4.7839400000e-02,1.8191900000e-09
ell2084,2.1556900000e+02,5.2239500000e+00,4.7792100000e-02,1.8175300000e-09
ell2085,2.1510500000e+02,5.2062000000e+00,4.7744600000e-02,1.8158700000e-09
ell2086,2.1462300000e+02,5.1891400000e+00,4.7697100000e-02,1.8142200000e-09
ell2087,2.1413600000e+02,5.1727900000e+00,4.7649500000e-02,1.8125700000e-09
ell2088,2.1363800000e+02,5.1570700000e+00,4.7601700000e-02,1.8109200000e-09
ell2089,2.1314400000e+02,5.1420400000e+00,4.7553900000e-02,1.8092700000e-09
ell2090,2.1263100000e+02,5.1276500000e+00,4.7505900000e-02,1.8076300000e-09
ell2091,2.1212800000e+02,5.1139600000e+00,4.7457900000e-02,1.8059800000e-09
ell2092,2.1160700000e+02,5.1008300000e+00,4.7409700000e-02,1.8043400000e-09
ell2093,2.1107500000e+02,5.0884100000e+00,4.7361500000e-02,1.8027000000e-09
ell2094,2.1054600000e+02,5.0766900000e+00,4.7313100000e-02,1.8010600000e-09
ell2095,2.1001200000e+02,5.0655400000e+00,4.7264700000e-02,1.7994300000e-09
ell2096,2.0946700000e+02,5.0551700000e+00,4.7216100000e-02,1.7977900000e-09
ell2097,2.0891800000e+02,5.0452900000e+00,4.7167500000e-02,1.7961600000e-09
ell2098,2.0836400000e+02,5.0361300000e+00,4.7118700000e-02,1.7945300000e-09
ell2099,2.0780600000e+02,5.0275400000e+00,4.7069800000e-02,1.7929100000e-09
ell2100,2.0724400000e+02,5.0197400000e+00,4.7020900000e-02,1.7912800000e-09
ell2101,2.0667000000e+02,5.0124500000e+00,4.6971800000e-02,1.7896600000e-09
ell2102,2.0609200000e+02,5.0058000000e+00,4.6922600000e-02,1.7880400000e-09
ell2103,2.0550900000e+02,4.9997300000e+00,4.6873300000e-02,1.7864200000e-09
ell2104,2.0492800000e+02,4.9943100000e+00,4.6824000000e-02,1.7848000000e-09
ell2105,2.0432900000e+02,4.9894100000e+00,4.6774500000e-02,1.7831800000e-09
ell2106,2.0373200000e+02,4.9852300000e+00,4.6725000000e-02,1.7815700000e-09
ell2107,2.0313000000e+02,4.9815700000e+00,4.6675300000e-02,1.7799600000e-09
ell2108,2.0251600000e+02,4.9785000000e+00,4.6625500000e-02,1.7783500000e-09
ell2109,2.0191300000e+02,4.9760200000e+00,4.6575700000e-02,1.7767400000e-09
ell2110,2.0129700000e+02,4.9741300000e+00,4.6525700000e-02,1.7751300000e-09
ell2111,2.0067600000e+02,4.9727000000e+00,4.6475700000e-02,1.7735300000e-09
ell2112,2.0005000000e+02,4.9719400000e+00,4.6425600000e-02,1.7719300000e-09
ell2113,1.9941900000e+02,4.9715600000e+00,4.6375400000e-02,1.7703300000e-09
ell2114,1.9879100000e+02,4.9717900000e+00,4.6325000000e-02,1.7687300000e-09
ell2115,1.9815000000e+02,4.9726300000e+00,4.6274600000e-02,1.7671300000e-09
ell2116,1.9751800000e+02,4.9740800000e+00,4.6224200000e-02,1.7655400000e-09
ell2117,1.9687400000e+02,4.9762300000e+00,4.6173600000e-02,1.7639500000e-09
ell2118,1.9622500000e+02,4.9785500000e+00,4.6122900000e-02,1.7623600000e-09
ell2119,1.9557800000e+02,4.9815000000e+00,4.6072200000e-02,1.7607700000e-09
ell2120,1.9491700000e+02,4.9848600000e+00,4.6021400000e-02,1.7591800000e-09
ell2121,1.9425900000e+02,4.9888500000e+00,4.5970400000e-02,1.7576000000e-09
ell2122,1.9359600000e+02,4.9931800000e+00,4.5919500000e-02,1.7560100000e-09
ell2123,1.9293400000e+02,4.9980100000e+00,4.5868400000e-02,1.7544300000e-09
ell2124,1.9227300000e+02,5.0032600000e+00,4.5817200000e-02,1.7528600000e-09
ell2125,1.9160000000e+02,5.0090800000e+00,4.5766000000e-02,1.7512800000e-09
ell2126,1.9093600000e+02,5.0151200000e+00,4.5714700000e-02,1.7497000000e-09
ell2127,1.9025800000e+02,5.0218200000e+00,4.5663400000e-02,1.7481300000e-09
ell2128,1.8958900000e+02,5.0288100000e+00,4.5611900000e-02,1.7465600000e-09
ell2129,1.8890700000e+02,5.0361700000e+00,4.5560400000e-02,1.7449900000e-09
ell2130,1.8822600000e+02,5.0439800000e+00,4.5508900000e-02,1.7434200000e-09
ell2131,1.8754700000e+02,5.0523300000e+00,4.5457200000e-02,1.7418600000e-09
ell2132,1.8686800000e+02,5.0609100000e+00,4.5405500000e-02,1.7402900000e-09
ell2133,1.8618400000e+02,5.0699700000e+00,4.5353700000e-02,1.7387300000e-09
ell2134,1.8550000000e+02,5.0793400000e+00,4.5301900000e-02,1.7371700000e-09
ell2135,1.8481000000e+02,5.0891200000e+00,4.5250000000e-02,1.7356100000e-09
ell2136,1.8412100000e+02,5.0990900000e+00,4.5198100000e-02,1.7340600000e-09
ell2137,1.8343300000e+02,5.1095400000e+00,4.5146100000e-02,1.7325000000e-09
ell2138,1.8273800000e+02,5.1202700000e+00,4.5094000000e-02,1.7309500000e-09
ell2139,1.8205100000e+02,5.1313500000e+00,4.5041900000e-02,1.7294000000e-09
ell2140,1.8135700000e+02,5.1427100000e+00,4.4989700000e-02,1.7278500000e-09
ell2141,1.8067200000e+02,5.1542100000e+00,4.4937500000e-02,1.7263100000e-09
ell2142,1.7997200000e+02,5.1661500000e+00,4.4885300000e-02,1.7247600000e-09
ell2143,1.7927200000e+02,5.1783200000e+00,4.4832900000e-02,1.7232200000e-09
ell2144,1.7857300000e+02,5.1907100000e+00,4.4780600000e-02,1.7216800000e-09
ell2145,1.7788100000e+02,5.2034300000e+00,4.4728200000e-02,1.7201400000e-09
ell2146,1.7718200000e+02,5.2163000000e+00,4.4675800000e-02,1.7186000000e-09
ell2147,1.7648400000e+02,5.2294300000e+00,4.4623300000e-02,1.7170600000e-09
ell2148,1.7580000000e+02,5.2428900000e+00,4.4570800000e-02,1.7155300000e-09
ell2149,1.7510900000e+02,5.2565400000e+00,4.4518300000e-02,1.7140000000e-09
ell2150,1.7441000000e+02,5.2703000000e+00,4.4465700000e-02,1.7124700000e-09
ell2151,1.7371900000e+02,5.2842600000e+00,4.4413100000e-02,1.7109400000e-09
ell2152,1.7302700000e+02,5.2984300000e+00,4.4360500000e-02,1.7094100000e-09
ell2153,1.7233500000e+02,5.3127300000e+00,4.4307900000e-02,1.7078900000e-09
ell2154,1.7164300000e+02,5.3271800000e+00,4.4255200000e-02,1.7063700000e-09
ell2155,1.7095700000e+02,5.3417800000e+00,4.4202500000e-02,1.7048400000e-09
ell2156,1.7027100000e+02,5.3565300000e+00,4.4149800000e-02,1.7033200000e-09
ell2157,1.6958500000e+02,5.3713700000e+00,4.4097100000e-02,1.7018100000e-09
ell2158,1.6890500000e+02,5.3863800000e+00,4.4044300000e-02,1.7002900000e-09
ell2159,1.6821800000e+02,5.4014800000e+00,4.3991600000e-02,1.6987800000e-09
ell2160,1.6753700000e+02,5.4166200000e+00,4.3938800000e-02,1.6972700000e-09
ell2161,1.6685500000e+02,5.4318600000e+00,4.3886100000e-02,1.6957600000e-09
ell2162,1.6618000000e+02,5.4472300000e+00,4.3833300000e-02,1.6942500000e-09
ell2163,1.6550400000e+02,5.4625600000e+00,4.3780500000e-02,1.6927400000e-09
ell2164,1.6482600000e+02,5.4779600000e+00,4.3727800000e-02,1.6912400000e-09
ell2165,1.6415600000e+02,5.4935600000e+00,4.3675000000e-02,1.6897300000e-09
ell2166,1.6349100000e+02,5.5090000000e+00,4.3622200000e-02,1.6882300000e-09
ell2167,1.6281800000e+02,5.5244500000e+00,4.3569500000e-02,1.6867300000e-09
ell2168,1.6215100000e+02,5.5400500000e+00,4.3516700000e-02,1.6852400000e-09
ell2169,1.6149800000e+02,5.5555100000e+00,4.3464000000e-02,1.6837400000e-09
ell2170,1.6084300000e+02,5.5710600000e+00,4.3411300000e-02,1.6822500000e-09
ell2171,1.6018000000e+02,5.5864800000e+00,4.3358600000e-02,1.6807500000e-09
ell2172,1.5953000000e+02,5.6019300000e+00,4.3305900000e-02,1.6792600000e-09
ell2173,1.5888600000e+02,5.6172700000e+00,4.3253200000e-02,1.6777700000e-09
ell2174,1.5824000000e+02,5.6327200000e+00,4.3200600000e-02,1.6762900000e-09
ell2175,1.5759300000e+02,5.6480000000e+00,4.3148000000e-02,1.6748000000e-09
ell2176,1.5695100000e+02,5.6631000000e+00,4.3095400000e-02,1.6733200000e-09
ell2177,1.5633000000e+02,5.6782600000e+00,4.3042900000e-02,1.6718400000e-09
ell2178,1.5570000000e+02,5.6932600000e+00,4.2990400000e-02,1.6703600000e-09
ell2179,1.5506800000e+02,5.7081800000e+00,4.2937900000e-02,1.6688800000e-09
ell2180,1.5444200000e+02,5.7229500000e+00,4.2885500000e-02,1.6674000000e-09
ell2181,1.5382100000e+02,5.7376400000e+00,4.2833100000e-02,1.6659300000e-09
ell2182,1.5320600000e+02,5.7522000000e+00,4.2780700000e-02,1.6644600000e-09
ell2183,1.5258900000e+02,5.7666300000e+00,4.2728400000e-02,1.6629800000e-09
ell2184,1.5197700000e+02,5.7808500000e+00,4.2676200000e-02,1.6615100000e-09
ell2185,1.5137000000e+02,5.7948800000e+00,4.2624000000e-02,1.6600500000e-09
ell2186,1.5076900000e+02,5.8088600000e+00,4.2571800000e-02,1.6585800000e-09
ell2187,1.5018000000e+02,5.8225900000e+00,4.2519700000e-02,1.6571200000e-09
ell2188,1.4958200000e+02,5.8362000000e+00,4.2467700000e-02,1.6556500000e-09
ell2189,1.4899700000e+02,5.8495600000e+00,4.2415700000e-02,1.6541900000e-09
ell2190,1.4842400000e+02,5.8626800000e+00,4.2363800000e-02,1.6527400000e-09
ell2191,1.4784100000e+02,5.8757000000e+00,4.2312000000e-02,1.6512800000e-09
ell2192,1.4727100000e+02,5.8883400000e+00,4.2260200000e-02,1.6498200000e-09
ell2193,1.4669800000e+02,5.9008200000e+00,4.2208500000e-02,1.6483700000e-09
ell2194,1.4613800000e+02,5.9131400000e+00,4.2156800000e-02,1.6469200000e-09
ell2195,1.4557500000e+02,5.9251700000e+00,4.2105200000e-02,1.6454700000e-09
ell2196,1.4502500000e+02,5.9369000000e+00,4.2053700000e-02,1.6440200000e-09
ell2197,1.4448000000e+02,5.9484200000e+00,4.2002300000e-02,1.6425700000e-09
ell2198,1.4393200000e+02,5.9596600000e+00,4.1951000000e-02,1.6411300000e-09
ell2199,1.4338900000e+02,5.9706100000e+00,4.1899700000e-02,1.6396800000e-09
ell2200,1.4285800000e+02,5.9812900000e+00,4.1848500000e-02,1.6382400000e-09
ell2201,1.4233200000e+02,5.9917600000e+00,4.1797400000e-02,1.6368000000e-09
ell2202,1.4180300000e+02,6.0018200000e+00,4.1746400000e-02,1.6353600000e-09
ell2203,1.4129400000e+02,6.0117000000e+00,4.1695500000e-02,1.6339300000e-09
ell2204,1.4077500000e+02,6.0212300000e+00,4.1644700000e-02,1.6324900000e-09
ell2205,1.4027500000e+02,6.0303600000e+00,4.1593900000e-02,1.6310600000e-09
ell2206,1.3977300000e+02,6.0392500000e+00,4.1543200000e-02,1.6296300000e-09
ell2207,1.3927500000e+02,6.0478000000e+00,4.1492700000e-02,1.6282000000e-09
ell2208,1.3878900000e+02,6.0561200000e+00,4.1442200000e-02,1.6267700000e-09
ell2209,1.3830000000e+02,6.0639700000e+00,4.1391800000e-02,1.6253400000e-09
ell2210,1.3782300000e+02,6.0715100000e+00,4.1341500000e-02,1.6239200000e-09
ell2211,1.3735100000e+02,6.0788100000e+00,4.1291300000e-02,1.6224900000e-09
ell2212,1.3688300000e+02,6.0855900000e+00,4.1241200000e-02,1.6210700000e-09
ell2213,1.3642000000e+02,6.0921400000e+00,4.1191300000e-02,1.6196500000e-09
ell2214,1.3596200000e+02,6.0983200000e+00,4.1141400000e-02,1.6182300000e-09
ell2215,1.3550700000e+02,6.1042000000e+00,4.1091600000e-02,1.6168200000e-09
ell2216,1.3505700000e+02,6.1095700000e+00,4.1041900000e-02,1.6154000000e-09
ell2217,1.3461900000e+02,6.1146500000e+00,4.0992300000e-02,1.6139900000e-09
ell2218,1.3417800000e+02,6.1193000000e+00,4.0942800000e-02,1.6125800000e-09
ell2219,1.3375700000e+02,6.1235800000e+00,4.0893400000e-02,1.6111700000e-09
ell2220,1.3333200000e+02,6.1275900000e+00,4.0844200000e-02,1.6097600000e-09
ell2221,1.3290400000e+02,6.1311700000e+00,4.0795000000e-02,1.6083500000e-09
ell2222,1.3249600000e+02,6.1343200000e+00,4.0746000000e-02,1.6069500000e-09
ell2223,1.3209200000e+02,6.1370500000e+00,4.0697000000e-02,1.6055400000e-09
ell2224,1.3168500000e+02,6.1395100000e+00,4.0648200000e-02,1.6041400000e-09
ell2225,1.3128200000e+02,6.1415500000e+00,4.0599500000e-02,1.6027400000e-09
ell2226,1.3089200000e+02,6.1431000000e+00,4.0550900000e-02,1.6013400000e-09
ell2227,1.3050500000e+02,6.1443100000e+00,4.0502400000e-02,1.5999500000e-09
ell2228,1.3012300000e+02,6.1450300000e+00,4.0454000000e-02,1.5985500000e-09
ell2229,1.2975300000e+02,6.1454100000e+00,4.0405700000e-02,1.5971600000e-09
ell2230,1.2938000000e+02,6.1453800000e+00,4.0357500000e-02,1.5957700000e-09
ell2231,1.2901900000e+02,6.1449400000e+00,4.0309500000e-02,1.5943800000e-09
ell2232,1.2865500000e+02,6.1441000000e+00,4.0261600000e-02,1.5929900000e-09
ell2233,1.2830300000e+02,6.1428400000e+00,4.0213800000e-02,1.5916000000e-09
ell2234,1.2796300000e+02,6.1411800000e+00,4.0166100000e-02,1.5902100000e-09
ell2235,1.2762700000e+02,6.1391900000e+00,4.0118500000e-02,1.5888300000e-09
ell2236,1.2729600000e+02,6.1367200000e+00,4.0071000000e-02,1.5874500000e-09
ell2237,1.2696200000e+02,6.1337700000e+00,4.0023700000e-02,1.5860700000e-09
ell2238,1.2663200000e+02,6.1305000000e+00,3.9976500000e-02,1.5846900000e-09
ell2239,1.2631500000e+02,6.1268200000e+00,3.9929400000e-02,1.5833100000e-09
ell2240,1.2598700000e+02,6.1227300000e+00,3.9882400000e-02,1.5819400000e-09
ell2241,1.2567100000e+02,6.1181700000e+00,3.9835600000e-02,1.5805600000e-09
ell2242,1.2537500000e+02,6.1132000000e+00,3.9788900000e-02,1.5791900000e-09
ell2243,1.2509800000e+02,6.1078300000e+00,3.9742300000e-02,1.5778200000e-09
ell2244,1.2480400000e+02,6.1020600000e+00,3.9695800000e-02,1.5764500000e-09
ell2245,1.2451500000e+02,6.0958100000e+00,3.9649500000e-02,1.5750800000e-09
ell2246,1.2423000000e+02,6.0892200000e+00,3.9603200000e-02,1.5737100000e-09
ell2247,1.2395800000e+02,6.0822400000e+00,3.9557100000e-02,1.5723500000e-09
ell2248,1.2368300000e+02,6.0747700000e+00,3.9511200000e-02,1.5709900000e-09
ell2249,1.2341300000e+02,6.0669600000e+00,3.9465300000e-02,1.5696200000e-09
ell2250,1.2315500000e+02,6.0586800000e+00,3.9419600000e-02,1.5682600000e-09
ell2251,1.2289400000e+02,6.0500600000e+00,3.9374000000e-02,1.5669000000e-09
ell2252,1.2263900000e+02,6.0409500000e+00,3.9328600000e-02,1.5655500000e-09
ell2253,1.2239600000e+02,6.0315100000e+00,3.9283200000e-02,1.5641900000e-09
ell2254,1.2215800000e+02,6.0216600000e+00,3.9238000000e-02,1.5628400000e-09
ell2255,1.2191800000e+02,6.0114700000e+00,3.9193000000e-02,1.5614900000e-09
ell2256,1.2169000000e+02,6.0007900000e+00,3.9148000000e-02,1.5601400000e-09
ell2257,1.2146000000e+02,5.9897600000e+00,3.9103200000e-02,1.5587900000e-09
ell2258,1.2123400000e+02,5.9783300000e+00,3.9058500000e-02,1.5574400000e-09
ell2259,1.2102200000e+02,5.9664700000e+00,3.9014000000e-02,1.5560900000e-09
ell2260,1.2080700000e+02,5.9542700000e+00,3.8969500000e-02,1.5547500000e-09
ell2261,1.2059800000e+02,5.9416400000e+00,3.8925200000e-02,1.5534000000e-09
ell2262,1.2039300000e+02,5.9287400000e+00,3.8881100000e-02,1.5520600000e-09
ell2263,1.2019400000e+02,5.9154200000e+00,3.8837000000e-02,1.5507200000e-09
ell2264,1.1999300000e+02,5.9016700000e+00,3.8793100000e-02,1.5493800000e-09
ell2265,1.1979000000e+02,5.8876300000e+00,3.8749300000e-02,1.5480500000e-09
ell2266,1.1960000000e+02,5.8732500000e+00,3.8705700000e-02,1.5467100000e-09
ell2267,1.1942200000e+02,5.8585000000e+00,3.8662200000e-02,1.5453800000e-09
ell2268,1.1924300000e+02,5.8433100000e+00,3.8618800000e-02,1.5440500000e-09
ell2269,1.1906100000e+02,5.8278400000e+00,3.8575500000e-02,1.5427200000e-09
ell2270,1.1888500000e+02,5.8120700000e+00,3.8532300000e-02,1.5413900000e-09
ell2271,1.1872200000e+02,5.7959300000e+00,3.8489300000e-02,1.5400600000e-09
ell2272,1.1855800000e+02,5.7795000000e+00,3.8446400000e-02,1.5387300000e-09
ell2273,1.1839100000e+02,5.7625400000e+00,3.8403600000e-02,1.5374100000e-09
ell2274,1.1823800000e+02,5.7453500000e+00,3.8361000000e-02,1.5360800000e-09
ell2275,1.1807600000e+02,5.7279300000e+00,3.8318400000e-02,1.5347600000e-09
ell2276,1.1793400000e+02,5.7101300000e+00,3.8276000000e-02,1.5334400000e-09
ell2277,1.1779100000e+02,5.6920100000e+00,3.8233700000e-02,1.5321200000e-09
ell2278,1.1763800000e+02,5.6736500000e+00,3.8191500000e-02,1.5308100000e-09
ell2279,1.1749900000e+02,5.6549000000e+00,3.8149400000e-02,1.5294900000e-09
ell2280,1.1735900000e+02,5.6359700000e+00,3.8107500000e-02,1.5281800000e-09
ell2281,1.1722500000e+02,5.6165700000e+00,3.8065600000e-02,1.5268600000e-09
ell2282,1.1708900000e+02,5.5970700000e+00,3.8023900000e-02,1.5255500000e-09
ell2283,1.1695200000e+02,5.5771500000e+00,3.7982300000e-02,1.5242400000e-09
ell2284,1.1682800000e+02,5.5571300000e+00,3.7940700000e-02,1.5229400000e-09
ell2285,1.1670400000e+02,5.5367600000e+00,3.7899300000e-02,1.5216300000e-09
ell2286,1.1656300000e+02,5.5160500000e+00,3.7858000000e-02,1.5203200000e-09
ell2287,1.1642900000e+02,5.4952100000e+00,3.7816800000e-02,1.5190200000e-09
ell2288,1.1632300000e+02,5.4740300000e+00,3.7775700000e-02,1.5177200000e-09
ell2289,1.1620100000e+02,5.4527100000e+00,3.7734700000e-02,1.5164200000e-09
ell2290,1.1608600000e+02,5.4310300000e+00,3.7693800000e-02,1.5151200000e-09
ell2291,1.1598500000e+02,5.4091300000e+00,3.7653000000e-02,1.5138200000e-09
ell2292,1.1589800000e+02,5.3870900000e+00,3.7612300000e-02,1.5125200000e-09
ell2293,1.1578800000e+02,5.3647600000e+00,3.7571700000e-02,1.5112300000e-09
ell2294,1.1568400000e+02,5.3422700000e+00,3.7531200000e-02,1.5099400000e-09
ell2295,1.1558700000e+02,5.3194000000e+00,3.7490700000e-02,1.5086400000e-09
ell2296,1.1547500000e+02,5.2966000000e+00,3.7450400000e-02,1.5073500000e-09
ell2297,1.1538500000e+02,5.2734800000e+00,3.7410100000e-02,1.5060600000e-09
ell2298,1.1529400000e+02,5.2502600000e+00,3.7370000000e-02,1.5047800000e-09
ell2299,1.1519500000e+02,5.2268000000e+00,3.7329900000e-02,1.5034900000e-09
ell2300,1.1511000000e+02,5.2030800000e+00,3.7289900000e-02,1.5022100000e-09
ell2301,1.1500300000e+02,5.1792600000e+00,3.7250000000e-02,1.5009200000e-09
ell2302,1.1491000000e+02,5.1554000000e+00,3.7210200000e-02,1.4996400000e-09
ell2303,1.1483200000e+02,5.1311900000e+00,3.7170400000e-02,1.4983600000e-09
ell2304,1.1473900000e+02,5.1069400000e+00,3.7130800000e-02,1.4970800000e-09
ell2305,1.1465400000e+02,5.0825700000e+00,3.7091200000e-02,1.4958100000e-09
ell2306,1.1456800000e+02,5.0579900000e+00,3.7051700000e-02,1.4945300000e-09
ell2307,1.1446000000e+02,5.0333500000e+00,3.7012200000e-02,1.4932600000e-09
ell2308,1.1438100000e+02,5.0085700000e+00,3.6972900000e-02,1.4919800000e-09
ell2309,1.1431800000e+02,4.9836400000e+00,3.6933600000e-02,1.4907100000e-09
ell2310,1.1423900000e+02,4.9587200000e+00,3.6894400000e-02,1.4894400000e-09
ell2311,1.1415400000e+02,4.9335000000e+00,3.6855200000e-02,1.4881700000e-09
ell2312,1.1407600000e+02,4.9083400000e+00,3.6816200000e-02,1.4869100000e-09
ell2313,1.1399100000e+02,4.8831000000e+00,3.6777200000e-02,1.4856400000e-09
ell2314,1.1391400000e+02,4.8577700000e+00,3.6738200000e-02,1.4843800000e-09
ell2315,1.1383700000e+02,4.8323400000e+00,3.6699400000e-02,1.4831100000e-09
ell2316,1.1375300000e+02,4.8068800000e+00,3.6660600000e-02,1.4818500000e-09
ell2317,1.1367700000e+02,4.7813900000e+00,3.6621900000e-02,1.4805900000e-09
ell2318,1.1360100000e+02,4.7557900000e+00,3.6583200000e-02,1.4793300000e-09
ell2319,1.1351900000e+02,4.7301600000e+00,3.6544600000e-02,1.4780800000e-09
ell2320,1.1344400000e+02,4.7045500000e+00,3.6506100000e-02,1.4768200000e-09
ell2321,1.1337800000e+02,4.6788200000e+00,3.6467600000e-02,1.4755700000e-09
ell2322,1.1329800000e+02,4.6531800000e+00,3.6429200000e-02,1.4743100000e-09
ell2323,1.1321000000e+02,4.6274100000e+00,3.6390900000e-02,1.4730600000e-09
ell2324,1.1313900000e+02,4.6018000000e+00,3.6352600000e-02,1.4718100000e-09
ell2325,1.1306100000e+02,4.5760500000e+00,3.6314400000e-02,1.4705600000e-09
ell2326,1.1298300000e+02,4.5503700000e+00,3.6276200000e-02,1.4693200000e-09
ell2327,1.1290700000e+02,4.5245500000e+00,3.6238100000e-02,1.4680700000e-09
ell2328,1.1284600000e+02,4.4989400000e+00,3.6200000000e-02,1.4668300000e-09
ell2329,1.1277200000e+02,4.4732400000e+00,3.6162000000e-02,1.4655800000e-09
ell2330,1.1269100000e+02,4.4476000000e+00,3.6124100000e-02,1.4643400000e-09
ell2331,1.1260300000e+02,4.4220900000e+00,3.6086200000e-02,1.4631000000e-09
ell2332,1.1252400000e+02,4.3965600000e+00,3.6048400000e-02,1.4618600000e-09
ell2333,1.1244700000e+02,4.3710700000e+00,3.6010600000e-02,1.4606200000e-09
ell2334,1.1234800000e+02,4.3454700000e+00,3.5972800000e-02,1.4593900000e-09
ell2335,1.1226500000e+02,4.3201300000e+00,3.5935100000e-02,1.4581500000e-09
ell2336,1.1218300000e+02,4.2947500000e+00,3.5897500000e-02,1.4569200000e-09
ell2337,1.1209500000e+02,4.2695500000e+00,3.5859900000e-02,1.4556900000e-09
ell2338,1.1200800000e+02,4.2444400000e+00,3.5822300000e-02,1.4544600000e-09
ell2339,1.1191600000e+02,4.2192800000e+00,3.5784800000e-02,1.4532300000e-09
ell2340,1.1182400000e+02,4.1942800000e+00,3.5747300000e-02,1.4520000000e-09
ell2341,1.1174900000e+02,4.1694400000e+00,3.5709900000e-02,1.4507700000e-09
ell2342,1.1165300000e+02,4.1446100000e+00,3.5672500000e-02,1.4495500000e-09
ell2343,1.1155800000e+02,4.1199300000e+00,3.5635100000e-02,1.4483300000e-09
ell2344,1.1146500000e+02,4.0953200000e+00,3.5597800000e-02,1.4471000000e-09
ell2345,1.1137300000e+02,4.0709300000e+00,3.5560500000e-02,1.4458800000e-09
ell2346,1.1128200000e+02,4.0466800000e+00,3.5523200000e-02,1.4446600000e-09
ell2347,1.1119300000e+02,4.0225000000e+00,3.5485900000e-02,1.4434400000e-09
ell2348,1.1109100000e+02,3.9985100000e+00,3.5448700000e-02,1.4422300000e-09
ell2349,1.1100500000e+02,3.9745900000e+00,3.5411500000e-02,1.4410100000e-09
ell2350,1.1089100000e+02,3.9508600000e+00,3.5374300000e-02,1.4398000000e-09
ell2351,1.1077900000e+02,3.9272500000e+00,3.5337200000e-02,1.4385800000e-09
ell2352,1.1067600000e+02,3.9038400000e+00,3.5300000000e-02,1.4373700000e-09
ell2353,1.1056700000e+02,3.8805300000e+00,3.5262900000e-02,1.4361600000e-09
ell2354,1.1046700000e+02,3.8574900000e+00,3.5225800000e-02,1.4349500000e-09
ell2355,1.1035400000e+02,3.8345600000e+00,3.5188700000e-02,1.4337500000e-09
ell2356,1.1024200000e+02,3.8118700000e+00,3.5151600000e-02,1.4325400000e-09
ell2357,1.1012500000e+02,3.7892900000e+00,3.5114500000e-02,1.4313400000e-09
ell2358,1.1001000000e+02,3.7668000000e+00,3.5077400000e-02,1.4301300000e-09
ell2359,1.0988900000e+02,3.7445500000e+00,3.5040400000e-02,1.4289300000e-09
ell2360,1.0977000000e+02,3.7226200000e+00,3.5003300000e-02,1.4277300000e-09
ell2361,1.0965300000e+02,3.7008500000e+00,3.4966200000e-02,1.4265300000e-09
ell2362,1.0953000000e+02,3.6792300000e+00,3.4929200000e-02,1.4253300000e-09
ell2363,1.0940200000e+02,3.6578500000e+00,3.4892100000e-02,1.4241300000e-09
ell2364,1.0927500000e+02,3.6366200000e+00,3.4855000000e-02,1.4229400000e-09
ell2365,1.0915100000e+02,3.6157600000e+00,3.4817900000e-02,1.4217400000e-09
ell2366,1.0901300000e+02,3.5949700000e+00,3.4780900000e-02,1.4205500000e-09
ell2367,1.0888500000e+02,3.5744000000e+00,3.4743800000e-02,1.4193600000e-09
ell2368,1.0875200000e+02,3.5540500000e+00,3.4706700000e-02,1.4181700000e-09
ell2369,1.0861300000e+02,3.5340600000e+00,3.4669600000e-02,1.4169800000e-09
ell2370,1.0846800000e+02,3.5141300000e+00,3.4632500000e-02,1.4157900000e-09
ell2371,1.0833300000e+02,3.4945600000e+00,3.4595400000e-02,1.4146100000e-09
ell2372,1.0819300000e+02,3.4751300000e+00,3.4558200000e-02,1.4134200000e-09
ell2373,1.0804000000e+02,3.4560400000e+00,3.4521100000e-02,1.4122400000e-09
ell2374,1.0789600000e+02,3.4371600000e+00,3.4483900000e-02,1.4110600000e-09
ell2375,1.0773900000e+02,3.4185500000e+00,3.4446800000e-02,1.4098700000e-09
ell2376,1.0759200000e+02,3.4001400000e+00,3.4409600000e-02,1.4087000000e-09
ell2377,1.0743200000e+02,3.3820000000e+00,3.4372400000e-02,1.4075200000e-09
ell2378,1.0728200000e+02,3.3641300000e+00,3.4335200000e-02,1.4063400000e-09
ell2379,1.0711900000e+02,3.3465300000e+00,3.4298000000e-02,1.4051600000e-09
ell2380,1.0696500000e+02,3.3291200000e+00,3.4260700000e-02,1.4039900000e-09
ell2381,1.0680600000e+02,3.3119700000e+00,3.4223500000e-02,1.4028200000e-09
ell2382,1.0664200000e+02,3.2951700000e+00,3.4186200000e-02,1.4016400000e-09
ell2383,1.0647200000e+02,3.2785400000e+00,3.4149000000e-02,1.4004700000e-09
ell2384,1.0630500000e+02,3.2622600000e+00,3.4111700000e-02,1.3993000000e-09
ell2385,1.0613200000e+02,3.2461600000e+00,3.4074400000e-02,1.3981400000e-09
ell2386,1.0596100000e+02,3.2303900000e+00,3.4037100000e-02,1.3969700000e-09
ell2387,1.0578400000e+02,3.2148000000e+00,3.3999800000e-02,1.3958000000e-09
ell2388,1.0560300000e+02,3.1996900000e+00,3.3962400000e-02,1.3946400000e-09
ell2389,1.0542300000e+02,3.1846100000e+00,3.3925100000e-02,1.3934800000e-09
ell2390,1.0524600000e+02,3.1699400000e+00,3.3887700000e-02,1.3923100000e-09
ell2391,1.0505500000e+02,3.1555900000e+00,3.3850400000e-02,1.3911500000e-09
ell2392,1.0486700000e+02,3.1414300000e+00,3.3813000000e-02,1.3899900000e-09
ell2393,1.0468800000e+02,3.1275100000e+00,3.3775600000e-02,1.3888400000e-09
ell2394,1.0448900000e+02,3.1139200000e+00,3.3738200000e-02,1.3876800000e-09
ell2395,1.0429900000e+02,3.1006600000e+00,3.3700800000e-02,1.3865200000e-09
ell2396,1.0410300000e+02,3.0876500000e+00,3.3663400000e-02,1.3853700000e-09
ell2397,1.0391000000e+02,3.0748900000e+00,3.3625900000e-02,1.3842200000e-09
ell2398,1.0370300000e+02,3.0624500000e+00,3.3588500000e-02,1.3830700000e-09
ell2399,1.0351400000e+02,3.0502000000e+00,3.3551100000e-02,1.3819100000e-09
ell2400,1.0331100000e+02,3.0383400000e+00,3.3513600000e-02,1.3807700000e-09
ell2401,1.0310300000e+02,3.0267300000e+00,3.3476100000e-02,1.3796200000e-09
ell2402,1.0290400000e+02,3.0153700000e+00,3.3438700000e-02,1.3784700000e-09
ell2403,1.0269200000e+02,3.0042600000e+00,3.3401200000e-02,1.3773300000e-09
ell2404,1.0248200000e+02,2.9935500000e+00,3.3363700000e-02,1.3761800000e-09
ell2405,1.0226600000e+02,2.9830200000e+00,3.3326200000e-02,1.3750400000e-09
ell2406,1.0205900000e+02,2.9728100000e+00,3.3288700000e-02,1.3739000000e-09
ell2407,1.0184000000e+02,2.9629300000e+00,3.3251100000e-02,1.3727600000e-09
ell2408,1.0162200000e+02,2.9533000000e+00,3.3213600000e-02,1.3716200000e-09
ell2409,1.0139800000e+02,2.9438400000e+00,3.3176000000e-02,1.3704800000e-09
ell2410,1.0118300000e+02,2.9347900000e+00,3.3138500000e-02,1.3693400000e-09
ell2411,1.0096200000e+02,2.9259100000e+00,3.3100900000e-02,1.3682100000e-09
ell2412,1.0072900000e+02,2.9173600000e+00,3.3063300000e-02,1.3670700000e-09
ell2413,1.0050400000e+02,2.9090600000e+00,3.3025700000e-02,1.3659400000e-09
ell2414,1.0027300000e+02,2.9010200000e+00,3.2988100000e-02,1.3648100000e-09
ell2415,1.0004400000e+02,2.8932300000e+00,3.2950500000e-02,1.3636800000e-09
ell2416,9.9816500000e+01,2.8857700000e+00,3.2912900000e-02,1.3625500000e-09
ell2417,9.9582900000e+01,2.8785000000e+00,3.2875200000e-02,1.3614200000e-09
ell2418,9.9350800000e+01,2.8714800000e+00,3.2837500000e-02,1.3602900000e-09
ell2419,9.9112700000e+01,2.8646500000e+00,3.2799900000e-02,1.3591700000e-09
ell2420,9.8876000000e+01,2.8582200000e+00,3.2762100000e-02,1.3580400000e-09
ell2421,9.8633200000e+01,2.8519900000e+00,3.2724400000e-02,1.3569200000e-09
ell2422,9.8399200000e+01,2.8460100000e+00,3.2686700000e-02,1.3558000000e-09
ell2423,9.8151700000e+01,2.8403100000e+00,3.2648900000e-02,1.3546800000e-09
ell2424,9.7905500000e+01,2.8347900000e+00,3.2611100000e-02,1.3535600000e-09
ell2425,9.7667900000e+01,2.8296900000e+00,3.2573300000e-02,1.3524400000e-09
ell2426,9.7416700000e+01,2.8247200000e+00,3.2535500000e-02,1.3513200000e-09
ell2427,9.7166800000e+01,2.8199400000e+00,3.2497700000e-02,1.3502100000e-09
ell2428,9.6925400000e+01,2.8155000000e+00,3.2459800000e-02,1.3490900000e-09
ell2429,9.6670300000e+01,2.8111300000e+00,3.2421900000e-02,1.3479800000e-09
ell2430,9.6423800000e+01,2.8071700000e+00,3.2384000000e-02,1.3468700000e-09
ell2431,9.6163600000e+01,2.8034300000e+00,3.2346100000e-02,1.3457600000e-09
ell2432,9.5919200000e+01,2.7998100000e+00,3.2308100000e-02,1.3446500000e-09
ell2433,9.5653600000e+01,2.7964800000e+00,3.2270100000e-02,1.3435400000e-09
ell2434,9.5403900000e+01,2.7932900000e+00,3.2232100000e-02,1.3424300000e-09
ell2435,9.5147700000e+01,2.7903900000e+00,3.2194100000e-02,1.3413200000e-09
ell2436,9.4892500000e+01,2.7877000000e+00,3.2156100000e-02,1.3402200000e-09
ell2437,9.4638200000e+01,2.7852400000e+00,3.2118000000e-02,1.3391200000e-09
ell2438,9.4377300000e+01,2.7829200000e+00,3.2079900000e-02,1.3380100000e-09
ell2439,9.4117300000e+01,2.7809000000e+00,3.2041800000e-02,1.3369100000e-09
ell2440,9.3865600000e+01,2.7790400000e+00,3.2003700000e-02,1.3358100000e-09
ell2441,9.3599800000e+01,2.7773300000e+00,3.1965500000e-02,1.3347100000e-09
ell2442,9.3342300000e+01,2.7759300000e+00,3.1927400000e-02,1.3336100000e-09
ell2443,9.3078000000e+01,2.7746900000e+00,3.1889200000e-02,1.3325200000e-09
ell2444,9.2814400000e+01,2.7736200000e+00,3.1851000000e-02,1.3314200000e-09
ell2445,9.2551600000e+01,2.7727800000e+00,3.1812800000e-02,1.3303300000e-09
ell2446,9.2289300000e+01,2.7720500000e+00,3.1774600000e-02,1.3292300000e-09
ell2447,9.2027700000e+01,2.7714900000e+00,3.1736300000e-02,1.3281400000e-09
ell2448,9.1759200000e+01,2.7711000000e+00,3.1698100000e-02,1.3270500000e-09
ell2449,9.1498800000e+01,2.7710400000e+00,3.1659800000e-02,1.3259600000e-09
ell2450,9.1231300000e+01,2.7710900000e+00,3.1621600000e-02,1.3248700000e-09
ell2451,9.0964400000e+01,2.7711800000e+00,3.1583300000e-02,1.3237800000e-09
ell2452,9.0690500000e+01,2.7715400000e+00,3.1545000000e-02,1.3227000000e-09
ell2453,9.0431800000e+01,2.7720100000e+00,3.1506800000e-02,1.3216100000e-09
ell2454,9.0166100000e+01,2.7726700000e+00,3.1468500000e-02,1.3205300000e-09
ell2455,8.9900800000e+01,2.7734600000e+00,3.1430200000e-02,1.3194500000e-09
ell2456,8.9635700000e+01,2.7744500000e+00,3.1392000000e-02,1.3183600000e-09
ell2457,8.9370900000e+01,2.7755700000e+00,3.1353700000e-02,1.3172800000e-09
ell2458,8.9098900000e+01,2.7767500000e+00,3.1315400000e-02,1.3162000000e-09
ell2459,8.8842000000e+01,2.7781400000e+00,3.1277200000e-02,1.3151300000e-09
ell2460,8.8577800000e+01,2.7796000000e+00,3.1238900000e-02,1.3140500000e-09
ell2461,8.8306300000e+01,2.7811900000e+00,3.1200700000e-02,1.3129700000e-09
ell2462,8.8049700000e+01,2.7830100000e+00,3.1162500000e-02,1.3119000000e-09
ell2463,8.7785800000e+01,2.7848300000e+00,3.1124300000e-02,1.3108200000e-09
ell2464,8.7521800000e+01,2.7867200000e+00,3.1086100000e-02,1.3097500000e-09
ell2465,8.7265300000e+01,2.7887700000e+00,3.1047900000e-02,1.3086800000e-09
ell2466,8.7001200000e+01,2.7910600000e+00,3.1009800000e-02,1.3076100000e-09
ell2467,8.6737100000e+01,2.7933500000e+00,3.0971700000e-02,1.3065400000e-09
ell2468,8.6472800000e+01,2.7956600000e+00,3.0933600000e-02,1.3054700000e-09
ell2469,8.6208300000e+01,2.7981500000e+00,3.0895500000e-02,1.3044100000e-09
ell2470,8.5943600000e+01,2.8007200000e+00,3.0857400000e-02,1.3033400000e-09
ell2471,8.5686000000e+01,2.8033300000e+00,3.0819400000e-02,1.3022800000e-09
ell2472,8.5428200000e+01,2.8060300000e+00,3.0781400000e-02,1.3012100000e-09
ell2473,8.5170000000e+01,2.8088400000e+00,3.0743400000e-02,1.3001500000e-09
ell2474,8.4911500000e+01,2.8117700000e+00,3.0705500000e-02,1.2990900000e-09
ell2475,8.4652500000e+01,2.8147300000e+00,3.0667500000e-02,1.2980300000e-09
ell2476,8.4400500000e+01,2.8177300000e+00,3.0629600000e-02,1.2969700000e-09
ell2477,8.4140600000e+01,2.8207800000e+00,3.0591800000e-02,1.2959100000e-09
ell2478,8.3887500000e+01,2.8238800000e+00,3.0553900000e-02,1.2948500000e-09
ell2479,8.3626500000e+01,2.8270200000e+00,3.0516100000e-02,1.2938000000e-09
ell2480,8.3379800000e+01,2.8302300000e+00,3.0478400000e-02,1.2927400000e-09
ell2481,8.3117600000e+01,2.8334900000e+00,3.0440600000e-02,1.2916900000e-09
ell2482,8.2869600000e+01,2.8367400000e+00,3.0402900000e-02,1.2906400000e-09
ell2483,8.2613400000e+01,2.8401200000e+00,3.0365200000e-02,1.2895900000e-09
ell2484,8.2361700000e+01,2.8434300000e+00,3.0327600000e-02,1.2885400000e-09
ell2485,8.2115200000e+01,2.8468800000e+00,3.0289900000e-02,1.2874900000e-09
ell2486,8.1868700000e+01,2.8502600000e+00,3.0252300000e-02,1.2864400000e-09
ell2487,8.1620600000e+01,2.8536400000e+00,3.0214800000e-02,1.2853900000e-09
ell2488,8.1376900000e+01,2.8570200000e+00,3.0177200000e-02,1.2843500000e-09
ell2489,8.1130800000e+01,2.8604900000e+00,3.0139700000e-02,1.2833000000e-09
ell2490,8.0887500000e+01,2.8639000000e+00,3.0102200000e-02,1.2822600000e-09
ell2491,8.0645600000e+01,2.8673200000e+00,3.0064800000e-02,1.2812200000e-09
ell2492,8.0402700000e+01,2.8706900000e+00,3.0027400000e-02,1.2801700000e-09
ell2493,8.0163200000e+01,2.8742300000e+00,2.9990000000e-02,1.2791300000e-09
ell2494,7.9925100000e+01,2.8775600000e+00,2.9952600000e-02,1.2780900000e-09
ell2495,7.9687400000e+01,2.8809300000e+00,2.9915300000e-02,1.2770600000e-09
ell2496,7.9450900000e+01,2.8843300000e+00,2.9878000000e-02,1.2760200000e-09
ell2497,7.9216300000e+01,2.8876900000e+00,2.9840700000e-02,1.2749800000e-09
ell2498,7.8982200000e+01,2.8909400000e+00,2.9803400000e-02,1.2739500000e-09
ell2499,7.8751400000e+01,2.8943000000e+00,2.9766200000e-02,1.2729100000e-09
ell2500,7.8520300000e+01,2.8974800000e+00,2.9729000000e-02,1.2718800000e-09
