label,g__Turicibacter,g__Parabacteroides,g__[Ruminococcus],g__Sutterella,f__Peptostreptococcaceae_g__,g__Ruminococcus,g__Veillonella,g__Bacteroides,g__Eggerthella,g__Faecalibacterium,g__Coprococcus,f__Lachnospiraceae_g__,g__Neisseria,g__Haemophilus,g__Blautia,f__Enterobacteriaceae_g__,g__Klebsiella,g__Dorea,g__Dialister,g__Anaerostipes,g__Phascolarctobacterium,g__Staphylococcus,g__Actinomyces,f__Gemellaceae_g__,g__Akkermansia,g__Oscillospira,o__Lactobacillales_g__,g__Adlercreutzia,g__Odoribacter,f__Clostridiaceae_g__,g__Prevotella,g__Roseburia,g__Lachnospira,o__Clostridiales_g__,g__Granulicatella,f__Erysipelotrichaceae_g__,f__Ruminococcaceae_g__,g__Clostridium,g__Streptococcus,g__Aggregatibacter,g__Fusobacterium,g__Conchiformibius,g__Bifidobacterium,g__Collinsella,g__Holdemania,g__[Eubacterium],f__Rikenellaceae_g__,g__Bilophila
s0_CD,1,1191,2258,31712,4,25,548,102806,160,132165,41,16008,1,16418,38,37584,18,6010,3072,1,2,1,15,35,12,1756,6,1,1,225,6,200,16,711,1,3492,4648,499,104,4722,6588,1350,209,2,6,47,7,6152
s1_no,1,17,1913,23,32,7,11,12631,33,3872,605,4178,1,34,1029,1521,1,75,5,14,1,1,2,4,1,163,1,1,6,5,2,14,54,1861,2,2488,1494,7,19,2,14,2,1941,1,38,96,9,2
s2_CD,3,152,868,142,1,5,86,26711,2,1997,72,1560,74,182,233,29509,8,125,6,1,7,57,39,51,151,37,1,2,2,101,15,168,36,515,18,1118,392,1,125,15,61,46,102,3,2,42,71,8
s3_CD,1,48,370,846,326,1,3,1029,1,221,12,179,1,84,5,625,1,53,1,1,1,136,1,20,2,1,1,1,1,88,1,1,1,4,1,396,79,121,43,2,1,1,1,1,1,1,1,1
s4_CD,1,18,2830,38,2,1,439,21095,183,7116,55,4520,21,1681,37,2866,16,225,2168,2,269,47,49,74,8,33,1,1,24,1,4,14,1,638,40,500,1012,1,56,4,697,1,25,148,1,40,103,1
s5_CD,1,6608,279,1920,1,9,174,7448,62,2046,1,1338,41,20,24,3669,2,5,2,1,15,1,4,2,6,6,1,1,1,2,4,3,2,21,5,1,482,1,29,5,9,1,344,2,1,350,6,428
s6_CD,1,204,506,17,56,66,387,13423,1,3050,215,1661,1,638,275,10,1,92,50,14,1,6,2,8,3,64,2,3,3,17,4,39,6,499,3,77,1177,1,30,11,291,7,108,74,2,5,1,365
s7_no,1,1348,9106,13,67,68,542,40840,18,1309,527,11027,1,451,883,369,2,258,2,2,812,12,4,42,1,48,1,1,2,110,4,1177,155,3651,58,997,1701,1,235,2,26,3,1,1,56,533,7,1
s8_CD,1,67,112,3,1,2,21,11823,11,1347,17,745,1,22,35,35,1,9,2,1,4,85,3,9,2,30,1,1,4,1,1,13,1,28,6,113,77,2,264,2,16,2,15,1,6,45,62,39
s9_CD,1,34,572,2,288,1,18,7198,1,14,28,1141,1,11,35,4703,18,383,4,1,47,20,3,5,1,2,1,1,3,83,3,5,22,24,26,54,195,1,65,1,13,1,1,1,1,1,1,1
s10_no,1,7,137,70,1,2,6,8098,14,259,20,558,1,48,258,19,1,47,15,1,1,14,2,3,1,136,1,1,1,1,1,110,2,68,1,132,196,1,18,1,8,1,2,1,16,5,532,64
s11_no,1,102,499,82,84,48,33,2423,8,982,236,786,2,17,215,56,41,62,64,1,1,4,1,1,1,20,5,1,3,28,3,207,4,571,1,356,303,1,13,1,6,1,36,1,1,13,45,30
s12_no,1,339,522,3365,1,97,14,25640,2,8233,269,2373,1,280,333,5868,2,214,2,1,39,40,1,1,426,163,2,1,38,18,288,409,239,434,1,251,720,2,127,14,71,38,185,195,67,106,208,208
s13_no,1,33,71,39,274,1,9,6944,4,66,1,659,23,22,4,44,1,11,9,4,1,169,5,2,6,1,1,1,1,1,26,21,1,27,2,9,33,1,12,4,6,1,21,5,1,2,11,2
s14_CD,1,574,101,2468,8,333,6,3553,1,1671,129,636,1,1449,59,7628,3,58,2075,10,1,3,2,140,2,13,122,2,3,2,42,122,241,131,38,424,760,2,127,4,3,6,1174,59,1,1,60,49
s15_no,12,2621,4234,24,42,85,99,38283,21,579,1359,8005,2,78,2277,1973,35,394,639,25,2,24,1,3,6,441,8,1,9,4,12,6891,6,6540,1,3066,883,28,39,54,47,5,41,422,20,16,557,3235
s16_CD,2,6,2274,3824,136,60,54,32,29,9874,470,10350,5,271,3301,280,1,1106,4,127,1,5,4,13,1,1207,3,1,1,54,1,3523,481,884,3,5644,1341,1311,53,19,51,2,65,1,119,384,3,1
s17_CD,2,544,4518,5926,38,220,1,3530,150,820,1710,8861,1,3,10917,2430,1,2658,2,1,999,1,9,2,1,35,6,1,1,12,2,12,2,3768,6,11659,2518,1,234,5,1,1,371,3,28,1001,97,469
s18_no,1,762,325,71,1,91,3,3444,1,888,55,593,3,224,95,391,1,116,1,11,1,1,1,1,1,64,1,1,32,1,420,75,1,122,3,102,139,4,28,6,8,3,2,1,5,2,52,26
s19_CD,1,1,4704,1,1345,56,7,11,3,21087,44,8594,1,43,648,3,1,956,8,1,2,1,2,1,1,177,5,1,1,1,1,11667,2846,396,3,181,929,10,10,1,1,1,278,2,69,355,1,1
s20_CD,5,2,10485,1,17,52,37,3320,147,1,27,5893,1,2,8021,670,2,643,5,1,2,1,19,12,1,76,73,1,1,2,1,4361,1,4269,33,564,231,1,306,1,60,1,3,1,1,41,2,1
s21_CD,1,3,2667,1,506,2,687,371,1,1,1,17,1,2,5,7814,5,1382,2,1,1,1,2,1,1,1,5,1,1,103,1,4,2,4,1,217,4,52,65,1,1,1,1,31,1,1,2,1
s22_CD,1,1485,8386,9097,8,118,69,34714,64,91,3,119,84,80,8,6963,1006,26,7,2,3,18,7,23,11,1338,90,1,24,9,16,8,2,25,15,4270,10111,76,104,6,33,1,1,1,1,2109,22,5
s23_no,1,1545,202,596,14,23,14,20080,10,4158,558,4971,1,7,268,232,1,341,1,1,1,1,1,1,2,136,1,1,205,19,2,404,28,420,2,167,1198,18,25,1,1,1,127,12,13,6,1165,25
s24_no,1,5,293,1750,67,669,1,19367,12,128,12,2670,1,3,230,18,1,2,625,1,3,1,1,1,1,343,3,1,1,9,1,1223,1,1175,1,68,1550,31,1,1,11,1,14,1,89,49,6,2
s25_CD,1,2,265,2,1,4,1,15,1,4,2,16,1,2,6,4,2,1,1,1,1,9052,2,1,2,2,1753,1,1,1,1,2,1,4,3,208,6,2,66,1,1,1,22717,1,1,2,2,2
s26_CD,1,923,716,4,12,4453,3,3639,211,3568,1001,3880,1,1,3363,1607,1,283,3,2,4,1,6,1,19197,104,15,3,39,4,3,1118,8,3072,1,1275,505,1,13,1,1,1,5,1123,31,135,8,2
s27_no,1,194,50,33,4,14,1,9734,2,1581,21,561,1,3,70,986,1,24,1,1,1,1,1,1,1,186,1,1,1,1,1,398,12,306,1,37,324,1,13,1,16,4,13,1,2,2,355,42
s28_no,1,2,991,1,28,10,76,4463,6,5359,20,524,1,61,49,241,1,561,1,1,1,2,3,3,1,153,1,1,1,377,1,100,1,1912,4,459,304,1,10,1,130,13,70,1,1,128,1,1
s29_no,1,208,153,32,3,1,23,2890,3,543,6,911,1,40,57,4,1,9,28,1,1,1,3,4,1,7,1,1,1,1,1,224,1,444,24,322,129,1,28,1,1,1,12,1,1,14,1,61
s30_CD,1,36,74,298,1,10,6,4650,1,1308,13,550,1,1,259,48,1,24,92,2,3,13,3,1,1,67,1,1,74,4,6,2,23,224,1,37,607,3,3,2,1,1,9,4,9,6,354,37
s31_CD,1,2718,863,2969,121,20,103,13842,12,4225,212,2501,2,3818,297,521,1,116,1953,1,2,3,11,6,2,130,1,7,2,27,1,450,95,3157,37,773,2375,10,105,255,32,1,102,1,205,102,974,563
s32_CD,1,47,23,1,1,1,1,433,1,10,1,31,1,3,3,7,1,3,3,1,1,1,1,1,1,2,3,1,1,5,1,1,1,6,1,4,5,3,2,1,1,1,3,4,1,3,1,1
s33_CD,4,1836,598,6,1,358,20,8799,1,6055,315,2499,1,283,467,60,1,136,5,17,1,3,3,5,820,355,3,3,113,20,24,12,56,1236,1,502,4682,29,16,8,1,1,6,60,68,12,1197,549
s34_CD,3,933,2132,963,1,175,8,13278,77,526,314,3669,1,5,1858,2,1,425,7,3,1,1,1,1,2,971,2,85,130,4,2,4,432,165,4,561,689,1,61,1,2,1,7,5,104,175,1,1
s35_CD,1,349,180,1419,157,77,6,2406,1,1571,169,739,1,42,471,39,1,139,1418,1,237,1,1,3,1,421,2,1,1,253,5202,288,68,149,1,196,1600,18,104,19,3,3,183,1,16,5,1,1
s36_CD,1,1773,3035,3454,4,235,79,20448,7,5265,350,4028,100,6859,183,5377,1,163,2661,3,2,14,6,32,3,439,1,3,489,4,6,47,2,1020,37,237,1172,1,341,1423,112,22,135,112,11,23,2224,117
s37_CD,1,1,64,12,1,10,4,227,13,98,42,90,1,7823,44,16921,1,28,2,1,1,6,7,22,1,1,1,1,1,4,1,3,1,69,5,29,24,1,322,881,26,3,23,1,1,1,6,1
s38_CD,1,13,9,54,2,1,12,361,1,183,1,63,11,59,8,30152,1,1,2,1,1,4,4,8,3,1,1,1,2,1,4,19,1,17,31,15,45,1,77,2,5,1,1,1,1,1,4,2
s39_CD,1,1,6,1,1,1,5,1246,1,7,4,5,1,11215,1,63,1,1,13,1,1,6,37,13,1,1,1,1,1,1,2,1,1,3,7,2,4,9,168,927,3,4,4,1,1,2,1,1
s40_no,2,45,171,84,89,6,6,3659,2,160,238,769,9,2227,235,3018,32,96,1,1,7,1,1,2,1,15,1,1,5,19,2,182,285,226,1,204,17,2,22,1,75,1,2,1,1,21,61,29
s41_no,1,1,75,368,233,1,7,1172,1,254,7,139,1,1328,6,1063,8,9,1,1,1,1,1,1,1,1,1,1,1,34,1,19,1,2,1,26,49,145,17,25,1,1,5,1,1,1,1,1
s42_no,1,462,434,1353,12,28,105,5606,4,1588,11,788,3,1021,80,432,1,13,183,1,129,4,39,146,1,76,1,1,1,2,1,136,1,328,238,175,81,6,671,134,33,1,6,2,1,9,2,1
s43_CD,1,22,353,330,2,5,108,2596,1,150,8,51,1,263,1,4499,1,7,10,1,1,7,17,2,1,2,1,1,1,56,1,33,1,35,4,125,46,75,96,1,65,1,3,1,8,21,8,20
s44_CD,1,8,2,49,1,1,37,4966,1,10,1,6,1,949,1,19797,2,1,1,1,1,1,1,15,1,1,1,1,3,1,5,1,1,4,34,10,189,1,76,27,218,13,1,1,1,1,2,166
s45_no,1,1039,185,1855,236,358,25,4248,1,7289,415,1482,1,28,282,908,6,189,3754,12,26,2,2,12,1,292,1,7,109,19,11593,1492,441,990,3,30,1406,11,71,20,1,3,75,17,33,1,1137,215
s46_no,1,1,992,7,64,2,321,23,1,15,57,833,1,48,32,9801,1,442,14,1,156,1,5,2,1,3,29,1,1,79,1,1147,44,1581,1,896,286,240,23,1,201,1,1,1,3,196,2,1
s47_CD,1,47,14,5,9,1,96,14362,3,3442,4,164,1,2744,3,13434,1,2,217,1,1,1,5,5,2,25,1,1,1,4,2,2,1,5,34,24,148,1,68,34,34,1,2,1,1,1,1,42
s48_no,1,1049,291,913,10,128,1,14098,4,2528,619,2665,4,320,171,4408,1,42,2448,1,239,4,1,4,1,1494,1,1,3576,6,5,1090,12,1801,1,61,2530,19,28,3117,27,4,45,13,96,88,5745,2096
s49_CD,1,135,117,406,6,20,2,2358,1,2685,26,614,4,20,125,29,1,30,45,1,2,6,1,12,1,32,1,1,14,3,2,62,1,209,4,74,150,1,41,1,26,1,2,9,4,1,70,42
s50_CD,1,62,105,23,3,4,193,1606,1,352,9,148,1,159,4,3987,1,41,20,1,1,1,20,45,1,1,1,1,1,1,1,1,14,37,23,33,48,1,246,13,464,18,1,1,1,1,1,1
s51_no,1,409,1635,486,95,1,529,15748,3,3946,153,697,7,423,49,5301,1,1,1,1,280,1,1,7,1,2,1,1,5,20,1,407,171,888,1,501,347,2,36,24,166,8,134,1,1,13,6,96
s52_CD,1,3,299,717,3,15,66,7318,2,1129,2,1276,3,279,24,4592,1,32,5,1,1,4,6,22,1,75,1,1,1,1,4,93,1,377,7,18,325,1,51,18,15,1,35,1,1,1,7,1
s53_no,1,5,2133,2,312,2,200,24,1,5,2,10114,6,1858,67,4099,224,1450,1,1,752,1,14,9,1,500,1,1,3,55,4,28,1,7888,54,1419,981,1,232,72,473,5,1,1,1,1680,2,1
s54_CD,1,1394,446,4673,1,15,34,21818,1,1892,110,2178,1,49,65,143,1,194,1,1,1,1,2,1,1,1400,1,1,296,4,2,12,6,631,1,314,716,1,21,8,28,1,2,20,69,4,881,713
s55_CD,1,1,5,1,1,1,74,2431,1,109,4,6,10,3090,2,4133,1,7,5,1,1,12,2,1,1,1,1,1,1,1,1,1,1,3,8,1,18,1,73,48,87,3,1,1,1,6,1,42
s56_CD,1,787,583,4291,7,25,32,12873,1,3333,26,437,1,186,63,1933,1,126,43,1,1,29,2,3,1,241,1,1,1,2,1,1,4,148,4,131,327,2,7,49,67,1,1,14,2,1,1146,396
s57_no,1,2064,2851,2388,1,15,119,29656,8,10111,138,9476,24,519,330,170,129,1834,1,1,1,1,2,26,1,244,1,1,1,1,2,14,1,1309,52,393,785,1,103,1,831,1,103,434,40,160,88,5
s58_no,4,275,64,172,64,44,6,2552,1,714,23,345,5,2011,195,32,1,21,1,2,31,1,1,9,1,80,1,4,29,9,1,393,50,466,2,125,225,3,25,68,4,1,70,12,5,3,174,65
s59_no,1,482,634,634,46,97,31,8394,1,1555,28,1140,3,41,101,9077,1,34,3,1,24,1,2,11,3,17,1,1,27,28,1,42,1,543,5,331,359,1,50,11,74,1,8,1,13,21,111,1
s60_CD,1,409,233,1398,13,2,4,3076,1,46,4,117,1,5,84,8578,1,22,8,1,1,4,1,1,2,9,1,1,2,793,18,3,3,21,4,312,18,1,4,1,1,1,3,3,1,5,1,1
s61_CD,1,322,660,950,1,11,98,6114,3,2446,18,1165,1,2827,16,14,1,405,313,1,1,2,52,19,1,75,1,1,15,1,231,13,1,38,15,175,254,1,194,21,49,50,41,108,4,7,48,135
s62_CD,1,491,2278,9655,64,30,373,26346,14,17301,330,6295,28,3048,10,1069,1,266,2600,1,108,1,1,154,1,90,1,1,14,11,3,82,1,2509,20,1276,3885,1,54,12,11580,50,70,171,1,1,15,2434
s63_CD,1,2,13,3,1,2,27,1040,1,3,1,11,1,93,1,3618,16,22,1,1,1,1,1,3,1,1,1,1,1,1,1,1,1,2,4,1,22,1,28,44,151,4,1,1,1,1,1,1
s64_no,1,102,48,1167,161,9,10,808,1,230,1,122,1,2123,11,15,1,19,1,1,4,1,18,1,1,5,1,1,4,61,1,38,1,32,1,84,30,18,27,754,1,6,1,1,1,2,6,1
s65_CD,1,66,122,43,1,10,3,2039,1,403,24,877,1,21,23,4012,1,24,11,1,16,4,7,2,1,22,1,1,3,1,1,35,1,92,1,154,75,1,21,4,7,1,1,1,1,7,38,1
s66_CD,1,276,87,885,1,4,63,7805,1,244,1,497,3,1061,1,1,1,12,2,1,76,25,2,1,1,8,1,1,22,1,2,1,1,10,4,1,14,1,14,8,1862,1,11,1,1,1,16,59
s67_CD,12,4,1293,4,173,22,47,60,7,4,1,562,1,2100,346,5635,1,263,131,1,1,25,2,2,1,343,3,1,1,29,2,2,1,1,1,184,81,1,43,76,25,3,147,1,3,178,6,1
s68_no,1,1,998,11,2,2,7,18296,5,5958,113,1275,1,8,34,1481,2,85,59,1,1,1,4,1,1,17,1,1,1,1,2,53,1,239,5,501,254,2,9,1,78,26,122,64,1,4,1,1
s69_CD,1,320,108,323,6,45,77,2147,1,1,1,163,1,83,19,238,1,3,217,1,1,16,15,30,1140,27,12,1,38,8,1,1,1,14,54,4,59,1,212,1,3,1,1,1,1,29,115,1
s70_no,2,3005,1788,1241,48,164,24,20580,1,3206,295,2739,1,1071,582,5138,1,278,3,2,1,2,10,2,1,665,1,1,961,52,3324,1365,351,1337,7,1,1723,13,50,1,1,1,411,138,58,7,4119,389
s71_no,48,1065,610,498,89,107,61,13203,5,2464,89,1188,1,66,290,3059,1,173,1,1,210,1,9,6,1,330,1,1,52,35,1,273,25,890,22,273,466,1,74,1,23,6,58,93,24,16,382,72
s72_no,1,2825,657,1674,33,811,5,17169,15,240,1014,8175,3,50,709,63,1,71,4432,1,1,2,1,1,1,864,1,1,827,3,3,4148,34,1666,1,210,2516,12,15,2,26,1,2,2,157,379,6154,498
s73_CD,84,2,707,23,1943,37,1787,85,1,4865,2,20697,1,2,18305,1151,3,883,959,1,1,1,104,54,1,33,635,1,1,671,7,2853,1,161,364,12290,3537,2,8601,1,1699,1,4,2,1,11,1,1
s74_no,21,1576,456,700,118,355,7,7706,1,952,127,964,1,88,398,19,1,47,2,30,1,2,3,1,993,39,1,1,41,164,7,1078,52,606,1,14,498,6,16,1,8,1,89,56,9,37,611,192
s75_no,1,265,496,1387,1158,8,66,5208,1,5655,47,1896,1,1483,471,91,1,79,1,1,55,2,2,3,1,52,1,1,26,274,1,122,1,633,15,377,490,1,24,1,4,1,5,1,12,35,201,1
s76_no,1,341,120,5,1,13,10,5764,3,328,5,243,1,439,8,158,1,24,2,10,176,2,1,8,1,75,1,1,43,8,1,280,85,249,1,20,195,1,56,8,15,1,1,1,18,10,570,52
s77_CD,1,2,3,54,1,1,1,5,1,5,1,13,1,701,1,8840,60,1,1,1,1,1,1,10,1,1,10,1,1,1,1,2,1,2,40,1,5,1,27,10,1,61,2,1,1,1,4,1
s78_no,1,2487,841,3714,77,16,2,15286,3,1535,45,2007,1,13,361,984,1,195,1,1,1,1,7,5,1,34,1,1,1,226,524,50,1,421,4,1516,263,44,30,5,4,1,194,158,1,23,16,71
s79_no,1,410,1109,2,1,150,156,3910,11,1239,44,1359,1,138,110,49,1,25,2,2,1,3,2,1,1,71,1,1,1,1,1,1,1,70,13,1219,244,1,34,1,16,2,1,3,1,302,166,501
s80_CD,1,3428,711,240,18,11,5,13525,26,8097,15,1853,1,2099,243,10,1,555,4,1,1,6,1,4,1,115,1,1,2,4,1,1,1,848,2,1579,322,1,14,1,5,2,1,1,4,35,1,1
s81_no,1,372,117,625,4,6,12,5521,1,992,43,591,1,16,101,582,2,16,2,1,98,1,2,5,8,255,3,1,38,2,2887,548,1,81,6,22,100,3,14,1,2,1,15,4,12,6,200,16
s82_CD,2,3,1849,163,13,177,64,151,30,1450,603,2644,1,3,2730,29,17,818,302,1,5,1,27,1,1,12,1,17,1,9,2,192,1,568,14,83,808,152,2193,2,1,1,4315,2858,5,11,19,3
s83_CD,33,2742,397,2100,172,41,921,7117,28,12002,599,4645,3,1824,2016,90,2,238,107,1,595,7,10,48,1,1055,1,1,1,68,15275,1629,1326,1365,13,249,1346,23,3316,49,1,2,1327,1,82,96,1512,1
s84_CD,3,148,33,7,4,10,1,70,1,57,5,46,1,2,32,63,3,12,18,2,8,20363,171,155,1,6,1,1,1,2,14,13,5,31,145,4,41,5,1129,2,1,1,23,1,1,5,7,1
s85_CD,1,4,16452,2,6,1205,18,21646,596,27,2,13387,1,13,6684,1498,1,6,83,1,1,2,153,11,1,22,509,1,1,4,5,5,1,1898,19,1844,263,1,373,1,2,1,5432,1,1,6396,1,1
s86_CD,1,383,1218,1,30,1179,2,17689,1,155,2789,5093,1,3,7473,136,3,2020,1,1,310,3,99,20,1,713,3,1,1,2,2,19,42,2497,43,20,4813,1,1808,1,1,1,3956,2200,1,76,2,1
s87_CD,4,991,184,2,143,1002,26,8961,3,1333,64,868,1,2,315,18,1,60,1443,13,1,10,3,3,206,194,2,97,1,67,2,2,1,184,2,228,3587,8,31,1,2,1,2,1,1,153,846,1
s88_CD,8,8,910,3,70,1778,3,64,2,409,1011,2035,1,3,1532,6,1,659,12,5,4,11,16,8,19,239,1,76,1,113,40,206,46,1172,7,268,454,41,948,1,2,1,153,1464,10,10,11,3
s89_CD,106,3739,2521,669,369,2161,26,4920,7,12812,381,2877,1,107,3822,84,2,3095,4,1,8,11,9,36,1,507,1,28,1,80,16694,6,1836,1163,23,147,2570,1,305,1,1,1,772,349,62,57,2,149
s90_CD,228,1381,1689,258,1072,10723,1,14369,18,4137,2309,5677,1,10,3979,35,21,1711,6,5,1,3,26,1,1,1237,1,322,51,717,6,217,3,1672,1,154,5148,180,54,2,3,2,11639,1622,48,110,1119,1441
s91_no,7,411,701,646,2,2480,25,3057,73,6181,1349,8663,2,20,2559,5,2,445,3,186,166,3,22,2,1,272,1,46,21,2,2,402,603,4410,6,246,5001,737,1081,2,1,1,2715,587,34,11,287,134
s92_CD,1,2,781,1975,167,208,94,23486,33,12552,3721,5331,1,324,4747,11,4722,583,5,3,1024,1,5,6,1,673,1,100,100,29,7,8111,1630,2939,25,742,4370,2,1255,3,3,1,9,128,59,15,1912,1
s93_CD,1,11,5032,3,112,1834,1,63,363,46,3721,2157,1,2,1365,702,4,865,4,1,10,5,81,53,1,59,6,386,1,35,2,24,1,1016,28,1633,6479,17,5018,2,1,1,3112,1818,30,358,18,1
s94_CD,14,1,661,1,14,1,1,49,3,1961,106,797,1,1,1116,1,1,247,1,1,1,1,3,5,1,3,1,1,1,5,52,43,1,225,8,1612,336,1,47,1,1,1,1761,505,2,3,1,6
s95_CD,1,309,30,856,1,7,130,4039,3,479,40,181,1,567,2,444,2,31,477,1,1,4,1,20,1,251,1,1,199,1,1,1,1,96,1,1,115,4,11,24,463,1,1,7,1,2,47,1
s96_CD,1,35,72,37,15,2,37,1125,1,318,4,167,4,610,5,2894,2,20,3,1,2,2,1,4,1,2,1,1,1,18,1,3,1,12,1,71,44,4,22,979,40,4,13,2,2,1,3,14
s97_CD,4,16,114,157,62,7,39,412,1,255,1,160,5,263,47,4460,1,42,6,1,3,1,14,72,15,39,1,1,4,20,1,1,2,54,38,73,127,1,242,10,7,1,11,7,1,23,4,7
s98_CD,1,44,3398,102,1,41,7,3102,1,2,69,667,13,239,32,11,1,672,1,1,16,1,2,43,1,1,93,1,1,1,2,2,1,65,7,1178,3,1,131,25,14,1,143,1,1,5,1,1
s99_CD,1,1,784,1,6,40,4,3,2,493,10,439,1,77,17,2134,1,4,2,1,1,1,2,2,1,2,1,1,1,12,1,12,36,10,1,346,526,1,4,1,1,1,1,2,2,35,2,1
s100_CD,67,1,458,14,2,22,119,85,1,877,101,1196,5,607,74,659,1,41,1,2,1,1,13,25,1,7,1,1,1,2,1,64,5,35,13,1,312,2,221,36,21,2,149,100,1,8,6,1
s101_CD,6,1497,582,775,136,5,7,10918,28,5236,11,2191,1,255,50,58,1,2,4,3,1,2,8,6,1,520,3,3,1,66,1,2,2,85,6,80,4443,2,131,1,1,1,8,2,1,24,158,1
s102_CD,206,388,1252,3,418,76,323,6897,239,7544,1000,3480,1,805,8972,236,1,1002,2639,1,1,1,18,5,1,238,4,1,1,40,1,1902,19,714,20,273,2921,3,457,1,1,1,3905,1,16,1193,638,1
s103_CD,1,1,892,295,2,2483,6,10155,32,6302,1230,3255,1,3,333,3,1,56,1,1,1,1,1,1,1,656,1,1,1,2,1,304,359,4945,4,23,1801,158,84,1,1,1,3,1,37,36,5318,1
s104_CD,1,1,1640,1,12,41,50,2058,1,2,1,1171,3,26,170,1732,1,51,303,1,1,31,2,25,1,21,1,1,1,5,1,1,1,15,1,360,177,1,9,1,17,1,1,1,1,16,1,1
s105_CD,77,808,4151,97,661,1159,1,5950,446,665,579,1255,1,2,4009,265,4,1857,3,1,195,1,7,5,1,2528,3312,40,1,44,1,2,1,949,8,284,1520,1,283,1,1,1,4,1601,62,396,1,1
s106_CD,14,206,456,1,94,1111,2,3227,22,2818,67,1411,1,2,1245,2,1,76,1853,1,1,1,1,1,1,152,2,152,6,4,1,299,37,1151,3,84,487,22,110,1,1,1,2673,2,3,48,1,114
s107_CD,27,479,1398,60,42,776,1,12891,49,1491,1523,2402,1,7,1511,25,1,426,1,35,1,1,11,2,3,1193,1,573,108,422,1,79,1,1356,2,439,3948,414,399,1,1,3,4,1121,69,126,60,167
s108_CD,1,162,1261,1,157,1195,117,1148,200,5,1306,1415,1,1,5456,8,1,1245,78,1,2,1,70,43,1,511,1,1,13,15,1,629,2,3048,50,77,2775,9,5469,1,2,1,3,296,1,132,27,1
s109_CD,12,1,6113,2,790,93,333,4224,1,1,4,1842,1,21,3,7756,5,837,1,1,1,3,27,9,1,216,132,1,1,494,1,1,1,1813,4,2601,451,79,179,108,4,56,695,1,1,2715,1,1
s110_CD,2,251,495,325,10,753,3,3650,18,4215,934,3339,1,5,5167,1,1,1,3,18,97,2,11,3,1,1280,1,172,33,1,3260,4,2,2157,8,2215,3016,452,551,1,1,1,97,3,113,69,965,57
s111_CD,276,3,426,455,1972,1768,48,9175,15,3869,2885,5313,1,36,1555,14,1,556,1537,212,1,1,5,1,1,934,3,212,134,347,2,263,97,1881,1,65,4396,1179,114,2,2,1,4679,223,24,149,2888,1
s112_CD,9,1111,1106,891,317,122,2,7426,2,7611,907,6768,1,181,5591,5,2,326,3,65,744,1,3,3,1,63,1,1,49,104,1,1748,421,1537,5,144,1482,31,16,1,1,1,617,3,4,1,469,29
s113_CD,3,79,1097,406,280,292,22,1003,4,6223,947,3099,1,65,4838,3,1,1312,4445,11,1,1,5,3,1,1059,1,219,1,22,1,255,623,1505,3,2619,6308,337,545,1,1,1,1534,1833,111,110,118,138
s114_CD,2,71,5440,1,103,30,3,79,122,1,1,1262,1,1,1296,475,6,2086,1,1,1412,1,17,7,1,1,43,1,1,2,1,1,2,15,13,598,5,1,131,1,1,1,2,2,1,129,2,2
s115_CD,127,4,1607,34,190,2353,22,12089,149,6845,169,4523,1,65,8076,4,1,1376,4047,63,2,1,32,9,3,875,1,1076,1,75,2,3584,100,2353,26,1020,2333,62,5110,1,1,1,228,339,221,391,6,1
s116_CD,111,2,3901,2,1601,1318,3,29,532,6,317,3119,1,2,3862,420,2,601,1255,2,1,2,13,3,2,3142,1,627,1,983,2,13,1686,1010,1,600,2809,2,1087,1,1,1,6208,5,295,872,3,1
s117_CD,2,499,140,268,547,1491,30,9862,33,6199,426,3302,1,1147,2771,20,1,73,2,473,1,1,6,3,1,612,1,37,106,373,1,347,69,5362,1,1522,4331,205,67,488,1,1,1776,2158,40,31,1498,46
s118_CD,1,152,44,680,1,9,54,2508,1,591,11,121,1,287,1,296,2,22,203,1,1,1,1,12,1,180,2,1,128,2,3,1,1,55,4,2,125,2,12,9,82,1,1,7,1,2,52,1
s119_CD,2,5,133,1323,1,2,334,16073,1,1713,1,356,1,2700,21,6799,21,4,15,1,1,27,1,7,1,10,6,1,1,36,25,5,4,284,2,113,205,1,23,11,215,9,6,1,1,5,3,10
s120_CD,3,1,11400,2,3,105,12,11,1,8,4,5713,1,49,15,8459,2,600,4,1,2,1,10,9,1,2297,2,1,1,2,3,5,2,11,21,165,7,2,70,1,2,1,7,1,1,46,5,2
s121_CD,1,703,1253,189,1,90,3,4153,6,192,23,663,1,2,158,1,1,11,1,1,83,1,2,13,1,52,1,3,18,1,1,45,8,104,3,3,124,2,6,2,1,1,5,1,78,6,19,9
s122_CD,1,5204,4245,4235,462,1,503,21347,7,21,1,3370,5,725,1022,8922,1,5,7,1,1,1,7,22,1,612,4,1,377,278,20,355,1,283,11,226,1971,1,253,23,9,1,61,1,1,473,366,2
s123_CD,1,1,8,2,5,1,154,7,1,2,1,2,1,3807,1,799,1221,1,1,1,1,1,11,6,1,1,37,1,1,8,3,1,1,2,1,1,141,28,50,191,1,69,1,1,1,1,1,1
s124_CD,1,38,32,117,1,1,94,2767,1,264,2,53,160,3710,1,30,1,1,6,1,1,1,5,43,11,5,2,1,6,7,14,1,1,4,25,32,3,3,134,463,995,27,1,1,1,1,6,29
s125_CD,1,422,293,1260,11,66,2,4553,5,568,9,593,2,150,187,8,1,5,455,1,1,1,3,1,1,239,1,1,95,7,4,95,1,649,4,60,534,1,10,2,1,1,7,1,30,1,286,148
s126_CD,1,505,387,1439,1,2,166,4926,6,2181,27,1648,19,686,9,138,1,78,4,1,1,1,1,3,1,114,1,1,62,5,7,2,1,154,6,66,227,1,29,104,291,3,3,1,1,4,5,188
s127_CD,2,14,695,33,7,2,25,15300,8,9,1,540,13,390,37,1379,23,122,118,1,1,1,12,8,1,99,4,1,1,22,23,1,1,48,36,44,56,1,42,116,557,7,2,1,1,101,2,1
s128_CD,1,617,294,1143,7,8,42,8346,5,4274,62,875,4,522,82,359,1,42,609,2,42,1,1,4,599,33,8,1,1,17,15,7,1,351,7,166,892,1,29,71,49,1,8,24,6,6,840,556
s129_CD,1,760,595,1953,178,1638,24,19677,1,4303,1,2587,3,28,1182,74,2,3,30,1,959,5,6,8,3,578,1,1,661,38,1,1428,42,200,17,758,2997,5,34,2,9,1,1,2,108,169,3083,385
s130_CD,1,1154,128,1402,28,213,233,11427,10,7763,48,1868,78,7273,109,34,1,385,52,12,1,1,7,15,5956,496,1,1,206,7,1,66,11,682,38,55,376,12,201,4173,189,3,6,1,13,25,2584,2
s131_CD,1,964,415,2007,1,3,48,23454,8,1406,10,1416,133,1059,161,1576,10,25,14,1,625,2,14,47,3,4,1,1,3,7,1391,17,1,99,11,68,76,1,71,115,133,2,15,1,1,1,5,288
s132_CD,2,1847,396,1257,51,59,34,15002,3,4393,166,1917,9,271,641,2,1,344,209,1,1,10,1,1,1,235,1,6,1,18,1,323,92,1197,1,218,1733,30,43,24,9,1,20,43,26,2,597,1
s133_CD,1,2,1226,2746,95,45,147,17021,5,7560,77,5014,26,2199,890,1714,3,278,4908,2,1,1,13,11,1,651,1,1,1,40,1,1225,56,1176,9,476,1186,25,159,120,100,1,14,1,1,123,2,1903
s134_CD,1,262,489,1202,1,19,247,6769,1,3016,147,994,40,135,1,114,6,2,109,1,1,2,3,14,2,286,1,1,1,1,1,1,1,112,2,164,271,1,13,24,18,1,59,9,1,2,3,1
s135_CD,5,83,228,1911,1,1,93,22065,167,6096,3,2725,102,451,3,840,3,457,9,1,1,2,5,35,1151,35,2,1,1,1,4,1,1,206,8,188,267,2,39,86,463,161,3,1,1,4,8,3
s136_CD,1,977,547,2,95,21,42,16109,16,6523,109,3384,49,587,343,17,7,106,1237,1,1,1,4,18,2,200,2,3,118,41,2,72,21,1847,6,801,1891,4,36,63,26,1,91,1,39,68,23,3
s137_CD,1,18,178,412,95,1032,51,14924,1,1516,131,4346,116,149,145,47,4,48,395,7,3,5,13,44,2,157,1,5,1,37,47,326,5,1037,8,176,829,1,60,28,55,5,20,9,8,89,449,3
s138_no,1,1,1,1838,1,1,4,10,1,1,1,4,10,19,1,19765,12,1,1,1,1,2,1,3,1,1,601,1,1,1,1,1,1,2,1,1,1,1,6,5,2,1,4,1,1,1,1,1
s139_CD,1,3,5,840,1,1,165,10156,1,981,1,215,4,1741,3,4627,21,1,1,1,1,1,2,2,1,7,1,1,1,1,1,1,1,216,2,20,97,1,12,7,181,2,1,1,1,1,1,9
s140_CD,1,4,4,44,1,1,168,11328,1,898,78,878,6,598,1,4,1070,7,1,1,1,18,13,114,1,3,74,1,1,1,2,1,1,3,19,223,109,1,45,71,32,1,5,1,1,1,1,4
s141_CD,1,7,1575,7,1,6,584,8821,9,37,5,329,11,799,33,6381,1,25,2,1,1,1,2,5,5,3,8,1,1,1,5,8,1278,87,9,190,12,64,179,9,142,1,59,1,1,53,2,1
s142_CD,1,1497,175,131,1,15,207,17974,3,5844,39,2173,103,195,76,416,14,45,63,1,1,2,7,28,4,404,2,1,115,2,3146,4,2,390,9,322,990,2,42,38,751,3,356,29,133,7,156,1068
s143_CD,1,3384,12,2936,1,2,72,11436,2,1681,3,620,66,959,2,582,871,1,5,1,29,1,10,19,1,3,2,1,51,251,4,2,1,28,10,3,272,33,28,19,549,27,8,1,1,1,4,7
s144_CD,1,141,2,4,1,3,381,11577,1,1439,1,463,31,1468,1,4038,9,4,35,1,2,1,4,20,1,18,1,1,1,1,1,1,1,11,3,12,245,1,17,14,7759,1,1,1,1,1,12,2
s145_CD,1,21,344,230,1,2,205,5621,1,1758,19,1412,22,16235,35,12,1,8,2,1,1,1,2,9,1,1,1,1,1,3,1,1,2,111,22,82,262,1,157,189,161,22,8,1,1,1,6,1
s146_CD,2,251,230,4068,4,4,291,12941,21,10400,6,4747,123,3737,12,2676,9,1001,719,1,1,2,8,31,3,336,1,1,1,100,1,148,2,438,6,611,793,104,58,970,877,106,25,1,1,8,4,1040
s147_CD,10,4475,1229,6055,278,3680,108,27940,11,8084,440,7972,143,196,2644,84,6,273,9,19,4,1,11,46,1,1351,1,1,2,125,8,682,596,1400,7,1518,6458,171,100,34,78,4,6,1,93,321,4346,4
s148_CD,1,944,174,1008,1,233,8,13235,8,4367,122,1536,5,11,174,855,3,85,719,1,1,2,2,3,3389,470,1,1,390,1,1,18,5,451,4,121,902,4,9,4,26,2,24,1,8,14,2459,124
s149_CD,1,1634,212,1786,8,94,138,10952,18,7134,36,1949,3,152,213,4,1,32,439,1,2,1,4,4,1,212,1,1,175,3,1,751,107,788,3,194,759,2,49,2,22,1,245,1,29,27,962,2
s150_CD,1,4,691,1433,1,8,60,19118,8,2553,193,1658,19,1092,80,840,3,120,40,1,1,1,2,18,1,307,1,1,1,1,2,88,15,212,2,242,521,5,10,231,1622,503,16,6,1,2,486,1429
s151_CD,1,6357,310,1666,1,63,16,23620,80,16,14,4346,27,325,109,716,1,134,99,1,1,1,2,12,5,241,1,1,1,2,1,4,1,738,7,303,559,11,25,4,8,3,16,1,34,59,2122,4
s152_CD,1,5,1532,133,1,20,46,10669,6,12613,382,6857,73,894,609,4863,1,136,1,5,1011,5,9,34,4,74,2,1,2,1,4,1256,17,7560,7,1253,2032,1,58,244,153,25,1,1,12,53,736,1
s153_CD,1,1491,276,1,7,87,1,2717,31,2450,188,694,1,1,908,1,1,17,1,1,124,1,1,1,356,223,1,49,1,45,1,653,188,750,2,165,575,52,60,1,1,1,211,6,1,32,364,1
s154_CD,57,2,1311,2,2929,445,6,296,4,1001,669,802,1,277,3146,4,1,61,1,1,1,4,20,16,1,10,12,2,1,1931,1,26,1,801,34,5,371,58,926,19,1,1,2843,1,19,6,1,14
s155_CD,1,826,409,1043,344,52,12,9953,24,3863,583,5322,1,48,471,12,9,376,90,16,463,1,4,68,1,871,1,1,1,36,2,19,714,676,1,1223,859,14,103,1,13,1,162,9,50,19,488,1
s156_CD,4,527,1435,21,164,42,1,1051,141,1,109,1061,1,1,1317,1,1,19,621,1,1,11,8,5,1,334,1,1,4,57,1,89,1,2734,2,437,123,1,217,1,1,1,1556,1,31,94,341,56
s157_CD,4,122,1304,1379,275,169,6,3186,2,844,750,1706,1,33,2210,35,1,168,1,30,432,1,2,4,2010,232,1,86,56,19,3,254,179,926,4,1078,3113,137,70,1,1,1,122,219,36,25,608,264
s158_CD,1,75,519,221,268,12,102,551,35,1293,158,603,1,11,1044,10,2,644,2179,1,1,1,11,13,1,50,1,1,1,17,490,51,1,191,16,62,129,1,2993,1,1,1,510,1,1,91,2,1
s159_CD,4,51,368,44,146,4,38,219,3,47,503,532,1,4,501,1,1,365,405,1,1,1,5,1,1,5,1,1,1,72,785,65,1,234,8,5,19,3,2288,1,1,1,961,1,1,20,2,1
s160_CD,60,1,1476,1,232,263,1,48,85,1,197,438,1,1,4573,502,1,278,1363,1,1,1,6,11,1,6,317,1,1,69,1,267,1,279,5,762,374,118,468,1,1,1,1,1,1,1037,1,1
s161_CD,1,2254,11,4851,1,1,346,13836,1,4,1,11,48,297,4,623,4,1,2,1,6,2,3,8,3,1,47,1,1,1,2,2,1,5,3,361,412,333,16,12,232,31,34,1,1,1,2,8
s162_CD,3,716,1296,688,2,122,6,9915,100,389,208,3091,1,5,1485,1,1,221,1,4,1,4,1,2,1,552,1,160,97,2,1,1,203,127,2,562,490,2,50,2,1,1,1,1,81,194,1,1
s163_CD,4,2,1739,2,478,12,10,18,31,1137,299,591,1,2,1183,5,1,238,2874,1,1,3,16,7,1,22,2,1,1,38,8,40,2,152,11,10,257,1,461,1,1,1,661,1,1,115,1,6
s164_CD,1,1250,219,55,59,205,3,3836,44,2363,213,1208,1,31,515,3,1,52,1,26,1,1,2,1,1,142,1,71,1,4,1,418,265,1594,3,200,848,208,284,1,4,1,145,21,6,14,1,1
s165_CD,1,1086,214,75,34,358,2,3811,68,2181,159,979,1,37,286,1,1,40,1,19,1,1,3,1,1,192,1,56,1,5,1,478,262,1734,1,226,868,152,258,1,1,1,212,158,7,15,1,1
s166_CD,6,231,1264,7,506,4867,1,537,2,2124,849,2301,1,1,2776,1,1,335,1326,29,6,1,5,1,1,244,1,121,4,120,119,220,3,1652,1,411,2690,79,15,1,1,1,3880,478,2,2,321,2
s167_CD,1,1,2232,1,17,6,27,4,1,1,2,482,3,1,2279,1120,16,243,1218,1,1,1,8,2,2538,3,3,1,1,11,1,2,1,1416,5,583,42,2,140,1,3,1,62,1,1,242,1,54
s168_CD,6,176,654,753,89,298,1,4680,4,949,240,943,1,15,1302,60,1,107,8,13,214,1,2,1,1323,215,1,89,117,13,1,244,127,432,3,349,2448,76,51,1,1,1,43,113,4,21,1103,180
s169_CD,1,686,221,580,56,9,11,3516,4,833,63,528,2,45,435,7,1,174,1060,1,1,1,4,4,62,129,1,1,1,40,1500,371,161,338,2,28,495,42,833,1,1,1,76,1,1,24,94,37
s170_CD,1,688,618,4852,2,1,936,17718,1,5536,236,1546,1,2273,18,1586,34,440,2747,1,1,1841,182,246,7,671,6,1,802,3,4,12,3,651,84,41,2588,3,2422,12,1859,1,4,1,1,1,8,193
s171_CD,4,98,361,373,957,56,6,4231,53,3582,174,1195,1,26,501,71,1,103,449,1,69,1,2,1,1,151,2,64,21,471,2,678,373,707,1,451,707,72,207,1,1,1,1328,1,23,133,2,1
s172_CD,1,17,1419,1,290,43,1681,1030,10,134,373,1818,2,2428,1001,2,1,665,161,26,1,1,17,16,1,1,1,1,1,205,2,12,38,192,6,911,676,12,2312,358,57,1,100,862,3,63,1,10
s173_CD,1,1,1,1,68,1,176,3,1,1,1,2,1,226,1,2124,1,1,1,1,1,1,12,1,1,1,184,1,1,4,1,1,1,1,1,1,15,1372,202,1,11,1,1,1,1,1,2,1
s174_CD,1,280,298,173,34,4,178,4095,1,4078,333,1777,1,44,480,280,1,177,161,1,323,2,4,7,1,401,1,1,1,21,876,19,20,519,1,1507,1054,1,1237,65,5,1,42,1035,5,4,1,1
s175_CD,1,639,454,264,48,10,50,3750,1,3808,600,2198,1,44,1331,221,1,605,3856,1,10,47,1,4,2,420,1,1,1,147,396,9,15,356,2,728,1976,1,546,16,1,1,2677,636,17,9,2,1
s176_CD,1,866,490,307,259,9,37,3534,1,2012,481,1854,2,60,784,39,1,255,2032,1,61,26,1,9,1,333,1,1,1,133,3110,11,47,487,1,1435,2219,62,194,44,2,1,448,491,6,10,1,1
s177_CD,1,628,214,721,97,173,8,2881,1,1940,197,895,1,42,287,12,1,128,1597,1,143,1,2,6,1,212,1,1,1,247,4511,393,119,356,5,272,1081,43,51,15,1,1,239,255,9,7,1,1
s178_CD,1,1,2,1,80,3,112,11,1,6,2,7,1,247,3,1901,1,1,3,1,1,1,7,2,1,1,156,1,1,1,6,5,1,5,6,1,17,1874,131,1,6,1,1,1,1,1,1,1
s179_CD,11,1,1144,2,295,22,5,3,21,1,170,327,1,35,2726,247,2,217,1,2,1,1,17,26,1,4,2,1,6,112,1,2,5,1278,5,674,20,2,182,2,1,1,1626,1,1,707,2,1
s180_CD,1,310,263,805,213,105,6,2685,1,1762,139,1098,1,32,531,29,1,166,1521,1,252,1,2,5,1,372,1,1,1,367,4505,419,75,234,1,200,1050,19,90,10,1,1,102,1,20,11,2,1
s181_no,25,52998,4832,12310,218,2,1448,39695,1,246,799,8421,1,962,890,10072,1,74,5,1,1,1,111,3,6,278,3,1,64,541,4,131,10872,5958,1,4007,558,2,980,14,25,1,4,1,1,74,6,7
s182_no,1,33,1311,722,4,93,15,26070,4,3642,206,1111,3,62,26,3074,4,30,84,1,3,7,3,116,68,189,3,3,3,15,8,134,17,20,11,666,462,1,193,8,15,2,13,1,1,333,6,160
s183_CD,1,72,2266,67,1327,3,150,37396,1,288,148,4316,1,188,105,24851,76,896,9,1,190,3,25,44,10,5,9,1,12,273,11,21,90,321,7,354,673,1,323,21,40,1,4,2,2,3,9,22
s184_CD,1,56,6,1334,3,1,435,54549,1,15,2,13986,157,288,65,12511,2648,147,3,1,1,30,26,1,5,2679,1,1,50,1,5,3,2,654,1,6,577,1,495,6,10,298,1,1,2,1,132,6754
s185_CD,1,330,404,14,1,46,618,2853,1,1038,43,274,2,13853,267,18827,48,7,408,1,2,81,1,187,6,66,4,1,1,1,4,11,3,64,127,58,1509,2,822,3641,18,1,79,1,3,1,5,12
s186_no,1,617,10427,3397,1117,309,2799,165135,19,256900,1596,14031,1,11272,232,10568,9,342,48,1,1713,1,5,2,30,967,13,2,3,4154,27,14036,160,19753,15,7956,9809,6,340,165,1039,6,1182,214,6,139,43,566
s187_CD,1,543,181,5276,2,148,67,26363,1,4322,4,1032,22,6506,7,50013,11,42,5461,1,1,37,40,494,18,154,9,1,153,3,14,78,4,121,78,33,348,1,412,3244,9971,3,28,37,25,21,393,1502
s188_CD,1,6,40,3,1,1,1540,277,1,273,1,159,35,1015,98,13660,800,40,642,1,1,1,1,1,32,1,2,1,1,2,2,3,2,23,118,3,312,1,32,636,5308,34,1,1,1,1,2,3
s189_no,1,1,44,483,876,1,2,5975,1,1163,6,312,1,128,1,81,1,120,379,1,1,1,134,29,2,1,3,1,1,157,2,281,1,79,28,204,584,1,580,2,3,1,1,2,1,1,2,1
s190_CD,1,116,60,1283,1,12,30,14569,1,4334,5,2489,1,116,77,26,1,20,301,1,1,2,1,14,5,258,6,1,263,1,4,51,32,274,1,99,2522,2,53,44,5,1,4,1,44,1,1563,485
s191_CD,1,3,2517,36,1,92,55,4143,1,14,2,1140,1,11,67,17008,2,6472,3,1,177,34,24,1,5,200,15,1,1,1,1,189,48,169,1,2758,118,1,684,2,7,1,23,1,2,68,2,6
s192_no,1,885,7179,203,1,704,664,10269,1,14208,648,7488,1,1531,151,61,1,418,4,1,335,1,1,1,2,142,2,1,126,1,9618,2172,47,4191,2,1751,2409,372,4528,7,157,1,12,63,1,1,609,882
s193_CD,1,44,6364,34,270,1289,26,61391,1,64627,785,16040,1,966,6152,111,1,3157,1326,100,4,1,28,272,12,1332,5,1,2,45,9,3939,1025,1546,1,3597,6284,1,132,12,35,3,5,87,650,29,6,12
s194_CD,1,18,6432,64,558,296,2183,15989,1,252,1,22882,3,54,1,169,2,7474,3,1,2,59,1,58,458,317,3,1,1,162,2,6417,3,12968,1,81,1808,3,96,3,202,1,4,1,1,1,8,8
s195_CD,1,9648,2950,32,3,76,1518,137873,265,113436,67,5768,2,2453,295,15782,5,1032,20317,1,3,2,7,46,19,1584,4,1,2103,4,11,865,6,943,23,525,3250,8,227,588,88764,12,449,3,16,95,21458,6980
s196_CD,1,276,479,1687,1,1,208,39538,47,3792,4,1433,196,4469,24,2447,6,325,4,1,2,1,15,88,10,6,4,1,1,108,60,63,6,581,49,865,745,1,508,44697,972,1,1,1,1,2,100,8
s197_no,9,95,20050,11,9,386,290,84057,98,2382,560,24891,1,459,299,6398,12,12649,20,12,1918,12,29,2,7,68,4,1,8,2,5,7076,3,2283,50,8926,1582,3,126,6,26,1,3,1,11,343,20,238
s198_CD,11,1483,1591,2381,296,385,25,32132,1,3227,155,3702,3,138,1627,34,3,631,5,266,389,4,2,2,2568,588,1,5,906,55,14,793,32,1787,2,594,6089,135,29,2,7,1,102,30,93,64,4120,306
s199_CD,1,8,3291,5129,8,16,2283,295,1,22,2,1270,17,748,17,1738,625,4954,296,3,5,6,2,1,13,8,5,1,2,104,6,411,1,27,19,599,2259,21,84,112,10672,74,422,2,1,12,21,9
s200_CD,1,721,1042,2728,13,27,8,18986,3,6955,648,2100,3,2327,314,1425,4,326,2,11,235,1,5,11,1,577,1,1,2585,5,7,16,38,666,28,219,1092,9,152,75,7,2,19,50,15,13,3965,483
s201_CD,1,879,576,1899,5,3,194,14156,8,6220,60,3621,1,28,69,523,1,13,1,1,1,4,2,3,1058,62,2,1,336,1,6,11,1,114,3,470,676,1,3,3,21,1,6,1,1,1,95,1
s202_CD,1,477,332,1689,12,25,144,19969,1,3822,25,1574,6,121,717,30,1,450,216,1,1,1,1,1,31,151,1,1,267,1,38,6,496,590,12,113,1116,1,83,226,63,6,21,1,3,164,279,2
s203_CD,1,2008,26,93,1,1,32,13979,10,455,2,1059,1,5,1,4610,10,3,24,1,1,22,1,1,1,9,2,1,98,1,12,1,1,18,7,9,408,1,8,2,1625,88,1,1,1,1,31,8
s204_no,4,538,566,72,71,16,138,13098,6,3308,80,1393,1,2125,265,960,4,22,3,9,1,4,1,1,1,22,1,3,1,151,1,930,2,723,5,249,340,5,57,2,2,1,21,1,1,86,1,67
s205_CD,2,3814,514,4535,914,34,174,59101,6,4323,105,2984,4,4538,351,9277,23,88,989,2,542,1,1,6,3,610,7,1,2487,115,8,73,70,2151,16,722,1749,69,605,57,20,3,33,1,69,26,1975,450
s206_CD,1,4135,184,3762,206,22,85,63304,4,3642,37,1424,9,4082,164,7989,20,34,657,1,357,1,1,9,3,724,2,1,2466,25,4,66,27,1168,10,518,1696,56,368,45,10,2,43,13,88,13,2262,1212
s207_CD,1,175,1249,3104,5,25,8,17545,1,248,154,3118,3,352,82,412,3,56,4,1,3,14,2,1,2,10,1,1,16,3,1,9,1,449,5,1761,457,4,18,77,12,2,135,43,1,3,17,11
s208_CD,1,344,2605,6282,34,16,15,34986,12,305,202,6264,6,410,160,550,4,108,3,1,3,1,2,3,1,10,1,1,8,6,1,21,1,877,5,4737,722,1,26,109,34,3,284,52,1,21,15,7
s209_no,28,42,329,107,126,6,1,4551,1,742,119,466,1,22,107,512,18,29,16,9,7,1,3,1,1,12,1,1,1,15,5,5,2,39,1,818,98,373,62,9,2,1,231,16,13,3,4,1
s210_no,2,1525,733,870,251,42,1,14417,3,1466,232,1823,1,61,318,100,1,280,113,6,1,5,1,2,1,166,1,5,233,35,2,686,75,556,3,113,488,21,17,5,1,1,2,11,13,6,726,122
s211_CD,1,234,2206,2908,16,26,15,18898,9,277,170,3968,2,127,130,189,2,139,4,1,1,2,1,3,1,6,1,1,3,1,2,7,1,558,8,3922,472,2,33,41,30,1,248,10,1,10,2,1
s212_CD,1,2794,828,4610,4,56,61,17432,11,2571,406,3872,6,1685,76,79,15,300,388,12,396,1,2,1,1,41,1,1,137,2,11228,54,36,2915,2,1346,846,1,22,975,30,1,195,7,11,33,646,167
s213_CD,1,514,1341,17,1,18,97,16252,22,10,1,150,4,27,9,7007,2,45,2,1,1,1,6,14,1,5,1,1,1,124,1,3,1,9,22,2857,29,467,143,9,56,1,203,32,1,245,7,96
s214_CD,3,932,497,1246,94,3,14,8874,11,3632,251,3522,6,874,1816,1579,3,367,3,5,187,1,1,1,1,253,1,3,255,27,1,391,68,826,1,193,564,3,18,29,1,1,1,8,19,16,1599,76
s215_CD,1,13,204,45,51,2,14,340,1,205,46,208,1,4605,46,7679,4,18,1,1,3,29,1,2,1,1,1,1,7,645,2,25,1,39,6,149,50,1,16,248,24,1,50,1,1,5,58,19
s216_CD,1,908,756,161,1,9,68,20075,1,4582,132,3195,1,1139,288,1650,3,171,418,1,1,1,4,8,3,6,1,1,4,2,5,153,249,1682,4,1631,1137,1,30,86,119,1,54,25,3,4,12,2
s217_CD,1,219,152,1728,2,2,56,8794,1,491,3,822,47,5562,12,4247,2,68,1,1,15,1,18,20,2,29,1,1,6,1,172,1,1,70,28,411,111,1,280,117,28,1,1,2,1,1,2,62
s218_CD,1,3154,881,317,8,19,3,13155,44,8637,17,1524,1,2624,227,274,1,774,6,3,2,4,1,4,2,112,16,1,1,2,1,1,1,628,1,1449,244,1,9,2,1,1,2,1,1,40,5,2
s219_CD,2,1020,1025,2535,41,451,23,16392,13,3207,549,4848,1,258,1997,950,1,717,20,1,1,1,1,4,1,479,21,3,484,31,3,1237,359,2617,1,1212,1482,78,15,5,2,2,70,1,50,190,1345,661
s220_CD,1,2,2056,8,91,102,306,67,1,1694,14,4297,1,1316,1292,3070,1,983,1,1,1,21,2,3,2,481,14,1,4,8,1,2391,9,988,6,147,589,1,62,1,49,2,11,1,2,223,4,1
s221_CD,1,408,751,1151,25,201,11,18425,16,2425,197,1989,1,140,431,131,1,178,171,1,2,1,4,1,1,241,1,2,817,3,8,115,3,1752,3,611,665,2,39,3,14,1,7,1,14,14,2493,355
s222_CD,1,6,7,4,1,1,20,8558,1,12,4,55,46,1481,2,12374,2,3,201,1,1,1,1,30,1,4,1,1,6,1,1,2,1,3,14,37,9,1,136,1159,1505,70,2,1,1,1,1,1
s223_CD,1,4,15,3,37,1,230,12779,1,21,1,25,17,4609,4,365,181,3,8,1,1,1,13,42,1,1,10,1,1,19,1,6,1,18,34,7,118,18,511,18,4978,3,12,1,1,7,3,1
s224_CD,1,159,122,156,14,9,13,17908,1,52,30,224,1,1484,12,2177,2,82,10,1,2,1,1,10,2,27,1,1,1,1,3,43,1,208,1,58,55,1,35,15,69,1,1,1,1,1,13,2
s225_CD,5,1,316,3,1,107,8,9100,3,2591,951,3084,1,7,677,10,1,303,4,1,162,1,2,1,1,64,1,4,1,4,1,4734,40,3054,4,2428,1576,35,31,1,7,1,2,1,44,17,126,1
s226_CD,1,1805,370,17,9,22,27,10581,1,706,4,1908,1,17,180,6038,2,1,1,1,35,10,1,21,1,33,1,1,1,20,2,23,1,344,11,414,208,1,65,1,15,1,28,1,1,17,20,33
s227_no,1,3235,264,1883,15,36,3,14809,3,5590,209,1719,1,35,337,80,1,139,4,85,1,13,3,16,156,45,2,1,9,1,323,434,524,771,9,416,447,16,40,9,8,1,54,16,13,1,8,53
s228_CD,23,300,663,347,22,18,28,6766,1,2029,72,854,1,597,163,8096,1,77,573,16,1,1,1,13,1,360,1,1,18,775,4,506,1,496,2,182,638,471,62,69,156,2,25,1,1,23,75,26
s229_no,1,5,50,2,7,1,9,5071,1,38,3,36,131,7412,9,1738,3,5,11,1,1,1,2,450,1,1,1,1,1,11,1,7,23,26,30,19,24,1,119,1306,509,98,2,1,1,1,1,1
s230_no,1,664,100,3,1,60,45,13905,14,2727,475,2722,1,64,241,133,1,82,361,1,1,1,1,1,2,18,1,1,2,1,1,12,1377,1969,1,37,546,3,6,1,10,1,1,1,8,10,1,62
s231_CD,8,1465,462,52,78,5158,95,27765,19,644,153,2930,1,3616,1122,1207,780,201,2,2,432,3,13,6,2,325,2,3,1,1923,43,490,351,405,20,350,2809,19,621,9,69,2,9,1,65,538,4,174
s232_CD,1,3238,985,33,14,15,7,20175,21,3239,4,5001,1,69,493,10458,4,6,3,1,122,1,1,1,2,182,1,1,4,43,5,23,2,1400,1,869,185,4,4,3,5,5,11,1,19,15,5,146
s233_CD,1,613,2842,1513,225,108,16,9713,2,7491,157,3208,2,182,204,105,3,92,258,52,3,1,1,5,1,27,2,1,5,73,7,1625,3,451,5,757,440,44,63,2,16,4,12,1,2,601,49,3
s234_CD,1,1981,4052,203,2,87,203,27882,39,7579,2,2125,1,1263,105,23,5,1,5,1,832,1,2,575,2,299,1,1,6,1,1,1,1,59,4,2916,168,1,35,43,1319,454,2,1,1,143,14,958
s235_CD,1,2,937,4,23,1,431,8430,16,1678,13,788,6,60,162,1540,2,859,2,1,1,1,5,1,1,112,1,1,1,86,3,13,68,2789,9,295,324,1,25,12,1,1,1,2,1,68,5,1
s236_no,4,5517,1907,387,159,42,519,14518,36,3918,273,2712,1,1445,37,225,2,222,61,83,2,1,1,5,1,39,1,1,2,46,1,566,5,693,1,1281,686,3,32,11,725,2,56,1,40,465,1,57
s237_CD,1,919,526,545,2,4,36,14610,8,1382,44,2367,1,831,515,5,1,112,1,1,70,1,11,1,1,75,1,1,2,1,1,6,8,293,3,40,97,1,12,6,1,1,2,1,6,1,658,1
s238_CD,1,1065,451,936,1,3,86,18973,4,2575,37,2775,1,3326,417,5,1,89,1,1,71,1,45,1,1,79,1,1,1,1,3,4,5,536,14,43,157,1,47,14,1,1,1,1,9,1,443,1
s239_no,1,903,492,1385,49,195,42,18036,9,2093,286,2545,4,40,241,15,1,140,2,99,1,1,1,6,2,145,1,1,1,10,2,397,100,1845,3,635,1039,13,30,1,18,1,1,2,13,28,137,32
s240_CD,1,498,3156,13612,77,1097,303,8704,3,986,209,4966,667,7693,226,182,4,123,3,1,2,3,8,13,1,104,1,1,1,6,1,1321,28,1928,140,772,499,1,301,143,996,4,10,1,55,2928,110,62
s241_no,1,14,308,8,2,21,8,523,1,740,2009,3264,1,12,3,9536,1,34,7,1,2,1,1,1,1,1,1,1,2,1,1,48,73,1286,1,2372,73,1,2,1,18,1,142,34,2,1,4,2
s242_no,7,1193,255,2934,10,226,3,33894,1,3975,168,4004,1,37,232,13,1,96,2,12,1,1,2,1,28,1231,1,60,122,1,1,251,162,2521,12,295,1846,22,32,5,1,1,3,4,56,21,1589,273
s243_CD,1,670,498,525,7,16,8,14539,12,1349,87,705,1,49,307,72,1,120,34,1,6,1,10,1,17,539,1,1,207,2,1,77,1,620,1,93,381,1,23,19,111,1,1,13,51,10,1297,51
s244_CD,1,51,1,168,1,1,11,435,1,90,1,90,1,72,8,3921,17,1,1,1,1,1,1,1,1,3,1,1,1,1,4,5,1,1,1,7,5,1,64,28,4,1,1,1,1,1,2,1
s245_CD,1,689,1916,78,1,13,108,11369,6,4787,564,3200,1,269,91,139,1,262,3,1,1,1,1,2,1,124,2,1,17,1,2,9,1,650,3,264,473,3,30,5,58,96,68,222,2,7,11,167
s246_CD,1,21,109,9,1,3,56,2155,1,684,2,38,1,301,9,12149,1,17,12,1,2,1,7,30,1,1,34,1,1,1,2,2,2,6,22,3,42,1463,254,5,74,1,16,1,1,2,16,1
s247_CD,1,1,60,2,1,1,58,1011,1,247,1,14,1,139,1,11330,1,1,1,1,1,6,1,7,1,1,9,1,1,1,1,2,1,1,3,1,16,600,93,19,9,5,1,1,1,1,2,1
s248_CD,1,1473,1086,2229,1,35,16,19884,17,571,36,2491,1,626,637,1282,3,52,2,1,386,1,2,1,2,97,1,1,418,1,1,866,1,242,3,723,785,10,40,28,848,1,32,93,39,6,979,63
s249_CD,1,4,5,660,1,1,9,4114,1,265,1,45,1,78,4,17236,1,1,2,1,1,1,5,6,9,1,7,1,1,1,1,2,1,1,12,1,6,1,71,57,1,2,1,2,1,1,2,2
s250_CD,1,57,47,3,1,11,8,350,8,58,9,39,1,25,30,19011,424,1,2,1,1,4,5,1,2,1,1,1,5,1,3,22,15,27,1,22,42,6,1,1,13,612,11,1,1,1,1,1
s251_CD,1,25,30,3,1,1,9,332,1,5,1,55,1,2,3,25116,493,12,1,1,9,1,1,1,1,18,2,1,1,1,1,1,2,10,1,11,13,1,3,6,96,1233,1,1,1,3,1,2
s252_CD,7,61,92,551,1,2,53,9568,1,732,4,463,2,4232,9,3908,1,8,499,1,1,1,1,1,1,18,1,1,64,1,7,1,1,41,23,11,44,1,13,41,9444,1,1,6,3,1,14,456
s253_CD,1,5997,3,5035,2,2,256,15529,1,6,3,20,1,60,3,2804,2,3,4,1,1,1,3,1,2,1,7,1,628,1,4,4,1,5,5,332,1029,1,15,1,47,1,36,1,1,47,47,2
s254_CD,1,11,5,5,1,1,4,103,1,1,1,7,1,1830,2,8034,1,1,1,1,8,6,1,1,1,1,1,1,10,1,1,1,1,9,3,1,23,1,33,1,149,1,1,1,1,1,1,1
s255_CD,1,6,34,14,1,3,65,145,1,135,1,28,6,7515,9,4205,2,4,3,1,2,1,11,8,1,2,1,1,2,2,3,1,1,7,18,9,23,1,83,658,39,3,12,1,1,3,3,1
s256_CD,6,2,1331,754,168,1741,38,21484,104,3088,88,3221,1,90,410,1763,2,161,3,1,1,1,13,7,10,483,203,166,94,38,2,1078,2,1262,2,836,1811,115,539,1,1,1,73,1251,26,178,988,371
s257_CD,1,820,1876,2302,6,10,49,22129,38,1599,110,2500,1,207,184,74,2,258,2,1,55,1,8,1,14,485,1,1,1,3,7,13,1,350,1,85,319,1,10,5,7,1,4,2,7,23,513,2
s258_CD,1,11,786,181,18,21,30,18551,1,2806,30,1266,1,412,21,1238,2,418,3,1,14,1,1,3,3,20,2,1,1,52,2,9,1,203,4,720,262,64,22,51,82,4,9,22,1,5,3,2
s259_CD,1,922,129,1408,1,5,7,11219,1,179,2,623,1,230,124,1528,2,17,2,1,143,1,1,1,1,55,1,1,154,1,3,248,3,89,1,129,163,1,2,11,746,1,1,1,12,2,515,24
s260_CD,1,4,12,1,2,4,5915,14,1,6,4,1238,1,3,6,1645,2195,1,8,1,1,1,1,1,3,3,1,2,1,1,1,1,1,56,1,5,4177,2,2956,1,1612,1,6,4,1,1,3,1
s261_CD,1,1,11796,1,1079,49,400,28,479,3,1071,16010,1,156,17,2061,6,5468,5528,1,1,1,11,13,3,470,2,1,1,187,1,592,3,2586,6,468,489,5,364,5,3206,1,8,1,111,907,1,1
s262_no,1,828,186,2376,84,108,9,26590,3,2085,91,749,1,24,351,10044,28,55,8,26,137,1,1,1,2,140,102,14,178,20,2,1069,1512,611,2,338,1242,149,68,1,1,1,26,3,20,7,840,109
s263_no,45,1333,663,220,359,3286,1,13748,18,7365,671,3100,1,679,1838,120,14,96,2398,1,1,1,3,2,2,172,20,2,1,30,1,782,209,3646,1,440,559,212,776,3,1,1,1690,2,65,41,371,1
s264_no,10,9,105,49,225,594,318,1226,24,12767,1334,9377,1,1450,4295,15,4,568,6452,169,2,15,18,9,26,21,3,75,1,3,1,210,161,7081,17,278,3370,954,3988,1,1,1,5385,6,1,62,81,2
s265_CD,63,2226,85,1105,42,2955,121,11318,41,12638,507,4306,1,696,2517,8,1,280,2794,321,1,1,9,2,3,183,4,186,162,19,1,1991,691,4274,3,2002,5372,100,464,1,1,1,523,3,28,126,1542,271
s266_CD,14,4,5632,22,850,419,34,1356,1238,3932,300,6813,1,34,4928,85,2,1210,26,1,350,3,72,38,1,85,2,1877,1,60,2,1698,4,1765,96,912,2253,300,6555,1,8,1,11896,6,11,45,2,1
s267_CD,3,21,2656,17,272,545,8,25811,144,207,772,2221,2,19,1057,3938,1,818,2192,2,2,1,16,10,1,1106,2,2,2,76,2,629,154,1996,21,685,1012,2,1983,1,2,1,1664,2382,207,357,7,4
s268_CD,2,601,238,122,15,400,303,7068,57,8935,194,3231,1,120,2115,6,1,81,351,1,1,1,6,7,1,313,1,224,1,2,2,19,450,618,11,82,801,338,3351,1,1,1,634,1,24,167,375,116
s269_CD,1,2,1848,6,706,494,4,2061,137,7,977,10637,1,9,13022,1374,2,1278,15,2068,1,1,2,5,5,1036,2,2,1,3,4,1031,111,3546,21,498,2982,3,267,1,1,1,9,5670,15,7602,4,1
s270_CD,4,1650,489,495,208,1148,14,8473,31,6658,578,2911,1,41,1176,10,2,136,2963,1,1,1,1,1,1,278,1,112,1,51,1,3862,3940,1991,2,1361,3985,1112,915,1,3,1,714,1,66,25,844,3
s271_CD,4,3,1133,3,1659,31,110,21,16,5,19,14388,37,453,594,3874,6,1762,122,1,1,2,6,11,45,2841,1419,2,1,294,1,72,414,14684,37,8275,1132,14,222,14,41,3,17,2,1,2918,2,3
s272_CD,5,4,1733,2,147,1088,162,20105,1,5111,616,1764,1,165,4733,743,1,1211,12,2,1182,2,3,384,2,413,3,2,1,52,4319,1540,4,346,2,873,2519,3,425,2,183,11,529,6,227,2504,6,2
s273_CD,4,1,4746,3,830,16,1734,30,1,7,2,24,5,12480,11,8,2,3,8,1,2,4,96,170,1,1,68,1,1,7,2,2,1,5,404,3,9,34,18313,1,741,4,2,2,1,3,1,1
s274_CD,8,2648,3390,4,1202,933,4,1437,512,2119,38,6623,1,5,9379,245,2,85,1983,1,1,1,72,7,1,462,7,1,1,123,1,774,4,2421,14,361,1384,9,2234,1,1,1,3139,9,1,1163,248,1
s275_CD,4,628,2108,1113,32,170,4,11437,1,9826,583,3232,1,262,5769,143,1,390,8,108,781,1,9,4,785,271,3,117,67,162,1,2253,741,2670,8,1489,5763,697,284,1,2,1,8,124,47,13,2120,519
s276_CD,1,132,7806,313,975,23,150,411,631,344,131,1455,1,1502,335,26,1,1356,3971,1,1,1,45,83,2,70,3,1,2,200,1,3216,3,2861,109,372,42,34,13511,15,2,4,5940,2,1,1774,3,44
s277_CD,1,2,14056,371,5,40,765,574,174,7,1,4672,1,2,3810,634,1,4,6,1,1,2,50,27,20207,49,2,1,1,1,1,4,3,461,91,840,4058,3,1586,1,5,1,2945,3,1,862,1,1
s278_CD,1212,3,10451,2,438,87,364,9,371,4,4,1396,1,992,18,2723,225,95,5,1,1,1,7,6,5,71,16,1,1,287,1,4812,4,4737,12,3426,506,10,1219,1,5,1,107,4,1,3,3,1
s279_CD,1,2,3604,43,4013,58,130,852,229,2,1008,9068,1,2,5265,49,3,3602,2,2,2,1,10,4,27,18,1,1,1,666,1,602,2,15496,20,935,215,1070,88,1,2,1,587,3,1,4965,49,1
s280_CD,49,1082,449,4174,58,1180,2,10973,100,1474,1128,3084,1,6,1339,1241,3,327,4974,1,2,1,16,5,1979,336,1,115,1,8,1,325,3,4958,10,31,1510,103,201,1,1,1,3150,4485,35,159,3,1
s281_CD,9,284,1075,52,1730,1580,208,1745,117,1890,2737,5643,1,4037,8934,482,2,1398,90,200,577,1,19,7,30,713,12,374,4,1051,41,13,1,1194,10,9,4721,6,1001,1,5,1,4272,4315,54,201,20,3
s282_CD,2,2,849,3,444,114,1856,41,1,22,28,143,1,38,179,13972,3393,179,119,1,1,4,58,116,53,19,3065,1,1,88,1,56,4,55,231,71,564,5207,1626,18,61,1,13,6,3,13,1,2
s283_CD,2,8,212,8,16,24,778,131,11,433,84,201,1,205,224,8017,15,75,16,8,5,2406,2,129,4,10,22,1,1,81,86,137,4,77,515,1262,653,10,5760,1,26,1,97,6,2,12,44,19
s284_no,1150,6,5643,7,2502,3432,69,58,9,720,1242,6051,1,225,7355,13,2,1392,8,61,3,2,20,8,1,619,3,139,1,194,104,200,22,1976,8,4900,4142,74,2386,29,4,1,657,1368,43,21,7,1
s285_CD,2,21,2509,30,799,103,1,231,6,1058,1330,2549,1,5,6964,1131,2,1926,1012,1,1,1,12,2,2,267,26,1,1,5,3971,36,5,1601,15,51,1854,2,322,2,1,1,2661,31,1,2,15,3
s286_CD,177,73,4618,4,1045,368,18,463,108,14935,3288,3654,1,24,5612,14,1,437,4787,17,1,2,7,19,1,169,1,11,1,147,250,524,18,1455,42,9181,2207,33,10872,3,2,1,2519,470,65,114,2,1
s287_CD,1,4,4,2,1,1,675,26,1,1,1,5,1,7806,8,5,1,2,6,1,1,632,32,19,2,1,2,1,1,1,1,2,1,5,185,14,58,3,3693,1,5,1,15,3,1,1,1,1
s288_CD,1,1,7599,1,303,1,444,13,1,3,28,5303,1,533,5,887,3,425,5,1,1,1,7,8,1,2,68,1,1,231,1,5,3223,2151,17,1833,705,1023,468,1,3,1,2,3,277,3648,1,1
s289_CD,1,133,10,1,2213,1,104,381,1,5418,3,71,1,111,9536,1474,62,1163,3,1,1,2,53,38,1,1,87,1,1,860,1,3,2043,1131,110,4666,215,24,1512,9,114,1,1491,4,1,665,1,1
s290_CD,2,2,1781,1,41,33,1755,95,2,518,53,250,12,1973,976,219,8533,126,27,1,1,1,31,10,1,13,3,1,1,17,1,18,2,31,43,173,212,4335,1501,81,18,1,276,3,3,2,3,1
s291_CD,1,11,1658,7,601,1848,5,65,13,21,573,1356,1,7,2911,2144,3,1244,3,24,3,1,28,13,6500,5,1,27,1,143,4,155,1,866,24,683,179,789,1481,2,2,1,9,106,1,637,6,5
s292_CD,159,38,4387,8,1380,1580,3,969,3039,1815,1058,2323,1,3,10115,1803,1,5512,183,1,512,5,23,2,1,1092,325,78,3,457,1,253,3,1114,4,5569,467,549,338,1,417,1,2200,2,18,1219,1,6
s293_CD,2,128,3220,4,1314,290,2,1630,169,1640,1342,5652,1,4,5658,90,1,2079,4088,38,1,2,18,15,1,1171,2,611,4,215,1,537,1,5218,7,14603,6842,72,80,1,1,1,3478,1825,108,1642,58,1
s294_CD,2,1924,6398,138,11,3423,4,7548,11,9,4518,1160,1,1,11435,15,5,1173,10,1,1379,1,4,1,1,439,3,1,120,1,333,3,2,437,1,535,751,3,106,1,1,1,9,1,2,1682,1024,1
s295_CD,28,1,807,1,113,1244,7,6385,206,3062,75,1583,1,2,1468,48,1,184,2657,1,1,1,8,6,1,71,3,1,1,3,2,632,38,3304,10,454,460,282,2303,2,1,1,1,1,8,40,2,1
s296_CD,4,23,60,10,7,34,862,140,7,162,16,75,1,5,88,23,1,12,57,1,3,2,181,71,15,13,5,1,1,2,1,40,5,154,917,38,159,12,1604,2,5,1,17,4,4,5,9,2
s297_CD,1,1,5,57,128,12,384,7,1,6,2,6,1,21,9,2631,1,793,7,2,1,2,4,5,1,2,316,1,1,27,1,9,93,16,15,3,61,806,266,1,515,1,97,3,1,1,2,1
s298_CD,1,1,1,1,1,2,756,2,1,1,1,2,1,1812,1,404,3,1,1,1,1,32,12,45,1,1,11,1,1,2,1,1,1,1,238,1,23,2,2941,1,3,1,2,1,1,1,1,1
s299_CD,1,2,3,1,5,1,53,3,1,5,2,6,1,5,4,5728,78,3,5,1,1,1,4,6,1,1,1,1,1,1,1,2,1,3,67,3,7,1,352,1,9,1,2,1,1,1,1,1
s300_CD,1,1680,1149,816,10,82,5,25240,1,6366,134,3063,3,1434,500,3012,1,258,455,65,129,1,1,2,4,775,1,1,154,7,8,4,15,642,45,313,1446,3,91,2,25,1,96,1,63,240,398,603
s301_no,14,1198,1076,4,2,461,378,7737,1,1723,63,3467,1,216,500,11,1,61,2,1,1,1,35,1,1,111,1,1,1,1,4,1,1,147,23,2163,525,1,19,1,20,7,4,1,1,330,309,1236
s302_CD,1,35,284,144,905,3,85,2461,1,2,1,32,1,3388,5,3584,1,15,4,2,1,1,13,2,1,1,2,1,1,356,3,1,1,3,53,1312,18,7,97,61,9,1,27,1,1,37,3,17
s303_CD,17,186,167,413,56,36,4,1549,13,10068,1167,2078,1,6,3094,9,1,564,6,107,1,1,8,3,1,42,1,97,2,19,2,337,20,3227,6,4540,2288,78,129,1,1,1,2790,1398,6,33,1,4
s304_CD,1,1,22,4,106,28,41,80,11,50,5,50,1,16,80,827,25,6,35,1,1,42,48,23,4,1,588,2,1,40,1,20,9,119,92,57,66,5,2434,1,1,1,12,6,1,2,2,1
s305_CD,1,2042,279,1,36,154,2,6890,71,1,306,555,2,3,766,11,3,79,536,1,1,1,5,2,1,250,132,441,1,9,1,978,47,216,2,259,313,56,155,2,2,1,1,4,34,71,1,1
s306_CD,25,26,855,1,660,17,75,221,174,1772,364,768,1,89,1294,56,1,33,2265,1,2,1,5,2,1,17,2,1,1,183,1,564,3,193,2,74,182,3,1314,4,1,1,2672,1,10,43,2,2
s307_CD,2,908,2226,960,30,14,23,11895,1,1246,537,4582,24,557,583,148,2,525,2,1,261,11,1,1,5,36,2,1,25,16,6,765,1,3803,6,1714,764,1,50,36,3,1,579,76,11,41,77,96
s308_no,1,450,372,320,29,2,18,8965,1,1152,25,393,1,3,109,7564,1,62,24,15,6,1,2,3,3,1,3,1,1,11,2,127,2,48,13,139,85,1,29,1,33,1,15,1,1,1,90,36
s309_CD,1,171,450,670,1,1,33,10318,39,1834,86,1109,1,48,134,248,3,440,93,1,1,1,1,1,1,412,1,1,1,28,4,110,1,234,11,632,429,7,37,1,39,1,9,2,94,8,416,207
s310_no,2,34,378,816,55,3,79,16655,1,1065,820,3269,1,138,573,12,1,102,806,28,210,1,1,4,2,2,1,1,3,14,120,401,206,3573,3,447,823,1,6,1,3,5,153,11,1,3,12,161
s311_CD,1,341,680,1950,1,1,2,12773,1,260,258,2636,2,4,350,14,1,115,880,1,1,10,1,1,1,205,1,1,99,2,10,20,1,449,1,343,423,14,13,1,13,1,36,1,1,90,149,329
s312_CD,1,61,284,580,1,4,6,1381,1,243,15,439,6,25,3,44,1,31,2,1,1,34,1,2,1,82,1,1,26,2,120,14,1,86,3,32,431,1,104,1,3,1,70,7,6,20,188,22
s313_CD,1,50,1438,3161,1,6194,55,108242,2,1839,480,24919,35,51,720,11907,52,327,47,25,8025,8,14,9,44458,4127,14,1,1905,3,12,112,6,11862,14,1877,7335,30,154,20,302,1,296,225,126,69,45109,4816
s314_CD,1,935,2759,7312,1,4,70,48109,21,1442,2,2156,29,38,5,19959,2,2665,1304,1,3,19,51,88,7,144,1,1,3,11,8,16,4,56,52,2373,149,2,198,44,3761,47,20,2,1,1,5,919
s315_CD,1,409,257,2735,12,32,83,6941,1,5578,41,1668,5,1722,14,790,49,27,282,1,1,4,2,5,12,43,1,1,2,4,2,3,1,191,4,603,271,4,16,59,2414,1,91,46,1,6,18,150
s316_CD,1,47,642,376,1,31,168,3518,17,2545,22,2115,18,5197,459,891,36,41,286,1,1,60,62,25,3,164,1,1,1,1,7,16,2,482,17,408,283,2,637,85,448,2,136,115,1,1,34,215
s317_CD,1,3119,986,6792,2,1,60,25434,1,84,54,4397,9,21,361,12,1,1,15,1,2,11,13,138,3,28,2,1,1,2,2,22,2,123,54,5969,393,1,573,2,7,1,1,397,6,1,9,2
s318_CD,1,2685,920,3324,1,9,167,21056,1,2933,54,2514,9,685,63,245,1,135,2,1,1,126,10,6,28,127,1,1,11,1,76,31,1,1052,53,149,723,1,308,97,112,33,125,37,1,2,5,646
s319_no,1,1434,3393,6690,740,16,84,40846,11,21308,725,15493,15,336,1177,208,4,463,4,623,1,17,11,15,40,69,2,1,4,33,157,618,200,9788,27,429,2001,1,118,42,8,1,405,230,139,98,13,807
s320_CD,1,82,28,2653,2,4,216,2006,1,113,2,60,56,8038,16,25200,58,13,33,1,1,41,2,11,11,2,5,1,2,3,11,4,2,12,16,25,207,1,681,95,5435,27,136,2,1,1,11,6
s321_CD,1,1427,986,4512,1,12,762,25126,12,8521,385,2463,78,2021,108,42,1,163,3,4,97,21,7,9,7,607,1,1,40,1,8476,98,1,348,30,143,1063,2,196,4,51,5,357,235,1,2,73,695
s322_CD,1,18,2967,16,483,1,891,192,27,140,70,1062,21,2220,58,1886,29,2379,3,2,1,6,17,34,15,4,1,1,1,306,10,51,2,1699,38,4784,1264,1522,408,200,515,128,11,1,1,2710,4,1
s323_no,75,30,2065,3554,246,487,35,16252,17,39610,4392,8939,55,111,2571,240,94,365,543,235,2,4,2,23,9,658,3,17,3,119,6,1317,1456,6008,12,6138,5513,290,65,9,21,1,6190,2,282,76,4980,4
s324_no,1,216,399,460,4,75,64,51959,23,12953,135,1419,47,158,99,194,2,492,37,2,754,5,14,30,14,687,6,1,3,4,9,154,1,1998,14,286,2562,1,105,118,50,1,21,19,7,3,92,485
s325_CD,1,17,330,126,281,15,677,11183,46,268,106,2477,578,2177,226,2156,48,456,36,1,1,2,62,51,2,67,1,1,1,90,5,125,64,694,178,815,2058,96,1470,68,1720,230,27,59,27,7,4,20
s326_no,1,3483,2716,15784,63,77,615,21650,13,3675,1425,11878,27,506,1075,415,4,646,5,1,354,14,236,41,51,474,1,1,4,17,9,3809,1778,2186,150,2599,3917,9,1124,7,279,6,1141,197,43,55,89,298
s327_CD,1,3,818,2062,1,12,772,21312,70,4899,1,2708,15,89,24,10855,1,212,268,1,1,10,29,319,5,37,1,1,1,1,2,2,1,1153,160,441,2880,1,942,718,850,19,74,1,1,24,36,521
s328_no,37,6757,3055,11,570,975,36,40203,55,8418,559,5855,8,43,706,160,1,523,3794,293,1,4,10,13,11,810,1,37,535,51,3,7264,1,4571,16,313,3624,178,129,3,37,4,2,2,167,124,10,10
s329_CD,1,33,3007,4347,9,77,2779,44273,5,15396,3305,14131,441,7544,1519,568,19,2549,5,2,1222,16,30,57,28,2110,1,22,3927,2,26320,368,137,24356,74,2759,9535,34,1593,1201,251,4,10,74,310,357,4887,2202
s330_CD,1,118,62,160,1,38,133,1035,1,384,31,321,20,21678,64,8,1,29,3,1,2,12,62,36,108,77,9,1,37,1,2,12,16,99,95,39,149,10,1161,1639,72,1,1,33,1,1,115,28
s331_CD,48,81,650,878,138,2,143,1486,1,1752,2,539,11,1239,92,18247,1,124,27,1,22,45,60,293,75,66,1,22,10,54,3,1,1,246,283,419,757,1,1274,99,29,1,105,13,1,59,9,2
s332_no,504,588,1207,3757,804,188,152,27181,3,4835,968,2462,87,19754,349,1221,7,228,15,15,28,21,14,342,24,80,6,1,5,11697,12,1296,1044,3082,42,3760,796,1,899,69,89,3,377,116,28,1171,106,114
s333_no,1,9,252,571,107,37,116,7481,1,4201,22,1668,20,16,265,147,2,108,609,2,2,65,5,5,8,113,2,1,19,42,3,473,21,1635,21,218,753,1,112,25,70,1,117,8,17,71,186,1
s334_CD,1,76,230,82,15,1,168,4088,1,1662,2,743,4,2278,6,9539,3,72,1,1,3,10,14,1,1,20,1,1,1,79,3,1,1,79,1,201,69,1,131,3609,80,9,20,1,1,1,5,42
s335_no,19,7311,6419,714,113,921,31,15786,1,1853,305,3883,20,82,534,119,2,150,11,1,2,60,3,9,46,1487,1,1,78,16,19,351,30,451,10,323,1552,1,212,1,39,1,5132,484,37,149,1032,1024
s336_CD,1,417,707,2617,1,7,93,15001,1,915,145,4013,8,5,536,47,2,163,2394,8,1,16,8,2,2,475,1,1,100,1,1,2,1,611,8,105,469,1,44,7,54,1,55,1,54,18,300,959
s337_CD,1,708,79,1195,13,12,50,23176,1,1325,7,1088,27,328,137,11,1,51,350,4,137,3,12,4,30,65,1,1,119,4,55,31,6,188,5,137,1164,2,25,20,27,1,47,15,49,3,60,8
s338_CD,1,2225,1471,28,11,7,444,10919,4,316,59,1017,8,16,369,1650,1,950,556,5,9,5,5,11,6,347,1,1,3,4,129,48,48,410,8,296,664,1,38,1,3306,34,204,86,13,71,814,1
s339_CD,3,325,693,43,7,19,18,21089,21,7596,15,1877,6,506,10,154,1,95,2381,1,1,1,1,8,7,324,2,1,1,72,3,50,5,677,5,125,416,1,49,78,436,4,21,1,1,9,470,742
s340_CD,1,152,755,40,1,34,40,10137,1,3921,72,1227,12,181,14,2415,2,54,610,1,1,39,1,2,4,38,2,1,1,1,2,1,540,392,3,408,575,1,66,3,13,1,152,32,1,2,51,131
s341_CD,1,1383,1309,1858,22,1127,133,19430,9,10187,457,2650,18,341,541,10,2,157,23,11,484,4,21,24,11,823,1,1,319,7,12,512,32,1991,5,274,2804,15,260,4,22,1,149,40,1,1,1794,804
s342_CD,1,6442,881,559,8,269,35,48355,10,9092,231,2974,12,60,764,28,2,2,7538,1,2,21,3,33,4,592,5,1,2,5,4,92,2,555,8,81,10062,1,59,1,19,1,31,1,59,27,1321,358
s343_no,1,1212,485,1110,40,15,75,31539,15,821,188,1765,6,26,947,15,1,135,1,1,406,1,16,6,3,385,1,1,313,38,2,2886,1,151,33,178,5284,1,140,2,16,1,1,2,50,91,997,231
s344_no,1,11562,2474,3482,474,1104,53,46404,6,8224,774,7941,27,157,1767,400,2,685,230,104,2517,8,23,7,4431,647,1,9,432,123,31814,1082,162,4457,6,665,6246,94,133,18,115,1,2012,25,173,38,5290,595
s345_CD,1,721,209,1372,1,7,182,14773,1,713,64,1973,57,5577,93,2212,1,140,5,1,87,2,28,56,1,79,2,1,19,1,2,6,1,228,44,66,362,3,471,412,126,12,2,9,1,3,274,376
s346_CD,2,5188,2463,7446,2,93,86,38139,16,10327,30,2994,106,1532,1221,17056,7,84,26,1,1135,45,12,76,29,523,2,1,928,1,24,20,3,2180,14,293,1570,3,133,53,436,2,21,5,4,43,4844,178
s347_CD,1,276,623,1089,100,690,6,9771,1,3328,137,1083,5,28,219,47,7,77,24,63,218,13,1,3,4,192,1,7,119,24,2,761,105,576,2,278,2204,35,7,1,40,1,60,106,1,19,4,276
s348_no,73,1741,110,486,62,461,21,13514,1,3848,160,881,21,145,300,102,2,112,5,1,244,30,4,15,6275,269,1,1,307,11,6,265,97,1259,4,82,1626,5,39,5,12,1,417,31,7,3,1332,119
s349_CD,1,134,59,646,1,4,185,3253,1,184,22,277,1,343,21,483,1,67,591,1,1,181,32,22,1,115,2,1,104,1,3,1,1,65,3,10,165,1,305,15,240,1,1,5,1,1,42,9
s350_CD,1,814,887,922,6,30,194,19677,2,9391,26,1405,7,1174,30,6533,1,7,908,6,102,1,1,27,271,109,1,7,139,2,3,63,6,324,16,797,591,51,281,54,1633,1,93,113,5,8,157,306
s351_CD,1,2929,688,4,5,31,203,18706,8,5,32,3393,1,140,22,170,2,404,1,1,552,4,5,7,2,199,1,1,22,12,2,4,1,645,3,4,100,5,20,9,7148,1,41,128,1,15,7,2
s352_CD,1,14,517,40,29,24,145,1856,1,9,1,1803,1,14,5,6,1,567,1,1,1,3,1,3,12,21,1,1,1,9,1,326,1,974,1,42,86,1,35,1,17,1,1,5,1,1,3,1
s353_CD,1,646,2276,2242,80,131,166,31487,1,1176,195,7260,1,1003,270,5346,10,1326,2,12,1,2,2,1,2,154,1,1,14,36,2,14,1,493,1,214,2267,26,63,2,52,197,335,326,70,6,80,2
s354_CD,1,61,1774,51,90,37,88,19636,16,4026,777,1118,1,51,113,1074,2,157,733,6,5,13,9,2,78,205,1,1,27,30,36,60,5,390,16,301,942,3,16,3,79,1,8,104,11,20,92,295
s355_no,1,7946,1236,6710,60,46,251,51300,33,10257,190,5802,6,11373,300,1405,9,146,5980,2,6,4,37,27,8,233,2,12,2,22,6,485,165,7551,143,872,6004,7,376,774,54,7,339,4,304,91,1989,1955
s356_CD,1,379,1973,331,8,15,427,12532,10,6670,92,1347,1,163,78,497,2,228,1300,1,1,2,3,13,4,58,1,1,43,4,2,65,144,838,20,721,631,14,62,72,26,25,2,17,45,209,76,1
s357_no,1,60,31,373,194,6,41,2951,7,414,23,308,1,84,7,29,1,38,108,1,2,4,11,5,1,8,1,1,1,48,2,189,5,60,33,80,282,3,212,1,2,1,1,24,8,1,1,54
s358_CD,1,20,79,41,1,1,126,8085,1,100,4,140,43,7573,8,2931,1,15,21,1,1,1,2,4,1,3,1,1,3,1,1,1,1,21,30,33,14,1,157,1094,303,130,15,13,1,1,3,7
s359_CD,1,4,16,18,5,2,194,321,5,76,1,71,1,9303,2,1658,477,4,8,1,1,1,25,20,1,1,1,1,1,6,8,2,1,15,5,7,22,1586,79,13,11,1,6,1,1,3,5,4
s360_CD,1,2068,1560,4054,2,32,34,21854,13,10601,150,4750,2,182,1501,5354,2,568,2,1,1065,2,1,1,4,173,1,1,1,7,4,3,74,1510,4,1421,875,21,51,12,1,1,557,351,50,38,163,193
s361_CD,1,40,61,15,11,4,586,41834,1,2119,63,1286,1,3752,15,67,6708,11,2,1,1,8,1,103,2,4,87,1,1,5,1,15,1,42,2,495,265,1,95,437,150,6,9,1,2,15,13,1
s362_CD,54,6,136,201,52,5,103,5951,3,42,2,104,92,17766,8,24226,79,4,32,1,2,10,3,357,1,2,8,1,1,98,2,3,1,30,108,15,43,2,427,3294,1136,203,12,4,1,4,3,11
s363_CD,1,58,65,328,1,8,16,5989,8,506,3,232,26,657,9,302,1,63,1,1,1,1,8,35,2,9,1,1,1,8,24,6,10,40,21,130,75,5,65,7202,206,1,3,3,1,1,1,3
s364_no,1,767,16904,6023,3,119,32,44115,9,202,39,854,1,15,18,16,2,298,54,1,90,2,2,1,3,11,1,1,1,2,2,5,1,104,8,2155,356,2,42,1,5,1,2,1,6,199,16,3
s365_CD,1,32,1383,16,55,10,1112,19531,4,3492,24,1491,2,125,150,3900,2,2133,7,1,3,1,1,4,32,426,2,1,3,45,4,43,147,2974,3,759,822,1,37,10,4,1,3,1,2,52,19,7
s366_no,1,2751,542,7522,89,1568,24,29090,34,11785,418,3439,3,199,248,39,4,107,9,179,5,5,6,6,25194,1721,1,1,1016,73,2,1699,66,4819,3,370,4562,17,33,6,16,2,1148,78,271,296,5066,1934
s367_CD,1,40,742,1909,17,42,17,25431,18,1309,109,3218,103,648,165,4816,3,89,456,2,4,4,7,28,3087,646,1,1,287,7,2,31,1,1297,24,164,1051,1,138,42,478,71,25,72,22,12,1209,19
s368_no,1,722,277,546,23316,61,117,4499,1,2653,134,1285,1,65,186,40,2,151,724,60,90,1,6,3,31,18,2,1,3,158,3861,446,7,1501,6,144,788,1,322,6,4,1,113,27,10,3,87,62
s369_CD,1,432,1638,6439,2,30,111,27951,1,5253,15,5274,1,24702,132,32,3,64,2,1,1,9,7,4,3,325,1,1,75,2,1,11,2,381,6,1474,891,8,20,5,48,4,12,2,1,1,10,173
s370_CD,1,1489,4535,3179,43,90,1176,70985,50,29893,1026,8376,5,1229,767,3164,5,352,5694,1,1,2,5,15,4,277,1,1,208,24,2,433,758,5325,53,2874,2623,1,129,521,65,151,9,7,240,443,222,2
s371_CD,1,3162,85,1648,6,522,19,20480,1,2744,107,2266,1,69,295,72,4,112,11,3,1,1,9,2,2564,190,2,2,114,1,24837,266,168,1953,1,462,611,35,40,6,11,2,97,35,3,4,1673,678
s372_no,1,2849,872,2814,115,477,72,43084,12,5767,510,4726,1,25,432,7,2,236,9,121,11,2,12,21,31,365,2,1,3,38,182,472,182,2784,4,1590,2970,36,37,2,15,1,11,1,21,59,352,182
s373_CD,1,390,224,2905,10,20,18,23804,40,1480,206,1174,2,552,205,103,2,69,254,1,3,13,3,9,6,625,2,1,242,3,8,26,1,634,3,75,899,2,21,42,15,4,12,10,25,2,289,846
s374_CD,1,1438,4441,9645,6,164,271,42091,37,14739,195,5034,5,186,504,3893,4,575,1234,1,455,1,68,49,11,167,2,1,3,8,9,2385,3,1487,30,1905,1826,8,400,1151,259,2,145,3,30,75,430,1164
s375_CD,1,438,1803,64,39,35,290,19692,3,6725,246,4409,1,160,247,31,3,408,23,1,4,1,27,12,36,9,1,1,1,147,1,8,11,755,41,333,1255,25,198,47,33,1,80,1,1,27,6,1
s376_CD,1,3163,469,942,20,39,2,5393,1,978,26,901,5,41,40,2609,1,222,2,2,192,3,6,2,1,170,1,1,153,11,1,47,7,217,1,75,350,1,58,1,105,1,6,1,2,16,3327,1
s377_CD,1,922,1087,1347,2,20,49,15723,7,969,29,467,1,667,2,3489,1,38,3,1,507,1,27,151,128,94,1,1,85,1,3,36,1,8,25,56,243,1,101,150,2337,269,12,17,1,1,496,1122
s378_CD,1,175,372,593,6,15,37,8393,22,1088,90,832,1,35,128,135,2,176,111,1,2,4,1,2,2,218,1,1,1,11,2,85,7,307,1,551,219,3,18,1,9,1,5,1,29,17,286,113
s379_CD,1,4249,2054,210,3,21,247,57673,116,15559,13,2538,201,1249,145,18,5,18,25,1,570,22,21,284,1,487,1,1,27,5,4,12,1,75,66,1924,235,1,288,34,1700,451,10,1,1,161,59,1820
s380_CD,1,7125,143,8602,15,2,982,33380,1,3421,2,1919,1,3859,3,2695,2087,28,13,1,73,1,1676,45,33,15,1,1,167,1450,4,34,2,66,812,23,1291,451,567,2,4206,134,2,1,1,2,3,14
s381_CD,1,1590,407,1214,4,9,80,17671,1,2056,47,1077,4,783,10,2286,3,104,1768,2,1,10,1,1,6,405,3,1,449,1,3,29,1,72,8,22,506,3,14,41,303,59,5,10,4,14,722,709
s382_no,1,629,503,1525,3,66,11,22390,2,4133,463,2904,1,116,200,82,1,121,5,2,626,4,3,2,2,97,1,7,33,1,1894,976,46,1207,3,386,585,1,48,1,12,2,242,1,16,10,109,201
s383_CD,1,1668,559,4313,41,38,543,24422,5,10381,167,2144,13,3502,334,1304,1,168,1236,1,5,1,19,22,4,1441,1,2,337,20,2,37,54,1092,40,91,1633,6,126,293,71,4,118,39,15,6,2,2
s384_no,8,69,1606,62,106,53,27,3709,1,1236,206,2954,1,37,221,7750,1,104,37,1,10,13,15,1,1,41,1,1,1,949,1,200,420,175,9,1412,265,250,28,1,4,1,1,13,11,16,160,89
s385_CD,1,890,423,3581,1,12,65,18629,1,2730,52,1348,43,602,52,24,2,53,1,4,2,1,6,17,1,1084,1,1,22,1,282,523,2,569,16,149,664,1,205,18,39,1,1,1,1,1,961,15
s386_no,6,6042,541,1312,35,3,147,4524,1,15,119,889,1,110,143,1179,1,1,1,1,1,15,2,1,4,13,1,1,1,118,2,9,1027,666,1,293,59,1,111,1,1,1,6,1,1,4,1,1
s387_CD,1,685,327,1121,2,8,8,5014,1,2075,3,311,4,35,2,369,1,429,1,1,1,1,3,34,2,11,1,1,1,1,1,2,1,2,8,48,24,56,60,3,23,1,7,1,1,1,2,1
s388_CD,1,3,12,2,1,2,1,17257,1,21,2,95,1,3,2,8364,2164,5,1,1,1,1,1,2,1,1,53,1,1,1,9,1,1,9,19,1,6,1,3,2,3,91,2,1,1,1,1,1
s389_CD,1,5322,355,7515,1,38,23,33302,1,3747,211,5112,1,25,233,3427,3,340,1,4,151,1,1,4,5,1129,1,1,123,1,1,41,5,461,1,184,894,2,6,2,4,6,9,53,10,61,1106,2223
s390_no,2,4513,435,3802,139,638,24,24547,1,5348,962,4800,1,78,616,38,2,143,1833,113,995,41,1,1,210,242,1,3,203,41,4239,1920,1060,2180,1,476,3262,184,34,5,9,1,781,93,39,3,1049,345
s391_no,1,1230,36,240,1,6,64,20821,9,749,87,565,1,261,153,540,3,36,220,5,1,3,3,6,76,241,1,1,224,1,584,243,7,206,10,12,1005,1,45,9,5,1,12,1,21,53,698,591
s392_CD,1,587,282,2388,1,1,416,14363,1,16,2,1256,4,2608,225,3255,6,4,5,1,2,1,15,14,2,168,1,1,1,1,1,2,1,195,34,146,221,1,293,49,1380,1,3,3,8,18,2,4
s393_no,1,1407,338,23,108,10,246,9830,4,4699,146,1309,12,106,148,455,1,55,14,1,92,5,52,6,2,179,1,1,18,58,3,184,35,514,90,75,549,2,440,3,17,1,3,18,1,7,11,1
s394_CD,1,3895,335,604,6,37,201,23700,16,41,1,2244,22,263,132,1541,2,83,3,1,1,12,69,24,2,138,1,1,1,5,3,3,2,591,35,90,421,1,288,2,20,1,27,6,46,37,979,2
s395_CD,1,192,324,722,1,24,101,12955,1,1277,1,1314,1,27,4,2012,2,62,2,1,4,10,1,7,375,101,1,1,10,2,1,11,1,93,6,23,94,1,11,114,72,18,7,1,7,1,77,206
s396_no,1,128,782,147,94,16,166,25041,13,809,39,3060,79,364,136,5509,2,695,45,1,7,1,35,35,4,100,2,1,10,32,5,15,5,131,28,275,101,1,220,19,214,1,2,1,6,14,5,3
s397_no,1,989,441,823,408,16,63,17880,14,987,120,920,2,773,478,12,2,197,6,1,72,1,17,7,3,76,1,1,18,140,6,195,8,193,13,57,433,1,101,4,28,3,1,2,9,25,431,80
s398_CD,1,6,289,1047,12,9,26,9826,6,7547,6,486,2,3382,139,1923,123,501,16,1,117,8,1,1,2,250,1,1,2,6,3,46,1,220,1,15,397,1,9,22,64,13,19,15,37,8,398,13
s399_CD,1,3,7,5,4,1,1,1986,1,14,9,18,1,10415,1,102,1,1,13,1,1,4,4,20,1,3,1,1,3,1,1,1,1,2,2,19,5,39,169,888,13,2,1,1,1,1,3,1
s400_no,1,4,11286,12,2474,1,2136,101,1,27,2,38,11,17176,7,37864,1541,12,2,1,1,2,21,62,2,365,164,1,2,5806,19,10,1,8,47,17,4594,384,146,10,30,60,517,1,1,1,20,2
s401_no,5,1566,1478,683,92,280,147,9348,10,11360,329,2110,483,404,180,183,14,86,404,1,2,8,23,78,5,89,1,3,20,185,5,172,2,1967,80,1177,847,2,298,50,319,2,362,19,43,435,622,133
s402_no,2,201,540,135,332,23,70,10772,1,287,703,1993,10,4872,427,5812,24,283,16,1,11,1,23,13,2,27,1,1,8,110,3,603,729,690,19,294,24,3,225,16,154,7,3,1,1,20,112,4
s403_no,2,549,949,11,43,18,9,14611,2,5092,95,1022,1,174,527,85,21,122,851,4,2,6,1,17,2,135,1,1,1,16,10,73,30,357,9,121,999,4,21,68,107,11,3,1,4,4,2083,2
s404_CD,1,843,453,3483,4,98,273,16510,5,1775,29,1268,1,1286,30,6,1,122,2570,1,3,2,1,22,5594,124,2,1,2,2,1,1,2,166,13,7,455,4,71,3,10364,4,1,3,2,3,1484,2
s405_CD,1,221,190,6028,1,6,47,25578,1,5026,79,1097,1,5399,3,8261,2,29,1450,1,1,6,3,12,12,12,1,1,1,1,5,5,3,151,14,765,406,1,69,23,356,1,48,1,1,1,6,33
s406_CD,1,4,9,5,2,2,5,3657,2,3267,36,3402,1,3153,15,3149,11,23,9,1,1,7,1,1,3,5,1,1,1,1,1,15,1,143,1,13,384,1,7,2,1,1,1,1,3,4,64,1
s407_no,1,7,4686,10,633,2,762,53,1,7,2,32,2,5587,3,25014,1167,3,2,1,1,1,8,27,1,108,53,1,1,1824,3,4,1,3,17,2,1409,116,29,3,1,28,241,1,1,2,3,2
s408_no,1,152,172,23,1,796,5,1853,1,15919,161,3650,1,13,566,8,1,105,2,16,23,3,3,1,1,214,1,6,31,1,12575,1756,27,5838,1,27,2338,2,21,1,5,1,60,24,63,67,675,306
s409_no,1,229,318,3,12,949,5,2163,5,16020,231,5516,1,6,1346,35,1,93,1,15,10,1,3,2,1,243,1,6,20,2,10380,2990,3,9173,10,57,3839,5,56,1,1,1,88,26,30,95,601,311
s410_no,3,1182,877,1711,2,87,2,24796,1,6952,618,4459,1,2,458,11,1,421,1,3,1,1,4,1,2,542,1,10,451,1,5,827,1,2935,1,847,1154,25,3,1,31,1,35,1,211,667,4605,794
s411_no,1,23,391,61,213,3,81,10377,1,6811,1439,1391,3,1837,398,16461,1,18,1,3,11,14,1,7,10,1,1,1,1,57,2,513,513,318,13,567,89,15,99,365,34,1,30,9,1,1,15,12
s412_no,1,919,1115,1858,124,8,8,15912,1,4374,210,1627,1,45,270,9,1,201,1,9,1,1,1,6,1,68,1,1,10,19,31,1324,596,1954,21,1263,579,1,5,5,404,2,44,16,27,326,1,136
s413_no,7,1415,554,1073,50,170,1,7337,6,3763,181,1047,1,12,564,1461,1,305,1,41,1,1,1,1,1,268,2,1,199,1,337,258,32,1413,17,42,517,1,23,1,17,1,78,102,3,2,355,90
s414_no,1,593,1661,7122,75,295,55,21973,6,7653,348,4280,1,250,229,548,1,358,426,1,1,1,4,1,291,151,1,3,111,16,1,378,107,3536,5,630,732,9,58,17,65,1,155,32,69,2,669,182
s415_no,3,273,2683,3657,153,228,45,17051,9,4853,347,4652,1,189,233,11007,1,181,246,1,1,1,9,4,149,230,3,1,59,552,2,332,89,2614,1,755,548,10,40,1,74,1,77,10,16,16,259,94
s416_no,1,61,2819,82,20,20,6,17876,2,1560,92,2102,4,611,61,3199,1,280,491,1,1,1,3,4,1,91,1,1,26,87,2,38,1,794,5,532,399,195,31,47,9,18,25,58,16,77,5,145
s417_no,17,852,6289,7725,642,231,899,34281,10,8176,688,4814,1,2348,410,1197,1,140,1347,20,2,1,14,9,2,118,1,8,10,848,1956,1841,197,5320,21,1819,2393,344,294,33,79,1,1169,190,68,317,387,394
s418_no,7,2704,325,1385,132,981,9,11193,2,5109,599,2869,1,37,315,161,1,54,449,37,1,5,1,1,1,205,1,1,467,5,2,1678,196,2103,1,99,3167,31,14,1,17,1,115,13,7,4,1128,118
s419_no,1,315,1096,1849,2809,9,55,7246,1,8089,147,4310,1,1056,1193,178,1,286,1,1,101,1,17,1,11,37,1,1,20,590,1,269,1,845,17,673,900,1,79,1,13,1,18,13,6,21,146,3
s420_no,1,3693,341,1405,149,2373,225,10004,1,2253,212,1729,1,273,562,12,1,112,1365,73,50,1,15,1,1,365,1,8,60,8,4905,639,117,1518,30,59,1110,43,411,50,3,2,195,5,25,1,680,122
s421_no,14,9127,4109,2137,196,1430,11,44390,59,4685,283,4203,1,37,1434,165,1,172,2969,551,1,1,34,7,1,2419,1,1,403,30,1,861,1,2892,4,900,1227,48,27,3,5,1,20,1,330,1606,3967,1314
s422_no,43,6128,805,1470,67,711,2,25749,9,1873,72,2307,1,27,396,20,1,138,531,564,1,1,7,4,1,450,1,1,169,11,1,278,1,1197,1,275,305,24,19,1,1,1,16,1,91,60,1993,601
s423_no,1,1059,401,272,292,350,12,14260,1,1404,351,2050,1,73,377,75,1,58,573,5,1,1,4,34,1,386,1,5,28,3008,3,4446,55,765,31,379,2025,25,217,5,7,1,50,4,6,253,1506,242
s424_no,1,8,1149,2297,316,1114,3,22183,8,174,46,3690,1,5,839,13,1,1,887,1,1,1,1,2,1,557,1,1,1,50,1,1725,1,1474,1,241,2382,41,16,1,16,1,84,1,119,114,1,2
s425_no,1,5,65,1650,1112,86,251,14186,7,101,3,3809,1,118,25,2824,1,11,122,1,1,1,1,5,1,74,1,1,1,170,15,686,1,637,11,2122,1635,1,37,1,181,1,1,1,1,66,1,3
s426_no,1,4,112,2858,2175,189,473,16782,17,261,4,5982,1,320,39,4690,1,27,207,1,1,1,4,3,1,117,1,1,1,349,1,1801,4,1258,2,3695,3707,1,64,1,217,5,1,1,1,167,2,1
s427_no,1,719,2733,71,50,15,286,18653,1,5707,603,10375,39,634,899,8517,4,231,34,1,1,1,4,53,1,14,1,4,14,7029,1434,4948,9,6209,29,1419,2308,1964,210,209,4026,29,90,15,28,1,1,112
s428_no,2,1572,271,32,43,4821,38,24318,5,774,178,2523,2,2043,933,873,1,157,1,1,386,7,2,1,1,332,1,4,1,1465,68,531,315,432,3,217,2729,18,342,9,10,1,4,3,53,367,2,280
s429_no,1,401,1327,341,19,29,9,25681,2,3658,145,4762,1,180,2966,5,101,108,3,1,1,1,1,13,1,119,1,1,7,231,1,253,7,3050,9,2061,1561,6,15,1,12,1,109,270,37,3,26,25
s430_no,2,224,347,124,126,10,45,16569,8,374,387,1657,7,8068,349,7558,36,406,1,1,30,1,5,9,1,30,1,1,25,22,3,505,735,658,3,388,56,2,108,13,159,10,1,13,1,42,93,92
s431_no,1,1686,2591,14,14,506,439,16185,8,3106,401,6105,1,688,705,4,1,148,13,32,1,1,6,1,1,132,1,1,1,2,738,52,76,1132,72,3495,731,1,104,9,166,11,76,1,12,750,424,876
s432_no,1,5403,499,1932,4,41,8,19847,1,5307,536,2916,4,19,282,6,1,171,1,417,4,1,2,21,502,35,1,1,9,3,690,1627,461,1142,1,262,638,1,21,12,2,1,23,1,21,1,5,63
s433_CD,1,1787,1770,6593,4,20,2,37323,3,1152,257,2611,1,72,319,1732,46,108,1,1,98,1,5,4,1,14,1,1,51,42,3,13659,1,817,10,1753,235,1,17,14,6,1,178,1,11,376,95,11
s434_CD,1,8667,2049,8776,73,154,262,47031,12,12825,345,10168,14,277,921,1993,2,176,44,10,2,1,15,2,15,481,1,1,3,19,1,83,6,905,2,43,6204,3,50,64,97,4,869,1,29,26,5,39
s435_CD,1,48,35,6,1,1,11,206,2,97,21,66,1,45,7,42653,1,1,1,33,1,1,9,40,1,12,1,1,1,1,19,2,1,124,13,30,29,1,48,1,2,1,72,8,1,1,1,10
s436_no,1,2196,105,915,9,15,17,26488,7,4693,741,5362,1,98,255,275,1,406,2,1,1,1,5,6,1,110,1,1,323,20,4,481,52,619,8,135,1743,2,69,2,2,1,41,2,13,2,1211,31
s437_no,10,510,206,2661,29,37,73,25330,1,2739,165,2970,1,86,228,7520,1,148,9,1,3,1,1,4,4,308,1,1,244,68,240,700,13,416,8,618,568,162,58,5,39,5,64,15,11,18,372,20
s438_no,1,270,53,989,1,17,186,19274,1,1208,3,390,286,15208,3,16,1,1,65,1,1,10,13,91,9,8,1,1,25,1,5,3,1,8,71,399,52,1,503,1411,3767,102,20,1,1,1,46,29
s439_no,1,1,418,6,65,11,4,16860,3,231,1,2005,1,9,47,9015,1,3,1,1,1,1,1,1,2,1,1,1,1,1575,3,5,1,90,3,829,215,2176,6,1,32,4,4,1,1,3,5,50
s440_no,1,3,410,7,119,1,1,18073,12,72,1,1634,1,60,12,9738,1,6,1,1,1,1,1,1,1,2,1,1,2,1125,2,5,1,74,1,577,127,1682,86,2,8,3,1,1,1,1,1,76
s441_no,2,3,667,2712,1128,27,4,1501,1,4617,264,819,5,172,148,3309,1,232,1,1,1,4,2,15,1,5,1,1,1,1141,14,308,4,1331,7,1729,399,6,91,19,11,1,50,62,1,8,2,1
s442_no,1,1385,244,414,29,6,18,12505,1,1599,115,1844,1,121,439,603,1,52,1,1,28,7,1,14,1,51,1,1,45,2,38,441,24,480,1,327,373,1,101,12,141,1,4,1,12,15,67,13
s443_no,1,1793,295,1574,4,141,23,11224,1,1085,375,1670,9,70,292,88,1,97,184,2,197,24,5,6,180,266,1,3,160,1,1560,445,89,893,1,139,810,13,45,1,13,1,7,11,6,2,394,111
s444_no,1,807,732,976,358,28,28,9086,1,175,4,689,1,1507,7,867,1,2,28,1,174,26,13,11,1,2,1,1,88,106,1,503,1,101,32,137,84,810,81,4,811,1,1,1,15,1,171,1
s445_no,1,16,997,345,310,1,23,1534,1,123,2,266,1,1078,9,152,1,121,1,1,1,1,1,25,1,1,1,1,1,223,1,18,16,159,16,62,73,1423,39,32,190,15,1,1,1,1,18,17
s446_no,7,3587,486,229,28,45,30,17676,1,1528,352,7607,1,34,2022,239,1,218,708,29,5,4,1,1,1,489,4,1,7,1,2,745,900,6212,2,94,2065,50,46,1,23,1,4,1,58,155,468,91
s447_no,1,1009,291,2827,14,4,25,6543,1,1446,206,2031,1,7,167,202,2,137,2,9,1,1,2,4,1,128,1,4,98,2,4204,323,62,1279,2,9,569,3,29,2,1,1,6,1,31,1,141,7
s448_no,1,1762,197,3053,13,14,9,9571,1,1539,241,1930,1,8,160,251,5,91,1,10,3,1,1,1,1,207,1,4,286,5,5806,406,78,2068,4,5,626,3,16,1,20,1,3,1,40,3,337,6
s449_no,1,1414,305,1994,1,565,10,11646,1,3742,367,1087,1,45,239,47,1,121,1,15,1,1,2,23,129,59,1,2,61,2,7554,1167,22,367,15,90,747,17,141,8,1,1,77,5,28,5,41,121
s450_no,1,195,918,1879,45,15,33,14952,15,525,153,1395,5,1880,45,771,1,1610,1,1,21,4,11,11,1,22,1,1,1,3,1,7,76,1687,4,159,410,1,31,160,206,1,154,68,19,35,5,314
s451_CD,1,44,82,37,22,540,1,459,1,704,158,582,1,2,581,29,2,60,149,9,1,16,63,26,102,10,66,7,4,23,2,10,10,193,141,30,289,5,17231,1,11,1,96,7,5,4,18,5
s452_CD,1,888,1043,3717,50,32,28,18121,33,3141,276,3809,13,4427,679,5824,1,137,6,1,647,1,6,3,1,941,1,3,1887,8,6,444,109,1559,10,130,2958,60,42,2039,175,31,48,25,25,14,2558,1254
s453_no,2,1,217,1,29,20,71,10182,3,740,112,1707,1,433,754,73,1,17,1,1,238,1,1,1,1,80,1,1,1,6,1,1,39,178,1,131,250,1,4,3,5,1,20,1,10,91,15,1
s454_CD,1,6,70,2,2,7,2,14858,4,820,98,737,1,426,111,112,1,30,4,1,1,1,2,2,1,318,1,2,1,7,1,32,10,442,2,102,329,16,5,97,1,2,4,7,1,1,653,2
s455_CD,1,36,15,17,1,1,179,204,1,28,1,5,54,2076,2,9224,1,1,2,1,1,1,10,6,1,3,1,1,1,1,1,1,1,1,12,2,39,1,109,234,78,5,1,1,1,1,3,5
s456_CD,1,220,171,345,2,4,26,3669,1,215,10,419,69,593,62,5,1,17,480,1,1,1,1,1,1,212,1,1,32,1,1,1,1,40,4,114,30,1,32,181,103,1,3,1,1,18,99,1
s457_no,1,1095,475,123,9,64,53,13014,1,5021,281,2347,1,261,203,45,1,147,2,2,6,1,16,3,1,198,1,9,1,3,4185,941,9,1459,12,202,707,7,79,8,23,1,84,38,38,62,663,433
s458_CD,1,4,2,1,1,1,489,5629,1,10,1,4,2,4530,1,262,1,2,567,1,1,3,1,1,1,1,18,1,1,216,2,38,1,2,1,1,398,226,2,668,1013,1,1,3,1,1,1,4
s459_CD,1,1,55,815,1,6,5,1144,9,1699,14,324,6,23,58,1096,1,31,47,1,1,3,1,1,1,16,2,1,28,1,1,12,2,70,3,7,175,1,2,2,8,7,1,8,1,1,24,27
s460_CD,1,11,63,1,2,1,1,145,1,7,11,36,1,934,1,8051,1,2,8,1,1,1,1,1,1,1,1,1,2,91,1,1,1,2,1,55,15,1,1,83,1,1,25,1,1,5,1,8
s461_no,2,95,253,32,24,29,11,1029,3,165,50,979,2,29,124,972,6,114,22,7,1,2,1,2,1,13,1,1,3,12,81,85,174,293,6,165,98,1,12,2,9,1,14,2,4,73,26,6
s462_CD,1,625,1210,3,1,21,6,9,14,1,28,166,5,812,42,972,1,527,2,1,1,1,1,3,1,54,1,1,1,1,2,2,9,216,24,301,320,2,102,1,4,1,18,1,1,1,1,1
s463_CD,1,87,128,317,2,6,25,2628,1,1385,16,1046,26,214,7,204,1,21,1,1,1,1,1,3,1,77,1,1,1,5,2,1,1,195,1,60,263,1,24,2,58,1,2,1,1,3,98,1
s464_CD,1,2,3,133,1,1,376,5913,1,8,1,432,9,35,1,1489,11201,1,1,1,1,1,2,3,1,1,1,1,11,1,1,1,1,2,1,2,182,1,4,6,2101,109,1,1,1,1,2,352
s465_CD,1,431,160,1968,1,32,156,10200,9,1604,13,621,55,855,1,18,3,56,1095,1,1,2,5,18,5362,80,1,1,2,1,2,1,1,63,3,2,200,1,55,16,2265,1,1,1,1,1,1483,2
s466_CD,1,40,19,853,1,1,8,3956,1,1091,6,94,20,707,2,1022,2,4,98,1,1,114,3,11,1,5,1,1,1,1,1,1,1,3,2,68,129,1,11,5,8,5,16,1,1,1,1,1
s467_CD,1,687,312,1462,39,1327,4,13888,1,2332,2,1852,11,18,868,30,1,2,14,1,621,1,2,5,1,333,2,1,372,7,2,891,33,162,3,508,1859,1,8,4,6,1,1,1,85,69,2954,379
s468_CD,1,1,1263,6,47,7,36,1807,5,24,125,2116,26,119,24,7869,49,61,2,1,448,2,2,8,1,1,1,1,1,13,2,2,151,356,2,104,210,1,23,6,9,1,1,71,1,9,19,1
s469_CD,1,1919,196,1455,1,33,27,16384,15,3779,9,1964,52,146,23,3253,2,202,4,1,191,1,3,16,1,681,1,1,1,1,2,1,6,395,3,29,322,1,12,13,110,223,1,1,2,5,795,544
s470_CD,1,1771,730,6295,1,15,29,24544,4,3034,219,3641,31,79,71,874,1,234,12,1,1,1,7,10,1,1713,1,1,575,1,1,15,8,676,5,1203,1663,1,27,16,80,3,8,83,36,28,927,893
s471_CD,1,2264,9,4,1,2,4,354,1,14,1,53,15,77,439,14213,2145,9,1335,1,1,3,2,5,2,869,211,1,1,1,1,1,1,11,2,2,16,3,8,3,4,87,1,5,1,17,1,1
s472_CD,1,77,184,313,1,13,51,4863,6,531,7,559,12,54,24,884,4,13,3,1,1,2,1,3,142,71,2,1,4,1,1,7,1,40,1,30,70,1,4,39,29,22,9,1,1,1,45,148
s473_CD,1,201,302,492,2,2,260,10147,1,2969,23,1187,4,199,16,1981,5,3,9,1,10,2,1,4,1,24,1,1,4,3,2,2,9,101,3,215,150,33,14,51,44,8,24,12,1,6,19,102
s474_CD,1,501,314,1840,1,9,57,13109,9,3845,7,709,13,813,3,4,1,31,6,1,128,1,5,7,1,62,1,1,1,1,1,2,4,56,8,657,288,1,15,5,6,54,14,1,1,3,21,410
s475_CD,1,544,612,646,7,49,118,7864,4,3263,41,581,11,1490,165,371,1,91,251,1,1,1,6,2,1,307,1,1,99,1,1,9,22,221,12,41,890,5,33,162,41,2,58,17,7,2,2,1
s476_no,1,327,23,661,36,92,22,1317,1,1737,149,416,23,26,108,73,10,69,1601,1,7,1,1,7,2,83,1,1,19,7,7108,241,229,305,3,2,525,5,7,3,8,1,73,14,18,1,270,46
s477_CD,1,1823,211,1912,10,2,8,11476,1,131,8,286,55,73,18,3106,5,51,2,1,1,2,5,12,2,143,1,1,91,284,4,6,1,85,3,177,95,1,12,13,24,1,2,6,5,1,38,22
s478_no,1,1624,266,364,5,15,9,19960,5,3845,30,918,45,43,366,42,2,70,3,1,376,1,3,17,1,226,1,1,1,2,4,28,182,400,3,289,176,19,21,8,43,1,22,7,1,39,902,1
s479_CD,1,1,776,1836,85,353,113,11110,1,1,1,474,5,9,1,425,5,1,1,1,1,1,4,2,1,202,442,1,1,329,3,1,1,214,2,42,66,99,6,3,6,1,54,1,1,1,1,1
s480_no,1,266,568,1,17,11,14,10275,1,6227,86,1154,9,304,415,802,4,157,1,1,51,1,12,4,1,72,1,1,5,6,4,46,1,197,1,293,570,1,29,25,32,1,1,1,10,21,13,124
s481_CD,1,769,804,1251,8,20,19,10402,2,5321,52,2614,21,86,52,146,1,318,1551,1,30,1,3,124,1,1007,1,1,382,3,1,64,1,577,1,289,720,10,14,12,209,1,75,73,42,4,269,338
s482_CD,1,209,275,1216,7,3,7,3678,2,5285,204,1103,17,50,566,7,1,82,124,13,1,1,2,4,1,32,1,1,35,2,8491,2,98,339,5,539,1079,11,8,5,10,1,171,63,4,3,40,253
s483_no,1,707,101,3548,1,12,11,8029,1,404,5,211,42,1762,7,16,3786,9,1,1,88,1,3,9,2,250,1,1,160,1,11,1,1,53,1,1,79,1,15,318,168,3,2,1,1,1,771,603
s484_CD,1,2,1,2,1,1,412,18,1,4,1,5,17,5429,1,118,6,1,1130,1,1,1,4,138,1,1,1,1,1,1,1,1,4,2,23,14,115,60,52,195,987,1,1,1,1,1,2,1
s485_CD,1,146,603,364,16,1,84,7513,12,7349,33,650,15,85,329,5555,1,69,8,1,3,4,5,9,1,4,1,1,2,14,1,1,130,55,1,418,339,14,19,12,5,2,1,1,1,7,20,1
s486_CD,1,209,783,883,1,10,3,8572,7,2604,85,542,10,46,102,2093,1,129,520,1,5,1,1,6,1,237,1,1,1,1,1,51,1,66,2,118,307,1,9,214,38,1,13,87,2,1,545,189
s487_CD,1,208,471,18,31,46,147,11416,1,3682,200,1404,11,951,136,4,1,65,23,26,1,2,5,13,1,62,1,5,1,14,3,32,6,474,5,143,1326,1,39,15,136,6,186,50,17,1,16,337
s488_CD,1,96,86,1324,6,1,111,6776,5,4921,3,1942,22,1158,6,949,1,348,167,1,1,1,4,7,1,139,1,1,1,26,2,64,1,158,1,134,363,41,16,339,414,36,6,1,1,3,2,355
s489_CD,1,32,52,476,1,1,19,2724,1,277,4,156,20,1026,14,6174,1,12,770,1,1,1,15,185,1,28,1,1,21,1,1,1,6,23,31,3,32,1,57,601,974,2,13,3,1,2,36,80
s490_CD,1,926,635,2814,1,7,31,18753,17,5586,68,3056,20,428,506,12,1,148,1,1,679,1,3,3,1,966,1,5,858,1,2,79,3,1248,2,7,1175,1,11,10,11,2,1,1,59,92,38,1
s491_CD,1,811,640,60,23,3,17,14256,1,1001,107,1010,37,43,491,486,2,169,2,1,84,1,4,9,3,41,1,1,3,10,1,3,8,101,2,525,218,1,20,5,17,1,56,1,2,136,36,1
s492_CD,1,106,1159,3,1,2,9,11434,1,2862,329,1327,27,56,177,191,3,187,590,1,35,1,5,5,1,11,1,1,1,1,6,495,8,631,3,1001,446,1,12,9,7,1,455,1,1,1,32,162
s493_CD,10,420,902,1030,1,20,140,8356,1,2653,137,1338,13,999,205,358,1,111,380,1,2,1,9,4,1,582,1,1,73,1,1,17,31,449,6,18,805,1,38,71,13,1,24,1,18,1,1,6
s494_CD,1,277,95,119,1,5,25,8196,11,419,13,110,18,377,12,5316,2,12,1,1,2,2,1,5,4,30,1,1,4,2,2,1,1,28,2,71,61,1,8,9,39,1,1,4,1,1,32,31
s495_CD,1,272,136,1204,1,1,18,1409,1,1114,56,501,7,139,13,952,2,153,600,1,1,1,1,15,1,355,1,1,19,1,23,1,1,23,3,30,175,1,36,6863,460,1,1,1,1,1,3,119
s496_CD,1,371,216,63,1,8,3,6786,2,3356,179,912,5,13,294,6,1,59,8,1,1,1,1,4,2,111,1,1,20,1,1,140,1,186,2,117,651,1,1,31,2,1,1,1,2,1,10,7
s497_CD,1,48,651,602,1,1,11,2625,1,1598,139,619,11,58,67,154,1,101,283,1,53,1,1,2,1,58,1,1,8,1,139,16,8,128,1,44,662,1,13,6,6,1,1,5,1,1,104,212
s498_CD,1,1274,53,861,4,1,5,7273,1,647,3,274,10,20,70,13,1,9,46,1,2,1,2,3,1,38,1,1,1,2,1,13,1,175,2,218,44,1,5,2,7,1,3,1,1,1,1,12
s499_CD,1,136,75,1250,1,1,17,12715,1,526,1,1188,4,331,8,12,1,5,6,1,1,1,1,6,1,117,1,1,141,1,2,1,1,61,3,1,27,1,9,660,1968,1,18,1,1,1,6,350
s500_CD,1,921,350,2124,11,34,59,18436,3,3793,91,1935,34,402,294,14,5,96,4,1,378,1,3,6,1404,508,2,1,428,2,1,123,85,1209,9,543,2292,1,41,37,15,1,173,67,45,1,514,358
s501_CD,1,294,673,698,1,13,2,5378,8,2291,66,619,10,5,143,1020,1,88,2,17,141,1,1,4,1,226,1,1,44,1,2,19,2,333,1,98,206,1,20,2,3,1,1,1,1,1,21,171
s502_no,11,10,5541,14,424,21,13,152,46,33,75,1034,1,21,2030,1026,1,445,59,1,15,1,1,2,51,15,13,2,3,242,1,537,4,960,3,1294,158,2,30,1,4,1,2,3,1,833,25,4
s503_CD,1,381,2799,1189,2,38,29,21098,17,8928,197,3670,3,353,45,80,1,192,2906,3,1,1,5,3,1,103,2,1,1,1,4,14,1,1060,5,485,804,7,29,12,92,1,3,1,8,42,221,1793
s504_CD,1,252,2920,740,1,52,25,14809,32,8209,212,3416,3,199,77,157,1,323,3645,3,1,1,1,1,1,76,1,1,4,2,1,23,2,888,1,785,898,9,19,3,45,1,6,1,8,101,122,1039
s505_CD,1,161,893,3963,90,25,53,11625,7,5551,202,2461,1,114,253,33,1,106,2618,1,1,2,1,9,1,423,1,3,88,10,1,25,1,975,2,291,773,1,50,11,79,12,50,45,10,5,138,4
s506_CD,1,999,1035,1469,32,23,38,18566,5,1646,75,1844,1,43,241,2489,2,193,1987,9,2,1,3,13,15,234,1,1,222,6,3,13,3,1540,1,128,379,8,4,249,6844,1,14,2,13,8,640,478
s507_CD,1,4418,480,581,7,163,25,27330,27,3948,168,1570,3,42,492,34,3,7,4749,2,2,1,2,6,2,158,1,1,1,2,7,68,1,341,4,61,4240,4,9,2,30,1,44,1,43,52,647,170
s508_no,1,1696,325,1906,91,192,172,27998,6,4155,197,2744,7,520,374,176,1,50,665,4,1,1,6,7,1,157,1,3,16,8,2,1946,28,2017,4,583,1651,7,26,16,26,1,68,1,2,13,438,288
s509_CD,1,791,699,3021,103,1063,36,7112,6,599,114,1601,47,914,101,202,3,19,3,1,1,1,1,2,3,145,1,3,1,16,1,254,88,2530,15,521,843,2,52,26,95,1,10,1,21,441,350,45
s510_CD,1,93,22,403,1,1,36,1492,1,16,1,79,1,1063,18,16658,216,7,17,1,4,1,1,1,5,5,1,1,14,1,1,15,4,15,1,15,17,1,39,248,727,65,1,1,1,2,12,33
s511_CD,1,6,728,7,3,1,6,15341,7,6,1,946,4,86,51,681,1,56,126,1,4,1,7,2,1,127,1,1,1,1,1,9,9,90,1,48,90,1,38,21,174,1,4,2,1,90,9,1
s512_CD,1,93,117,349,1,1,164,5124,10,258,6,309,98,6458,1,128,1,15,129,1,1,1,1,41,1,1,1,1,1,1,1,5,1,79,34,30,61,1,73,3,2473,217,1,1,1,1,1,1
s513_no,1,1636,845,1319,501,34,22,33814,23,2050,145,2110,1,1542,1061,17,1,429,10,1,132,16,1,23,2,209,2,1,46,197,12,326,10,360,4,75,1005,2,6,31,30,22,5,2,14,3,825,139
s514_CD,1,238,1149,1075,1,18,10,8948,65,2790,111,1564,1,37,15,67,20,2235,1,1,1,1,1,9,1,251,1,1,10,1,26,104,1,206,5,260,361,1,53,4,279,1,14,1,17,43,1,261
s515_CD,1,2,3,955,1,2,21,19,1,2,1,4,7,320,2,2219,1189,1,2,1,3,2,1,1,3,1,2,1,1,1,3,2,1,5,3,1,4,1,45,2,3,159,123,1,1,1,1,2
s516_no,1,671,355,150,14,65,10,18330,4,4024,86,904,8,12,760,15,1,96,7,1,37,2,4,4,292,202,1,3,19,6,1,570,185,681,4,372,456,11,9,1,13,2,11,2,8,23,470,307
s517_CD,1,9671,754,847,267,18,282,7599,15,7052,308,5817,16,772,564,94,3,15,6,1,1,13,15,9,4,404,1,1,2,60,67,3092,1,115,3,178,766,6,33,11,81,13,131,2,1,24,9,36
s518_CD,1,878,1036,177,1,61,14,6842,7,465,99,2144,6,11,548,1488,258,191,793,11,3,21,1,1,20,137,115,1,59,1,2,421,169,504,2,248,439,8,20,240,4,1,5,92,12,238,135,292
s519_CD,1,4,55,71,18,1,67,1510,1,387,1,303,89,157,35,7590,8,2,35,1,2,2,30,9,4,42,1,22,2,1,36,59,1,71,1,4,80,1,77,67,54,1,17,51,1,4,2,2
s520_CD,1,1117,880,1719,9,232,15,11370,1,5201,215,2615,9,43,199,43,1,74,2,209,1,18,2,12,3,660,1,1,247,1,7202,74,12,1306,4,193,523,1,30,3,17,1,33,81,1,10,1469,385
s521_CD,1,5,248,260,4,1,22,950,1,287,47,142,7,3020,1,2444,2,29,134,1,28,15,19,30,30,1,1,1,11,1,1,69,1,68,1,49,74,1,226,199,11,1,113,16,1,11,62,98
s522_no,1,677,1701,1228,97,52,186,82361,47,103102,390,26207,199,184,199,453,5906,1855,32,9,7,22,18,56,43,147,42,2,120,45,1160,167,170,7325,25,3856,6582,26,154,46,75,3,5322,509,9,242,352,819
s523_CD,8,56,2020,4868,33,29,2870,32908,91,91448,21,3566,19,5176,600,11740,1,667,240,1,5,6,4,8,4806,759,1,1,2,167,5,100,10,1135,3,250,1960,817,109,123,12991,115,153,3,1,79,6110,4
s524_CD,1,120,377,843,1,1,62,5158,1,1317,69,245,1,506,26,587,1,44,28,1,1,22,20,20,20,135,21,1,46,1,1,2,1,48,1,106,165,1,103,1286,1574,1,4,1,1,6,46,398
s525_CD,1,4,9,13977,1,2,6,93,1,29,1,30,17,1806,1,21475,60,2,1,1,2,5,2,1,5,5,666,1,1,163,9,21,2,7,9,2,5,2,26,285,4,192,1291,1,1,1,8,3
s526_CD,1,708,422,741,1,30,329,11168,50,1045,14,1510,11,93,38,1695,87,536,49,1,25,25,3,5,442,272,1,1,212,1,4,46,2,266,62,257,347,17,43,169,1315,1,19,1,55,45,676,1042
s527_CD,1,282,1706,4832,52,23,125,28534,13,606,2,753,25,67,4,29247,6,2576,2493,1,1,22,8,5,8,162,1,1,1,14,7,4,2,36,13,74,247,5,82,15,11860,2,32,4,1,25,9,3
s528_CD,1,3,1,4,1,1,277,293,1,991,1,6,9,1054,1,3120,93,1,135,1,1,2,15,50,2,1,1,1,1,1,1,2,1,2,33,1,80,1,76,3265,869,14,10,1,1,1,1,1
s529_CD,1,12,853,1127,1,27,245,27966,23,5069,141,3903,33,316,98,3401,7,104,1020,9,2,15,4,10,39,465,1,1,75,2,58,279,5,443,5,126,591,3,41,72,74,1,115,86,1,2,21,2
s530_no,1,4125,6856,658,1199,705,134,39774,67,1920,17,3940,30,142,1846,124,37,1196,6,1,2,8,26,11,10,211,2,4,1,419,11,1757,80,7063,36,2024,2216,1,81,27,35,1,1132,293,71,2947,933,2
s531_no,1,714,2079,497,383,321,233,17564,15,6220,932,3518,45,183,1038,184,2,269,353,2,2,24,11,40,16,199,1,1,2,133,9,1325,26,2505,12,1635,1674,3,164,24,44,1,142,3,1,55,313,175
s532_CD,1,111,689,317,12,30,11,9488,1,1638,113,1165,7,445,160,6989,1,70,837,1,2,21,1,3,3,126,5,1,2,4,1,78,4,1431,3,472,589,4,8,6,69,4,311,55,1,1,62,593
s533_no,1,1,92,180,1,1,45,3472,1,1337,6,393,5,235,58,956,1,34,29,1,1,2,1,2,75,1,1,1,1,59,2,107,1,172,1,9,137,40,57,1,369,1,17,1,18,1,11,1
s534_CD,1,2352,845,586,39,58,111,20068,1,2658,9,1272,18,63,80,27411,105,3,162,1,300,2,3,4,3,149,1,1,222,31,3,101,1,272,3,88,1041,1,13,3,103,1,60,1,1,142,13,197
s535_CD,1,1,43,2,1,1,24,18,1,1,1,5,18,4569,1,3,1,1,1,1,1,1,2,18,1,1,1,1,1,139,2,1,1,1,1,2,1,1,39,33,1,1,1,1,1,1,1,1
s536_CD,1,2276,678,2843,13,163,12,21928,2,2973,294,4694,64,219,490,325,35919,152,213,1,1,1,1,1,59,932,195,7,937,7,1,135,40,1034,4,125,2098,7,8,78,17,1,71,91,32,1158,7099,2
s537_CD,1,956,1011,1874,258,62,40,25926,4,5665,244,1967,280,3891,153,22,7,86,3,3,477,1,5,7,111,477,1,6,90,114,5,1428,22,2067,12,140,1445,1,41,742,80,2,75,13,85,49,53,919
s538_CD,1,635,264,212,10,49,41,9808,1,2479,55,2234,5,824,114,1387,4,33,1315,28,2,1,1,10,1,434,1,1,1,85,2,342,25,804,1,24,689,71,15,49,7,2,32,2,1,13,763,551
s539_CD,1,268,365,3776,11,17,87,33328,1,10689,17,609,94,1240,7,55,2,164,5052,2,1,12,3,18,7,22,1,1,2,3,6,6,2,59,1,432,658,2,44,7259,1353,2,366,2,1,8,510,833
s540_CD,1,920,732,1159,6,25,254,8061,11,2590,19,674,482,590,76,511,1,176,79,1,1,1,48,74,8,18,1,1,1,1,1,20,1,247,77,258,251,1,323,1,143,5,1,1,46,9,5,282
s541_no,1,492,604,1,3,188,217,4966,1,843,55,1736,1,116,224,3,1,31,1,1,1,9,1,2,1,63,1,1,1,1,1,1,1,72,17,1261,233,1,29,1,35,1,1,1,1,200,207,517
s542_no,1,51,5258,51,8,7,990,11093,13,139,11,761,2,70,12,41296,159,1758,7,1,8,2,1,1,6,168,1,1,12,4,5,19,2,183,1,12937,2776,2,20,6,9,1,2,1,1,799,32,8
s543_no,1,1111,566,425,9,61,10,7617,1,2891,89,1204,1,1430,215,318,2,113,1,25,17,1,1,1,854,424,1,5,157,1,879,857,13,1114,1,4,1222,1,51,134,2,1,1,16,29,1,420,116
s544_no,1,30,1439,287,1,20,4,18158,8,1074,16,2543,1,58,27,5125,1,37,1,5,673,1,5,1,32,601,1,1,11,3,20,37,1,191,1,41,376,1,10,4,2,1,1,1,36,41,30,6
s545_no,6,4,2058,49,276,176,56,19166,58,3973,470,3091,8,179,231,156,1,144,797,35,1,1,10,8,1,397,1,45,9,56,1,111,428,7438,14,1418,1544,5,78,7,145,6,1759,1,53,1969,566,1
s546_no,1,2462,843,2474,4,22,33,21887,1,16287,155,4624,1,72,445,21,1,2229,1,10,1,1,3,5,1,1176,1,1,503,5,3,386,40,3287,1,467,1718,1,42,2,3,1,12,40,37,221,1262,255
s547_no,1,1904,1120,2466,11,25,26,17831,1,12545,141,3565,1,37,270,13,1,1524,1,3,1,5,3,6,2,727,1,1,367,5,1,171,17,2360,5,562,1326,10,57,1,11,1,6,22,46,121,1106,235
s548_no,1,6390,606,2906,192,1129,47,12063,1,3699,18,2485,14,411,1046,42,1,10,1,1,249,3,1,9,1,374,1,7,304,28,1,1020,14,2945,3,231,1730,2,152,8,24,1,156,30,36,15,3107,368
s549_no,1,3337,669,764,2,8,354,2814,8,691,1,630,17,7466,9,2675,6,2,380,1,37,1,1,1,1,29,1,1,17,1,6,41,1,204,14,310,462,2,37,377,4468,286,1,1,1,8,287,226
s550_no,1,386,474,3557,50,3,66,17139,2,1270,47,1806,1,3728,42,1477,1,1130,1,4,57,1,12,22,1,42,1,1,1,8,2,26,135,2618,6,148,402,2,59,493,752,1,52,7,52,58,25,402
s551_no,4,2020,446,2705,32,547,5,15137,1,5443,654,1662,1,165,419,135,1,383,1,15,9,6,1,3,136,95,2,3,112,9,7666,1751,1,498,14,238,993,11,30,30,6,1,148,1,23,9,57,204
s552_no,1,603,46,216,1,58,1,4150,1,821,56,296,1,6,204,14,1,2,3,1,1,957,1,1,2,167,1,1,40,2,1,141,29,66,1,1,962,1,22,2,5,2,1,1,1,17,5,25
s553_no,2,1039,361,276,20,1,1,11324,1,1057,21,933,1,1,90,479,221,51,1,1,145,1,1,1,1,57,1,1,1,2,1,922,1,347,1,123,78,1,1,1,28,1,1,1,15,1,20,88
s554_CD,1,195,109,308,4,15,2,1704,1,595,30,416,1,100,17,15,1,31,23,1,7,5,1,2,17,2,1,1,7,7,1028,7,2,170,1,48,87,1,8,33,4,1,32,10,1,2,101,14
s555_CD,1,95,580,411,1,4,3,3979,12,1371,23,563,4,27,49,849,1,54,252,1,1,7,2,3,1,110,1,1,1,1,1,167,3,107,2,207,207,1,5,21,21,7,42,4,1,1,292,77
s556_no,1,1050,538,2421,6,5,1,27813,8,4184,2581,3839,3,6,1209,19,1,34,33,6,451,1,1,1,3,100,1,1,76,2,2,643,75,185,5,130,1756,11,8,1,7,1,46,1,29,5,552,119
s557_CD,1,1170,394,6899,1,5,2,24149,1,11698,200,2866,1,24,245,250,3,135,190,1,1,60,1,1,2058,483,3,1,792,2,5,258,77,1095,1,84,1887,103,1,7,331,1,237,1,2,1,1206,761
s558_no,1,1397,291,939,369,25,62,26921,7,5554,121,1106,1,28,463,639,12,127,80,1,123,4,3,3,4,206,1,1,263,56,2,814,3,259,9,60,349,48,109,3,42,1,101,4,29,25,172,75
s559_CD,777,340,721,15,652,724,3,1071,10,1906,968,2129,1,1,1601,19,1,682,3,66,117,2,10,2,1,55,1,1,1,64,2,189,11,1315,5,130,3547,77,114,1,2,1,804,645,7,4,472,10
s560_no,1,1992,1163,76,80,102,3,4741,5,730,135,1630,1,3,117,22,1,1,18,1,1,40,1,1,2,322,1,1,56,3,8,191,1,122,1,20,426,1,14,1,1,1,1023,1,1,41,451,127
s561_CD,1,616,782,3853,7,44,26,17923,22,4901,65,4439,1,340,340,540,1,76,1714,1,576,215,3,27,4,609,1,1,1,2,3385,11,3,1336,1,98,666,1,18,27,36,49,39,73,2,16,1120,218
s562_no,1,27,207,654,74,4,47,12230,1,1008,473,2021,1,106,273,14,2,28,390,14,90,6,1,1,1,5,1,1,1,5,65,196,59,2031,1,329,560,1,3,4,3,1,90,13,1,1,11,97
s563_CD,1,1993,3996,103,27,5886,4,10271,7,6221,557,1730,1,9,701,1886,7,664,229,163,477,1,2,8,3,414,1,81,80,253,1,2113,609,3228,1,127,3625,456,4,1,1,1,3032,433,34,7,3035,69
s564_CD,68,176,144,175,60,17,1,3317,1,551,60,312,1,458,81,40,1,24,3,1,1,7,6,1,1,16,1,1,8,226,1,196,74,352,1,36,161,1,30,1,13,1,3,3,1,55,57,39
s565_CD,1,18,102,560,1,4,22,2704,1,937,23,319,1,2,208,17,1,15,1,1,1,8,1,1,1,3,1,1,1,3,56,24,6,140,1,112,139,1,2,1,1,1,11,10,2,1,2,15
s566_no,1,482,68,260,27,6,1,3830,1,423,27,476,1,8,65,6,1,14,180,5,1,3,1,1,1,59,1,1,34,5,2,575,1,224,1,44,137,2,3,1,14,1,1,1,5,1,229,80
s567_CD,1,710,331,2422,9,16,28,9248,5,2145,68,1385,1,194,315,3,1,96,1,1,278,1,3,1,369,295,1,1,119,6,1,39,30,527,2,398,1282,1,7,3,1,1,127,8,5,1,308,93
s568_CD,1,1218,466,7556,1,7,4,3097,1,3289,535,2103,3,435,589,21,2,156,3,4,1,10,2,13,1,401,1,1,21,2,14647,1207,116,2744,4,385,728,1,46,4,3,4,2,18,14,1,2,351
s569_CD,1,3111,611,4079,1,61,7,21337,13,4416,219,8555,1,346,923,2483,1,103,782,14,1,1,1,1,1,1133,1,1,423,1,4,160,22,3126,1,996,1538,1,4,150,35,70,13,26,37,25,1455,585
s570_CD,19,2257,800,4757,204,2662,16,13239,18,6165,283,5750,1,9,1643,24,1,212,2,17,1,2,2,4,1,1384,1,1,1,41,1,701,384,944,2,336,4123,106,17,1,2,1,2,2,46,230,3223,1
s571_CD,1,1404,166,2,1,3,94,14495,20,1727,5,661,1,128,27,1317,1,83,1117,1,1,1,3,1,1,206,1,1,457,1,1,57,1,122,1,48,208,1,12,24,4187,1,7,1,2,7,2313,731
s572_CD,662,131,1448,64,1599,1502,10,2570,15,5535,829,3798,1,47,1593,15,1,306,11575,35,1,7,9,4,1127,414,1,136,49,469,16610,1663,115,2175,4,891,4519,2479,488,58,1,1,167,2,19,11,756,1
s573_CD,1,118,2317,2071,566,1951,7,2533,88,3126,711,2701,1,3,2355,4,1,437,2,1,2771,2,1,1,1,283,1,15,83,241,3348,241,1,715,1,12,3765,112,36,2,2,1,11,423,15,22,791,1000
s574_no,1,1,794,1,1,102,1,1056,1,631,122,791,1,11,66,1,1,210,1,1,59,1,1,1,1,28,1,1,11,1,1,15,4,378,1,69,124,2,3,1,1,1,1,20,5,9,41,1
s575_CD,1,39,1283,387,23,35,6,2145,1,1,3,1386,1,12,15,450,1,515,1,1,7,2,1,6,1,1,2,1,1,291,1,7,1,19,2,153,22,1,33,1,41,1,8,9,1,3,3,5
s576_CD,1,1,725,1,67,4,19,4,3,1724,780,915,1,1,165,1183,1,294,974,40,1,1,2,1,1,154,1,1,1,55,1,1495,34,399,2,146,473,13,5,1,9,1,94,29,26,9,1,2
s577_no,1,934,186,219,3,1544,2,1389,1,1529,58,1019,2,3,67,1,1,97,2,3,22,1,1,1,1,149,1,4,52,1,1759,37,42,709,1,481,1286,42,9,1,1,1,4,11,11,11,384,1
s578_CD,1,2,164,3258,244,188,6,1127,1,690,258,2431,1,16,13,1334,1,7575,1,1,1,1,6,2,1,127,1,1,1,100,1,45,2,26,4,1429,1135,2,14,1,20,1,7,1,13,321,1,1
s579_CD,1,158,848,867,1,17,3,4171,1,119,66,2394,1,2,164,33,1,140,1172,1,1,1,1,1,1,1,1,1,1,1,715,887,2,329,1,1,578,1,17,1,1,1,52,23,1,1,3,1
s580_CD,2,17,170,1,78,314,1,323,319,3,344,1914,1,1,1980,16,1,684,1,1,3,5,14,32,1,405,1,1,5,6,1,4,13,631,11,97,3479,5,1037,1,1,1,1,2,3,59,85,1
s581_no,1,548,526,153,5,380,2,2728,1,294,12,561,1,1,168,1,1,154,2,32,69,2,2,3,1,50,1,1,27,1,1,535,74,478,2,106,211,44,5,1,1,1,1,1,8,30,156,51
s582_CD,1,796,732,2,62,2,261,6501,1,570,1,594,1,204,115,6846,2,57,210,1,1,4,1,2,1,1,2,1,4,87,8,1,1,231,3,168,82,1,25,42,51,2,54,1,1,4,1,16
s583_CD,1,919,461,598,1,4,2,8898,9,2169,1,1920,1,6,21,4056,1,10,80,1,1,1,1,1,1227,421,4,1,342,9,15,1,1,869,1,2,79,1,4,2,1930,66,3,23,13,8,85,489
s584_CD,1,1,182,887,1,8,91,7313,19,1681,1,875,1,65,9,3534,1,35,122,1,1,1,1,44,1,16,2,1,1,8,4,1,1,488,10,246,484,2,7,490,636,3,11,1,1,3,10,157
s585_CD,1,163,321,23,59,18,55,11649,2,1191,125,2743,4,371,265,42,1,26,60,5,1,1,1,3,1,35,1,5,1,33,5,2988,34,704,6,373,677,5,27,28,135,1,45,1,39,67,155,64
s586_no,1,856,8653,11,44,77,10,23529,140,38,71,7555,1,27,441,7208,1,1414,203,1,1,1,3,5,5,153,1,1,19,6,18,25,8,2349,29,4309,741,1,27,10,441,2,17,1,266,496,94,4
s587_CD,1,78,1450,1010,7,6,786,8839,1,100,32,260,4,594,67,949,9,503,4,1,3,1,2,3,7,13,3,1,4,664,4,822,2,30,1,80,67,257,26,557,2932,68,36,1,1,2,16,6
s588_CD,1,581,1772,617,3,77,5,9700,84,293,268,3824,1,7,1782,1,1,433,1,1,1,2,3,1,1,550,1,166,92,4,1,2,230,151,8,509,453,1,59,1,1,1,1,1,80,225,1,1
s589_CD,5,12,503,25,221,54,2,45,29,166,1475,2450,1,1,2334,2,1,622,2277,3,1,1,8,1,1,167,2,7,1,2,1,87,4,1239,2,1214,2125,2,267,1,1,1,2494,2,5,10,6,1
s590_CD,129,113,1053,28,392,3138,3,1836,7,2747,659,1161,1,1,1381,19,1,456,3,51,2,1,1,2,1,83,1,52,1,461,1,385,7,998,7,32,3525,82,1841,1,1,1,51,574,15,6,471,1
s591_CD,14,141,610,541,54,90,2,3741,1,1778,193,941,1,39,1054,5,1,119,2,17,238,1,2,1,525,157,1,26,54,23,2,304,132,334,1,629,1019,199,29,1,3,1,30,91,10,8,763,88
s592_CD,1,226,101,641,68,34,5,1787,1,947,109,440,1,18,299,7,1,110,650,1,110,1,2,1,1,185,1,1,1,107,3374,213,37,91,1,98,384,8,26,3,1,1,27,18,9,3,1,1
s593_no,1,4,537,1,8,1,508,11,4,1260,108,961,1,4,929,3,507,143,322,1,9,1,2,2,1,1,4,1,1,4,714,126,1,905,1,1,394,21,140,1,7,1,7,1,1,1,1,2
s594_CD,1,84,280,124,59,57,84,43357,13,97505,336,36904,2,36183,73,38950,127,554,172,1,2,19,2,140,18,263,4,1,11,15,9,18,9,2321,1,101,6962,1,273,57,130,1,46,1,1,27,474,11
s595_no,1,41,7581,114,150,223,4,50327,1,11640,649,10522,1,382,696,11914,2,1695,375,4,1,1,1,1,33,353,1,1,1,38,5,465,795,4802,1,845,16200,32,34,11,19,2,833,1,290,39,23,5
s596_no,1,43,133,99,63,1,1,11364,1,3801,34,439,1,74,75,11,1,228,46,1,3,38,1,1,61,3,3,1,19,13,2,67,1,52,1,442,66,1,71,2,2,1,1,1,1,2,1,66
s597_CD,1,5,1653,347,1,2,82,17117,1,17,129,4707,1,11,75,15129,3,3162,3,1,1,2,12,138,3,3,1,1,1,1,1,1,2,150,1,669,924,1,91,6,6,1,164,1,1,2,6,3
s598_no,165,574,818,134,1899,42,116,8968,7,285,316,1997,1,324,1370,1568,1,167,5,5,8,1,6,10,1,28,1,1,1,634,2,1214,32,570,1,331,265,2,8,7,7,1,26,325,2,40,5,4
s599_CD,1,1333,248,145,1,1,6,8762,1,4932,1,739,1,1028,164,220,2,274,1,1,1,1,1,1,1,13,1,1,1,1,1,2,1,294,1,458,94,1,1,1,1,1,1,1,1,13,2,1
s600_CD,1,1530,838,845,7,1,113,8442,5,1233,15,1607,14,150,4,803,5,106,103,1,1,1,2,1,1,22,1,1,1,8,1,1,1,6,1,547,48,1,16,25,8,1,183,6,1,1,2,1
s601_CD,1,4352,1063,7622,93,139,6,23764,24,11123,1012,5580,1,36,1508,21,2,322,1,30,830,1,2,1,7,1005,1,9,4,6,13,388,1,4240,3,219,1215,19,3,4,132,4,2,1,119,203,1583,906
s602_CD,1,645,345,611,111,1,42,6240,1,2142,233,2520,1,477,1586,2834,6,166,2,1,70,1,1,1,3,220,178,1,130,45,2,173,20,646,9,120,514,1,74,2,2,1,1,3,17,1,706,60
s603_CD,1,9,457,495,39,503,3,19051,8,2756,672,3098,1,25,440,49,2,393,1,2,470,1,2,1,311,337,1,7,112,7,4,864,69,2145,1,553,1896,247,14,8,30,1,2,2,298,149,125,152
s604_CD,1,45,9292,57,1056,23,1187,23255,56,6964,166,6988,14,3807,370,6943,11,461,14,1,4,2,21,3,6,4,9,1,7,537,10029,26,4,46,16,497,3880,4,173,37,4185,29,7,1,3,1,13,4
s605_CD,1,147,291,1496,2,16,62,14616,2,3685,107,1244,1,357,59,1268,2,137,788,1,1,1,1,1,1,567,1,1,337,2,2,4,12,243,1,125,1032,2,13,33,3,1,7,1,9,2,461,1
s606_CD,1,80,782,1484,1,6,16,15268,1,957,20,2249,1,736,12,757,4,65,1819,1,1,1,1,41,1,9,1,1,13,1,2,15,1,126,18,677,140,2,2,32,2954,2,17,25,1,3,6,161
s607_no,1,1866,434,1161,16,963,9,12365,8,149,728,4401,1,72,488,31,2,38,662,1,1,1,1,2,1,288,1,1,434,6,2,1779,39,570,1,148,1122,15,6,1,11,1,1,1,105,359,3536,159
s608_no,1,10,2031,11,75,57,2,18625,10,1592,232,4635,1,12,162,3611,3,851,15,11,3,1,1,4,1,37,1,1,5,7,3,150,287,2078,1,196,2025,19,4,3,2,1,119,1,166,25,33,1
s609_CD,1,22,73,354,1,6,1,4765,1,136,49,205,1,109,34,37,1,13,2,1,1,22,1,1,1,56,1,1,49,2,1,2,1,35,1,4,178,1,1,1,1,1,1,7,16,1,27,37
s610_no,1,169,451,192,32,217,5,15997,13,5814,899,2697,1,26,191,28,2,157,90,29,1,1,1,4,99,28,1,19,26,8,1,547,220,1580,1,499,932,15,5,1,17,3,135,1,7,16,3,202
s611_no,4,383,285,1178,25,494,6,19222,1,2681,95,3151,1,33,376,7,2,105,1,14,1,1,2,5,2,311,1,8,65,3,1,357,118,1959,1,165,1283,25,20,5,2,1,4,1,11,11,1104,130
s612_CD,1,2,1485,2,35,141,7,6534,292,3,2820,7681,1,2,6108,508,2,375,6696,1,2,1,13,1,1,314,1,1,1,14,1,30,3,4711,4,1115,2509,9,417,1,5,1,2546,5,2,841,1,1159
s613_CD,1,132,1588,1,18,20,1797,10748,1,5916,408,3203,1,6,1329,18525,1,827,4,111,1,2,6,3,1,102,1,1,1,6,1,3169,469,1032,9,1028,2672,550,137,1,1,1,31,25,1,29,2,1
s614_CD,2,135,293,1861,1,138,6,4294,1,1392,78,1789,2,57,111,628,1,195,796,1,2,1,1,2,2,147,1,1,181,4,6,23,31,416,1,118,310,3,19,24,63,1,3,25,7,1,457,647
s615_CD,1,484,219,213,85,14,16,7640,1,831,75,942,2,4,58,1530,1,108,225,1,34,1,1,1,1,236,1,1,1,39,3,3,1,167,2,63,385,1,5,1,1,1,3,2,14,6,2,274
s616_no,1,1680,324,49,23,35,241,7272,1,868,55,230,1,229,6,157,1,46,66,1,2,1,3,2,3,69,1,1,1,8,2,93,1,58,1,221,245,2,3,1,74,9,1,1,19,43,4,10
s617_no,1,17,2715,289,1,54,66,1968,51,1841,69,1978,6,4,897,62,1,196,2,1,1,25,17,1,2,2,1,1,1,1,19,68,5,1429,14,868,390,1,59,1,17,1,193,172,1,47,1,1
s618_no,1,3740,542,921,125,121,20,15746,1,1489,249,1273,18,17,524,242,29,211,1286,122,12,2,13,10,12,83,26,2,290,41,4,714,1,1398,3,389,1152,1,32,2,15,1,64,7,77,19,2735,617
s619_CD,1,1464,1248,631,1,32,5,15197,1,4776,6,2079,12,10,76,4671,2,78,31,1,2,7,9,4,1408,656,1,1,159,1,2,1,1,816,3,1,215,1,27,2,1347,139,2,24,30,31,138,450
s620_no,1,718,492,556,21,45,14,4745,1,3375,1840,958,12,16,138,430,40,198,1,1,8,2,2,13,38,38,1,9,2,1,1688,225,7,301,4,270,511,1,17,2,16,1,197,151,5,4,34,328
s621_no,10,4692,203,32,72,1784,17,16067,4,3838,130,2269,2,102,240,46,2,30,40,47,2,2,7,1,158,750,1,3,8,43,3,1078,61,1052,16,161,1080,55,26,25,15,1,5,1,35,17,1313,1
s622_CD,1,4216,1270,16,4,10,112,43230,8,1566,52,4511,2,35,134,15074,3,85,2191,2,1,1,1,1,8,860,1,1,1,5,2,3,2,84,1,130,676,2,11,3,155,1,1,1,3,45,263,4
s623_CD,1,955,2190,6818,288,137,26,25362,8,6298,126,2118,1,514,89,131,3,402,649,1,1,25,1,1,1705,179,2,1,26,110,6,28,24,245,8,652,728,1,59,27,211,2,11,30,79,2701,733,397
s624_CD,1,220,349,3624,3,10,5,9576,1,1209,54,1032,1,496,78,1661,1,638,761,2,1,4,1,27,1,81,1,1,6,10,78,2,1,38,1,59,110,1,14,25,676,1,2,6,1,1,119,263
s625_CD,1,6150,464,2071,69,87,263,26459,4,6562,6,3633,1,16,576,43,1,330,1,1,480,1,1,6,1,146,17,1,252,10,3,3,234,4852,1,183,1037,1,25,2,1,1,52,1,166,130,3167,2
s626_no,1,6,2134,1865,1,15,1,22658,9,506,64,4683,1,1,359,23,1,203,2,1,1,1,1,1,46,32,1,1,87,1,1,102,2,336,1,2509,126,1,1,1,76,4,2,1,22,10,595,175
s627_no,1,775,1162,3,7,38,11,18315,3,9,2,5338,1,10,197,5539,1,282,90,1,1,1,1,1,1,153,1,1,24,2,2,2,1,1812,1,919,224,1,1,12,197,4,1,1,134,83,125,1
s628_no,1,1048,925,2983,4,119,7,28000,8,6001,909,6682,1,362,269,242,1,267,7,1,1712,1,5,2,3,239,1,15,62,1,6566,1964,145,3800,3,621,1186,3,68,15,26,2,616,1,12,28,228,490
s629_no,1,655,242,1445,51,1036,3,20205,5,3368,610,2991,1,17,487,12,1,346,1,2,462,1,1,1,3,571,1,1,410,7,5,1061,15,2185,1,144,1948,2,11,1,3,1,29,10,4,1,1232,2
s630_CD,1,37,7587,8311,2,4982,12,73608,1,97,322,10830,2,36,11319,208,3,20,2462,1,1,1,1,2,68578,4645,10,117,1,4,6,75,34,9192,98,467,3518,2,510,14,27,1,11730,1,2,157,9,10
s631_no,6,1256,70,1304,38,661,2,14513,3,4589,110,1169,1,30,55,71,1,62,2,98,513,3,1,1,13030,561,1,120,177,12,1,1169,36,1760,1,127,2249,48,8,2,4,1,147,2,31,8,2163,429
s632_no,1,152,297,85,83,28,12,10671,4,3935,38,1232,1,13,172,938,1,42,1,1,21,1,2,1,9,36,3,1,2,26,2,139,7,1160,1,669,456,1,8,11,3,1,1,1,8,20,3,30
s633_CD,12,331,140,306,78,160,7,3666,1,1647,39,459,1,61,174,793,1,26,366,8,1,41,4,1,31,172,1,8,215,14,1,400,79,280,1,8,564,4,16,11,1,1,41,15,5,1,1312,99
s634_CD,1,3,309,3,24,21,26,3611,1,1,9,274,1,7,77,1426,1,159,4,1,1,1,1,4,1,7,10,1,1,403,1,8,1,7,3,814,3,1,18,2,4,1,16,1,1,221,3,1
s635_CD,42,794,1119,73,523,87,1,8502,33,4087,414,1764,1,2,822,11,1,474,2241,38,2,1,2,1,1,180,1,470,1,144,1,1128,107,702,3,1149,2225,79,22,1,1,1,406,1,13,90,1722,273
s636_CD,1,2233,209,94,73,308,1,6706,64,2924,262,1166,1,52,447,1,1,38,3,43,1,1,2,1,3,226,2,101,1,14,2,412,415,1219,2,191,971,258,350,1,1,1,184,216,15,26,1,1
s637_CD,2,236,961,1117,214,287,1,5406,1,999,369,1332,1,23,1690,113,1,178,13,21,433,1,1,1,1660,313,1,63,117,33,1,471,169,644,1,820,3135,144,37,1,3,1,89,140,14,67,917,182
s638_CD,1,490,445,16,1,2,47,27749,29,8250,10,396,1,100,1,516,1,3,1,1,68,1,35,1,1,509,1,1,179,1,1,3,1,92,39,160,125,1,180,3,163,1,1,90,1,1,3,1
s639_no,1,303,1129,369,2,1,12,8760,70,6269,26,1215,1,48,407,20,1,285,34,1,39,1,1,1,1,1,1,1,1,1,1,13,1,728,1,266,326,1,73,2,3,1,1,1,54,42,1,124
s640_no,1,10461,2142,69,693,16,32,82166,1,84635,1565,12224,1,457,1679,2536,2,199,7,1,1321,49,1,79,8,1485,3,1,106,321,8,1261,56,5412,1,1538,5047,1,44,7,68,1,3,115,136,32,166,6
s641_CD,1,7546,3298,6849,135,75,620,53982,160,44491,23,3929,53,1229,291,2560,4,829,854,1,1,1,9,2,9,2,3,1,2,11,4,149,3,1174,1,2996,2895,2,2,57,858,19,1,1,664,155,50,1085
s642_CD,1,4180,2423,7568,3,69,75,43543,2,42587,3,2394,1,87,6,2322,4,3239,4,1,10,2,1,2,7,144,4,1,1,22,4,38,5,19,1,478,384,120,27,51,297,1,20,2,1,5,6,11
s643_CD,1,1601,1075,2158,232,144,38,25775,13,1,165,3496,1,68,505,1372,1,216,4058,1,1,1,5,3,1,562,1,1,229,24,2,23,1,4689,2,1168,1234,1,34,17,3,1,1,1,386,207,1,632
s644_CD,1,28,4,11,1,2,42,9566,1,30,3,21,1,4307,4,14,5637,4,3,1,2,1,5,3,1,1,1,1,3,1,3,2,1,6,7,2,14,1,46,1,470,1,6,1,1,1,1,2
s645_CD,1,298,1363,2066,1,20,5,12457,5,3240,86,1013,1,109,182,2908,1,70,804,2,2,1,1,9,3,359,1,1,1,1,4,214,1,239,1,193,383,2,14,478,39,3,30,90,5,1,882,130
s646_no,5,4623,499,7194,116,1778,4,26234,1,13128,659,2142,1,71,1311,513,1,475,5125,195,1,2,1,4,1,450,1,4,508,15,3,3696,95,4249,14,1044,9840,22,110,2,8,1,5172,279,44,1,5655,273
s647_CD,1,259,436,317,1,3,2,5780,1,2837,30,1038,1,1,238,3230,2,9,3,1,94,27,1,2,3,200,12,1,1,2,4,3,1,863,1,233,482,1,18,8,22,1,1,6,1,16,35,150
s648_CD,1,330,1823,209,142,7,11,41671,1,4245,237,3535,1,2260,232,15,1,202,3,1,39,1,1,2,2,34,2,1,10,52,12,663,101,476,1,1855,1116,3,21,39,2,1,39,1,6,6,32,16
s649_CD,1,884,677,1457,10,371,9,3615,7,590,85,509,8,9,31,16423,68,175,20,1,2,11,2,4,3,34,66,1,294,3,1,2,1,237,207,112,353,25,15,20,1,1,91,59,13,17,654,2
s650_no,1,118,698,940,4,33,15,13424,1,11412,196,2542,8,3,67,63,6,249,7,1,33,1,3,4,4,21,5,1,6,5,155,211,1,398,2,848,644,4,18,1,4,1,74,213,20,43,36,251
s651_no,1,70,196,6,1,1,8,8525,1,2122,57,279,7,165,12,270,31,491,1,2,3,29,2,5,3,20,2,1,1,1,2,19,1,108,29,298,96,1,42,11,76,32,18,2,1,1,3,50
s652_no,21,343,492,1,58,30,10,5077,1,748,19,685,2,4,4,355,1,825,1,1,69,1,1,1,1,154,1,1,1,612,3,532,1,206,1,94,432,42,26,32,206,121,1,1,186,145,458,120
s653_CD,1,115,2518,160,21,326,215,55503,24,30638,93,2044,1,7253,49,3531,52,1080,77,2,1106,1,1,1,1862,203,21,1,51,7,6,15,25,635,1,1107,1566,171,5,69,462,216,457,5,4,14,1652,87
s654_CD,1,2374,1492,3686,6,82,31,33963,1,1695,285,5099,1,220,907,169,26,299,321,53,311,1,1,3,2,360,1,1,4,5,3,470,1,2312,1,82,2124,42,8,8,65,13,19,2,70,34,1180,275
s655_CD,1,1464,912,214,2,11,5,17208,3,1823,51,1047,12,183,128,83,1,21,100,2,2,5,5,2,9,163,1,1,26,2,10,102,9,483,9,219,426,3,17,4,14,3,8,7,16,17,1207,201
s656_no,1,1326,575,3879,79,51,12,55550,15,2409,92,2365,1,234,519,1750,2,265,64,11,1,1,12,9,6,1936,1,6,1120,24,4,170,8,1516,19,119,1002,10,25,42,12,1,26,10,45,3,5281,848
s657_CD,1,574,419,684,1,10,59,14860,1,3690,1,1555,1,33,1,518,19,459,334,1,2,1,1,16,5,119,1,1,7,13,2,41,2,127,3,263,339,1,9,2,201,1,16,21,1,6,109,532
s658_no,1,746,384,1665,1,1,1,25967,4,1523,1088,2997,1,20,454,71,2,36,3,14,241,1,5,1,1,93,1,1,31,1,2,359,74,129,7,69,687,4,12,19,4,1,10,1,20,12,351,79
s659_no,32,140,262,3565,1423,25,92,13996,1,5822,168,1696,14,130,290,187,2,79,79,58,5,1,2,3,8,30,1,1,7,186,2,287,160,5107,1,489,569,1,54,20,7,1,415,176,1,3,25,98
s660_no,1,1803,316,1403,21,5,46,26738,1,3767,18,2314,1,339,845,42,8,265,6,1,2,7,1,7,1,240,1,1,315,11,3,895,357,1546,1,92,1088,8,33,3,37,10,28,1,20,24,9,139
s661_CD,1,425,904,2143,2,16,19,33283,9,4512,81,1533,15,350,98,7899,3,69,1320,1,10,6,4,4,1,585,3,1,2,1,3,581,3,370,7,273,437,1,63,82,85,24,72,6,14,2,2335,313
s662_no,1,2401,1297,1556,2,95,13,28072,5,10578,935,6402,1,66,412,62,1,209,5,22,201,1,2,16,3,61,1,3,12,10,2,1850,714,2412,12,841,2018,4,122,18,123,11,80,1,30,41,84,223
s663_CD,1,128,529,127,45,5,4,19690,1,1759,73,1193,1,977,70,15,1,47,5,2,22,1,2,1,1,10,1,1,8,16,2,194,52,139,4,1234,324,3,27,17,5,1,19,2,8,2,14,14
s664_CD,1,16029,1398,5557,8,17,47,19638,50,13945,1425,3222,2,162,969,11,1,718,5,1,952,4,13,17,2,713,1,1,1,6,2,636,884,670,2,1323,2451,4,80,1,6,1,419,3,270,219,80,1
s665_no,4,723,873,44,20,29,424,21787,1,321,114,2501,2,337,133,13,1,106,16,1,1,28,6,16,1,33,1,2,12,3,2295,82,178,976,33,625,824,10,126,11,274,1,259,89,163,111,33,296
s666_no,1,6,96,2,40,257,12,23121,1,3833,352,2072,3,178,265,24,1,136,1,82,547,6,1,5,1,286,9,1,2,2,21,787,361,1012,3,157,1373,45,63,9,11,1,17,1,49,1,3481,1
s667_no,49,799,308,6,297,24,35,19568,1,1979,339,1229,1,1279,50,10,1,73,2,1,1,1,6,1,1,4,1,1,1,487,2,349,26,923,11,16,157,9,70,14,9,1,141,13,21,1,14,52
s668_no,1,1694,730,4192,8,521,29,19128,1,2054,371,4238,5,405,814,6,1,148,988,62,933,1,1,1,1,826,1,1,1420,1,2,227,12,3093,1,89,1872,27,16,272,8,4,1,14,5,27,2655,2
s669_no,1,101,1389,319,1,10,6,8652,1,2618,38,522,1,10,31,15729,1,83,173,1,24,1,1,17,1,10,1,1,2,1,1,19,7,103,1,180,450,1,10,1,264,6,511,29,6,1,1,147
s670_no,59,6226,3227,3338,381,2071,58,30665,1,4653,825,4655,11,473,1890,90,1,350,4,102,1,1,23,15,3965,207,2,7,200,308,39,4597,107,2372,1,53,1854,3,67,1,69,1,635,616,56,130,2546,1139
s671_no,1,301,634,212,5,46,27,13062,13,10133,204,3031,1,632,222,578,1,231,258,1,1,1,3,4,1,84,2,5,7,4,3,6189,24,978,5,427,644,1,88,11,6,1,143,44,17,18,199,21
s672_no,5,1683,600,916,12,41,25,11333,1,2877,104,1424,7,3048,157,433,1,62,1,1,1,1,3,1,1209,495,1,3,270,2,1188,1531,5,1347,13,7,1346,1,121,217,24,1,1,4,30,1,486,293
s673_no,1,312,1727,3918,51,300,69,11782,15,8616,595,4691,1,95,448,599,1,525,501,1,1,1,6,1,120,194,38,3,45,3,1,467,67,1960,7,767,729,1,84,1,22,1,298,67,45,18,289,141
s674_no,47,1266,1448,1304,58,651,50,19746,11,2525,229,1782,1,205,489,353,1,183,197,64,293,1,1,4,3,306,1,2,195,60,4,2137,146,3820,1,301,920,45,27,1,14,4,53,6,36,103,2267,605
s675_no,1,18,444,2,74,4,9,25117,6,294,16,3392,1,28,194,5782,2,208,3,1,1,1,1,1,1,7,1,1,1,13,1,4,1,110,1,206,8,1,8,1,1,1,1,1,1,8,7,2
s676_no,4,1073,560,492,82,434,5,13407,2,1209,290,2372,2,21,432,23,1,120,594,17,1,1,1,1,2,316,1,6,37,997,2,2753,48,901,4,338,2645,10,23,1,1,1,38,1,4,278,1348,175
s677_no,1,229,164,1097,38,56,11,3168,1,730,3,541,1,169,26,21,1,33,1,1,1,1,1,1,6,203,1,2,11,5,1,29,9,67,1,9,124,1,28,1,9,1,1,7,6,1,1,1
s678_no,1,560,460,24,115,11,11,17248,8,8759,98,2026,1,116,519,642,3,171,14,29,216,1,4,1,1,11,1,1,1,30,1,424,9,1775,1,1369,1087,1,29,1,52,1,33,1,37,16,1,3
s679_no,1,876,287,1155,6,2,8,20224,1,1011,83,1225,1,95,193,908,1,73,3,1,29,1,1,1,1,66,1,1,36,1,1,2687,1,227,4,164,509,5,9,3,17,1,19,1,33,44,939,316
s680_no,1,984,1401,111,57,3,54,17100,1,917,39,1764,1,175,348,1737,1,12,253,1,1,1,1,1,32,137,1,1,12,7,6,70,6,33,1,121,128,9,33,1,5,24,86,3,3,417,324,43
s681_no,1,4476,1055,1323,191,841,5,18242,14,3114,150,3192,1,86,599,3275,5,94,15,104,751,4,1,5,1,829,17,11,1,26,3,4371,62,2125,1,177,1896,358,78,1,4,1,133,47,21,56,2720,720
s682_no,25,3231,255,4,50,1,2,22122,1,1976,89,856,1,21,500,268,1,231,1,1,1,1,1,1,1,32,6,1,1,11,13394,148,1,1838,1,154,889,1,10,1,1,1,14,8,1,8,1,1
s683_no,1,4,491,18,80,36,11,10959,13,13842,196,2079,1,51,320,76,1,208,294,1,1,3,1,1,1,28,1,1,1,13,1,848,1,631,1,536,418,5,21,7,54,1,301,95,36,44,25,167
s684_no,20,3,960,1979,1984,11,184,1225,1,2865,170,794,158,3694,142,3498,2,358,1,1,1,6,3,6,1,33,1,1,1,2844,16,230,4,980,3,1856,340,2,37,52,19,1,82,21,1,3,1,1
s685_no,1,931,768,2133,55,42,1,13464,1,3712,236,1080,1,364,821,940,1,178,56,113,133,6,11,26,150,27,1,6,27,5,1,308,5,893,35,295,331,7,98,1,94,1,48,10,13,4,5,62
s686_no,16,1934,183,1569,44,82,3,11993,1,1995,47,611,1,1,257,218,1,134,13,40,16,1,1,1,1,331,11,1,315,11,181,90,12,996,1,22,369,1,16,1,40,1,22,27,19,8,784,154
s687_CD,1,922,409,1972,1,9,31,18395,26,4675,81,2193,1,283,294,15,1,124,1,1,662,2,3,2,1,904,1,1,715,1,3,62,3,927,1,3,1003,1,13,1,1,1,1,1,49,114,45,1
s688_no,10,3293,1007,2723,185,11,23,18278,25,3495,105,749,1,95,851,230,17,275,1939,263,1,2,6,3,3657,606,4,1,1,33,7,29,366,796,3,502,853,1,15,1,46,5,572,1,101,429,1,155
s689_no,1,1,106,391,1,4,2,3224,1,218,21,318,1,11,76,599,1,7,51,1,1,1,1,1,2,2,1,1,1,8,1,79,6,67,1,1102,106,1,3,2,7,1,38,9,3,5,11,1
s690_no,5,2371,100,3,12,12,2,13195,1,1653,45,462,1,36,221,257,2,81,1,1,1,1,2,1,1,58,2,1,1,17,9799,66,1,1227,3,158,744,1,12,1,1,1,4,1,1,3,2,1
s691_no,6,151,299,11840,21,13,28,15510,4,6020,341,2865,1,5,370,27044,1,22,8,1,160,1,2,12,2,321,1,1,82,1324,5962,18,3,1789,1,405,619,103,30,3,176,1,185,41,2,3,231,103
s692_no,1,6565,98,952,35,163,14,6169,1,2234,47,461,1,1,182,6,1,29,1,45,213,3,2,1,1,107,1,1,45,7,1,90,79,323,13,78,284,12,12,1,2,1,48,1,38,5,1198,139
s693_CD,1,6,236,2529,23,4,56,13578,8,12103,23,855,8,7197,133,3078,166,481,10,1,289,1,1,4,1,341,1,1,1,8,3,90,1,343,2,20,717,1,5,67,100,4,19,1,84,7,704,1
s694_no,1,80,229,33,6,3,5,6050,3,456,8,593,1,18,335,2,25,28,1,1,3,3,1,4,1,6,1,1,4,15,1,25,1,471,1,319,232,1,1,1,8,1,8,3,5,1,2,2
s695_no,1,1441,384,2873,1,4,5,13668,1,123,227,1848,1,1,125,958,1,59,1,1,11,1,1,1,1,28,1,1,1,1,4,2490,1,243,2,646,237,3,22,1,1,1,35,22,1,1,8,26
s696_no,1,154,154,7,7,3,5,8369,6,832,8,424,1,124,160,261,1,28,1,1,99,1,1,2,1,39,1,1,86,4,1,388,24,256,1,38,148,1,13,25,461,90,13,5,19,6,81,154
s697_no,4,320,89,872,22,500,1,11799,3,1877,232,972,1,13,126,8,1,170,1,1,177,5,3,1,1,278,1,1,174,6,1,383,2,841,2,77,947,1,4,1,2,1,18,4,6,2,872,1
s698_CD,1,238,242,97,1,2,31,3809,1,283,64,329,1,167,28,2,2,6,11,1,1,6,1,1,75,58,1,1,9,1,1,10,1,51,1,33,109,5,3,3,1,2,2,7,8,7,4,76
s699_no,1,123,182,1,19,4,12,4760,1,2105,26,487,1,127,124,618,1,55,3,1,16,1,1,1,1,37,1,1,6,3,4,9,1,63,3,102,140,1,9,9,12,1,1,1,3,4,11,90
s700_no,5,1161,126,6,111,41,2,6367,1,535,16,345,1,1,48,28,1,47,1116,10,1,1,1,1,1,88,1,6,19,135,13,128,4,349,1,59,560,11,5,1,1,1,14,6,10,1,362,98
s701_CD,1,372,300,958,1,61,1,3099,7,1189,36,1107,1,2,132,4,1,48,1,6,149,1,1,1,1,253,1,1,107,1,1,1,1,369,1,3,283,2,2,5,1,1,15,1,6,1,309,73
s702_CD,1,44,142,136,1,3,2,3322,1,360,15,163,1,26,25,596,1,37,65,1,37,5,1,11,1,117,1,1,22,1,15,1,1,50,3,9,58,1,9,1,1,1,1,1,3,1,156,1
s703_no,1,3,106,529,30,4,2,3701,1,392,15,251,1,4,56,18,1,39,1,1,36,1,1,1,1,22,1,1,1,5,1,77,5,175,1,38,26,1,3,1,2,1,47,1,9,9,40,41
s704_CD,1,285,1118,1540,8,12,11,10408,1,1082,64,1314,1,443,449,817,1,176,1,1,94,1,9,3,1,40,1,1,1,3,5,13,12,108,13,607,128,1,23,28,6,1,1,1,1,1,30,97
s705_CD,3,50,428,2835,3,16,32,11057,3,3131,45,3196,1,1235,701,988,1,92,2195,1,3,1,1,4,1,54,1,1,1,1,2,214,16,207,3,44,288,7,16,148,267,22,6,1,3,58,64,620
s706_CD,4,769,344,845,26,272,4,3635,8,759,61,901,1,77,178,55,1,17,154,1,1,8,1,1,1,170,1,6,145,2,1,477,38,950,1,2,402,1,2,2,4,1,9,1,13,1,1047,1
s707_CD,1,724,109,814,2,394,17,13689,9,3948,108,1577,1,15,882,6,1,61,85,4,1,1,1,1,1,212,1,8,135,2,1,1116,41,1875,1,18,760,6,3,1,1,1,187,8,10,4,1533,227
s708_CD,1,253,583,2769,29,317,2,15540,4,2725,185,2499,1,4,453,8,1,76,190,51,527,1,1,1,1,548,1,2,1,5,3,846,1,915,1,176,1153,11,3,3,1,1,6,31,26,13,982,1
s709_no,66,637,106,592,183,2715,5,5330,1,410,64,278,1,2,103,20,2,33,362,59,45,1,1,1,1,39,1,3,120,41,2,158,95,436,1,37,1061,27,14,1,2,1,68,8,6,13,1220,238
s710_no,2,1,593,2,37,189,3,14060,1,346,55,1462,1,2,293,109,1,74,1,26,1,1,4,1,1,398,1,1,1,5,1,560,20,392,2,63,826,3,3,1,2,1,32,1,44,36,1564,111
s711_CD,1,1117,732,135,73,26,9,12356,1,5,42,1821,1,25,107,62781,4,141,875,1,1,1,1,3,1,118,1,1,74,15,2,2,1,595,1,746,699,1,5,15,1,1,1,1,95,533,4,285
s712_no,1,51,107,2,6,1,3,3264,1,1100,1,661,1,3,78,1107,1,1,1,1,1,1,1,2,1,4,1,1,1,3,1,1,1,11,1,834,75,1,3,1,18,1,7,1,1,15,1,5
s713_CD,1,166,402,183,1,53,6,13242,9,4836,250,1549,1,73,176,5198,2,146,953,6,1,241,2,2,7,81,1,1,102,1,1,81,1,1185,9,66,668,1,16,9,16,1,1,8,29,47,1340,551
s714_no,1,70,206,11,1,5,2,3666,1,598,7,654,1,3,164,31,1,19,39,1,1,4,1,8,1,18,1,1,4,2,1,12,346,61,1,20,125,1,5,7,1,1,1,5,1,10,7,47
s715_CD,1,40,1128,1268,131,13,9,1709,1,766,29,730,3,118,40,906,54,133,115,1,1,1,6,1,2,29,1,1,8,27,2,3,13,96,25,598,108,105,61,6,11,1,70,1,1,6,4,46
s716_no,3,1375,1142,3370,92,246,8,11622,13,1620,121,2909,1,9,510,151,1,175,2721,1,1,5,1,3,2346,189,1,1,107,100,8582,1073,79,2103,3,617,1192,25,20,1,26,5,1,1,1,122,1,362
s717_CD,1,16,122,245,3,6,2,2546,1,358,10,653,1,19,26,268,1,68,6,1,4,1,1,2,1,44,1,1,16,1,1,16,27,161,7,5,280,3,1,52,410,1,27,1,1,2,2,43
s718_no,1,193,204,24,4,103,22,10820,1,4395,16,1331,1,96,438,40,3,25,1035,30,1,5,1,1,1,33,1,2,6,2,1,86,333,873,1,523,241,14,9,24,2,1,135,1,1,43,132,2
s719_no,1,532,36,315,8,93,3,2974,1,856,52,278,1,1,103,32,1,8,142,7,1,1,1,2,1,72,1,1,50,1,1,142,37,261,1,21,424,1,6,1,12,1,81,5,5,1,365,43
s720_no,38,1052,320,97,202,334,6,6209,1,3320,83,1381,1,111,392,403,1,90,399,11,54,1,2,1,1,103,1,25,80,54,6,193,103,1464,1,115,854,21,35,1,3,1,60,14,3,1,1504,287
s721_no,1,2,702,1,19,18,4,7084,4,1144,81,2371,1,1,172,2928,1,438,26,2,1,1,1,1,1,22,1,1,1,4,2,47,145,1015,1,81,1587,8,13,1,1,1,193,1,71,6,8,1
s722_no,3,2,2622,4,93,6,29,8063,1,1124,2,3086,1,365,59,13907,1,18,1,1,1,3,10,4,1,299,1,1,1,1117,1,3,1,1627,11,1372,123,1,75,2,2,3,1,1,1,25,1,2
s723_CD,18,1,41,8,15,475,4,12128,15,3824,609,864,1,19,401,3,1,111,25,2,206,1,7,2,1,123,1,32,1,6,1,43,189,289,2,93,2013,23,39,1,1,1,2,6,8,4,898,1
s724_CD,1,2,287,1,33,130,1,88,263,369,123,694,1,2,2349,1787,1,506,45,1,1,1,1,1,5650,226,1,151,1,28,1,75,6,1147,1,629,149,44,66,1,1,1,840,2,1,418,2,2
s725_CD,2,1024,161,555,3,265,1,4620,1,2461,115,529,1,6,419,4,3,167,1,46,78,2,1,1,1,88,1,6,6,1,3,505,96,207,1,17,1480,23,4,1,1,1,292,60,5,1,169,40
s726_CD,1,998,2746,9,3,817,1,5808,4,2586,271,3005,1,1,1808,660,1,288,1,4,819,1,1,1,1,65,3,121,341,2,8,460,15,1762,1,6,1374,5,188,2,1,1,3,2261,22,15,671,1
s727_CD,1,45,67,39,1,7,2,2189,2,2,1,425,1,1,206,1010,3,548,50,2,3,1,1,3,2,8,3,1,1,1,1,1,1,6,1,36,63,1,8,1,1,1,1,13,1,6,2,1
s728_CD,1,341,933,1,2,59,3,6006,5,3,48,895,1,1,133,53,1,10,43,1,70,15,3,12,1,38,1,2,135,1,1,52,11,177,1,30,518,5,27,1,1,1,1,23,25,81,365,1
s729_CD,4,209,176,130,1,128,3,961,3,498,43,1185,1,32,153,1,1,152,1,1,220,1,1,1,1,304,1,2,19,1,248,2,2,667,1,25,392,24,7,1,1,1,6,51,38,7,69,142
s730_CD,1,1,199,1,1,1,1,4274,1,2,1,254,1,1,125,1,1,18,431,1,1,1,1,1,17,12,1,1,1,1,1,165,1,4,1,44,34,1,2,1,1895,1,1,2,1,4,1,1
s731_CD,1,102,1536,1,1,160,12,894,4,300,71,388,1,49,46,3,1,16,1,1,84,1,2,2,1,111,1,1,1,1,1,377,13,399,1,572,516,13,13,1,4,1,28,1,32,33,33,56
s732_CD,1,291,4281,2,89,646,22,31293,27,923,164,1874,1,42,1685,2210,1,989,1061,1,2,1,5,3,1,401,1,1,1,8,1,86,2,488,4,1061,992,27,26,1,2,1,161,1011,1,34,2951,1
s733_CD,1,655,1563,1022,1,173,110,2328,1,1633,278,2229,1,45,528,3672,1,277,563,1,129,1,9,317,2291,167,1,9,17,2,736,130,58,326,4,255,860,5,25,247,990,1,2,183,13,19,12,377
s734_CD,1,2,1931,2,2,6,40,5496,2,9,45,354,1,21,227,2264,1,158,1,1,1,1,2,6,2,17,1,1,1,16,3,2,2,386,1,527,8,1,29,1,4,1,1,1,1,39,466,194
s735_CD,2,393,2491,142,491,17,2,2011,96,939,40,964,1,5,736,130,1,3,762,699,2,1,2,3,1,215,26,1,1,967,1,20,39,1969,1,81,265,1,14,1,3,1,1684,1,7,119,510,49
s736_CD,39,20,2889,10493,486,144,27,253,56,225,46,7885,1,214,1887,3534,1,1792,52,14,5,1,2,19,1,3234,437,3,1,126,1,176,14,4900,25,2299,1080,26,79,13,1,1,5602,37,1,7992,171,1
s737_CD,648,243,236,15,639,244,9,444,390,12031,1100,2765,1,13,5761,5,1,308,2240,1,2,7,16,28,1,216,1,1,3,149,2,3610,141,1247,15,2101,2078,969,2979,1,1,2,7407,1,21,49,41,1
s738_CD,15,1625,91,157,486,1240,1,3319,61,985,588,1689,1,2,481,2,1,92,2213,1,1,1,5,2,1,262,1,98,26,468,1,47,82,1375,2,101,1615,23,102,1,1,1,4,1,19,17,487,1
s739_CD,43,198,27,67,43,58,1,4869,15,1146,72,534,1,1,391,4,1,59,2,1,37,1,2,3,1,72,1,13,15,3,1,7,78,108,1,290,337,1,131,1,1,1,1,43,3,3,876,1
s740_CD,1,163,179,726,12,5,1,2343,1,2848,75,662,1,26,235,9,1,40,1257,14,1,1,1,2,1,26,2,1,14,13,7199,1,94,200,2,522,539,24,5,2,16,1,47,29,3,1,29,100
s741_CD,5,1,163,796,1,3,5,5368,1,605,66,567,1,13,129,30,7,99,82,1,1,1,3,1,1,88,1,1,1,2,2,12,1,707,1,16,166,2,17,2,1,1,32,1,1,6,1,1
s742_CD,2,837,779,76,51,828,4,10057,6,11097,209,1824,1,2414,588,86,1,162,1,51,1,2,1,2,1,557,6,12,546,52,20,404,165,901,1,1446,2107,43,11,67,2,3,593,110,31,35,695,2
s743_CD,1,1,576,58,5,5,36,5342,1,5665,160,1698,7,1043,103,141,1,77,319,2,1,1,1,3,1,29,3,4,78,9,583,15,33,798,2,190,456,7,18,84,51,9,9,31,3,4,47,163
s744_CD,1,264,56,1000,8,5,33,5478,14,1725,2,1209,3,211,155,210,105,59,548,1,133,1,1,1,1,39,5,1,116,9,2,17,1,178,3,125,870,2,3,14,5,3,48,1,10,4,3,1
s745_CD,1,515,304,1174,22,125,2,3776,1,3490,109,745,1,14,100,41,1,45,1,32,1,1,2,5,1,241,2,1,189,5,3744,21,4,531,1,129,236,4,10,11,1,1,20,86,9,20,701,200
s746_CD,2,674,175,3837,1,6,21,11523,12,106,3,976,1,249,31,50,1,694,1,1,146,1,2,2,1,284,8,1,2,24,25,1,1,620,4,536,95,1,24,4,8,4,10,34,3,12,1,814
s747_no,2,873,831,604,14,657,1,3207,1,839,97,889,1,1,215,8,3,111,172,26,1,1,1,10,1,103,1,1,13,2,1,1076,42,936,3,519,1175,6,1,1,5,1,85,44,5,3,134,17
s748_CD,1,1,21,2,1,1,326,5,1,2,1,2,1,271,2,1920,39,2,1,1,1,1,1,1,1,2,11,1,1,6,1,2,1,5,1,1,245,1,1,1,2432,21,1,1,1,3,1,1
s749_CD,1,2,670,2085,1,8,16,12673,13,1677,57,2489,1,4669,31,1067,1,74,2,1,63,5,4,1,1,34,2,1,233,5,5,398,1,85,1,158,59,1,1,980,102,5,1,3,7,1,341,396
s750_CD,1,728,130,510,23,1,5,5067,1,1033,12,296,1,1,122,20,1,16,9,1,1,1,1,1,1,18,2,1,1,9,2,9,5,129,1,243,24,1,3,1,7,1,2,1,1,1,1,1
s751_CD,1,422,2813,2405,3,41,2307,40775,4,35736,181,8171,6,685,109,7560,5,12,15,1,23,1,6,31,5,189,2,1,19,4,8,14,40,810,4,1669,1441,227,29,78,127,18,150,1,2,44,46,325
s752_no,1,1519,599,934,29,66,19,13485,1,3537,255,2225,1,62,1068,379,3,140,2936,1,244,8,1,1,3,403,1,1,276,3,1,471,59,1072,3,294,694,1,28,9,46,2,75,1,1,10,832,153
s753_CD,1,42,41,405,1,3,8,929,1,62,5,108,1,11,5,6,1,767,1,1,17,4,1,8,1,55,116,1,1,1,1,1,1,83,18,18,23,1,18,2,2,1,3,3,4,1,3,81
s754_CD,1,1,266,281,32,293,9,13919,3,2386,68,511,7,18,167,2,1,38,869,1,1,1,3,4,2090,217,1,1,1,16,1,18,307,343,1,55,757,16,4,3,4,1,1,2,1,38,1,1
s755_CD,2,412,11,10,2,1,1720,38811,12,8202,1,1311,43,7259,7,16143,36,5,230,1,1,2,4,57,3,29,3,1,2,3,4,5,2,65,17,79,1191,1,52,77,36729,4,2,1,1,2,68,1
s756_CD,1,719,456,1021,20,1,110,9943,3,6617,35,1155,13,115,270,299,4,256,673,1,1,2,1,6,651,77,1,1,1,5,1,51,1,61,3,22,430,1,39,10,28,1,14,1,1,7,1,1
s757_CD,1,1,772,78,22,654,2,2747,22,1070,2,491,1,1,2056,190,1,171,552,1,1,1,3,1,1,71,1,38,1,34,1,641,1,514,1,78,316,126,919,1,1,1,1083,94,7,11,55,1
s758_CD,1,4,769,946,163,70,2,4418,62,47,554,1552,1,4,689,105,1,258,1118,93,1,1,1,1,2,161,2,1,1,15,3,796,1,1784,4,64,453,22,23,1,1,1,1,1,15,151,2,1
s759_CD,1,2,855,1313,1,9,2,7172,2,2,459,1277,1,1,1125,1,1,386,1,1,654,1,3,1,1,9,1,1,1,1,1,5,114,597,1,117,350,1,9,1,1,1,643,1,1,7,1,1
s760_CD,1,1576,219,84,44,329,2,5081,54,3957,267,1152,2,22,465,6,1,53,1,34,1,1,2,1,1,185,1,53,1,6,1,448,346,1695,3,174,1085,202,229,1,1,1,166,1,15,14,1,1
s761_CD,1,37,179,137,8,25,1,1995,1,947,62,268,2,6,430,1,1,47,2,13,48,1,1,1,95,28,1,7,10,5,1,122,22,109,1,188,393,95,14,1,1,1,6,8,3,1,167,13
s762_CD,1,1059,443,449,68,3455,1,3784,20,415,75,492,1,1,459,31,1,19,1722,99,64,1,1,1,620,325,2,54,44,28,2,38,12,447,1,418,1147,2,29,1,3,1,772,7,9,24,1338,211
s763_CD,1,894,813,885,133,203,3,7611,1,8577,53,1885,2,33,11,36567,173,178,84,1,2,1,1,1,31,2,3251,1,124,117,5,4,4,86,153,426,812,167,2,10,12,3,184,1,1,2,309,11
s764_no,1,566,93,364,111,92,25,4747,1,2304,226,613,2,175,281,45,1,54,1372,51,1,1,1,1,483,227,3,1,63,27,4978,116,49,879,1,31,1136,12,125,24,64,1,86,1,1,1,450,44
s765_CD,1,1347,154,1052,37,144,1,4113,1,897,409,1367,1,32,302,531,1,182,1695,1,109,14,1,39,1,229,1,1,1,31,2461,53,24,1943,3,733,647,5,10,50,3,1,134,103,3,6,1,1
s766_no,14,114,311,140,298,3,7,3674,1,1638,38,162,1,9688,49,4300,3,44,238,1,3,2,1,1,7,1,5,1,2,63,7,4,4,34,1,13,529,1,1,1041,18,1,95,1,1,1,8,74
s767_CD,1,6,78,5313,199,40,840,5110,1,563,2,18,1,17598,4,50,1,2,196,1,1,1,1,25,4,1,4,1,1,37,6,3,2,72,45,3,89,3,387,1550,12503,1,2,2,1,1,2,4
s768_CD,1,1589,623,1171,37,184,24,7061,1,4716,1206,2176,1,131,396,10,1,259,2,21,1,1,41,1,5,309,1,1,1,7,7886,3138,758,1288,30,1310,5919,60,122,5,3,1,40,55,1,1,170,27
s769_CD,1,7,3,5,1,1,1,49,1,11,1,9,1,6,10,35,212,13,50,1,2,1,1,1,1,1,14914,1,1,2,3,4,1,5,9,3,6,1,1,1,174,1,2,2,1,1,1,1
s770_no,1,19,1166,15,26,10,12,18591,16,2374,681,3853,11,65,792,1612,1,68,1,18,3,2,5,1,1,146,1,1,8,3,2,22,36,1754,4,2120,1166,1,10,4,20,1,1133,1,25,54,15,3
s771_no,5,884,92,1715,50,3,26,13173,1,3553,123,835,1,690,241,106,1,52,657,16,48,7,1,1,2233,318,1,2,1260,30,2867,42,53,878,6,63,2086,45,99,1,3,1,10,5,13,1,4535,176
s772_CD,1,205,1445,3251,20,25,6,19681,1,311,140,3273,5,503,85,538,1,92,10,1,6,1,5,3,1,24,1,1,5,1,2,9,2,498,3,2817,486,3,14,115,23,1,131,24,1,13,27,1
s773_no,1,10,1082,14,8,5,3,14599,19,1665,319,2591,1,20,648,1205,1,48,2,6,1,1,9,1,2,89,1,1,1,5,3,16,22,1092,2,2115,766,2,10,4,8,1,1280,1,32,47,5,6
s774_no,1,591,40,1,2,2,2,8018,3,3202,174,2029,1,9,135,107,2,60,1,4,329,1,1,1,2,274,1,1,1,1,4757,468,182,865,1,381,552,17,4,1,2,1,3,18,21,4,1522,194
s775_CD,1,1235,206,1761,1,274,9,9894,1,6925,63,2009,1,43,197,15,1,188,1057,53,1,1,1,1,11530,489,1,1,2562,2,1169,118,55,1748,4,304,1142,9,25,2,4,1,7,1,13,5,4410,78
s776_CD,1,24,6926,2248,14,9,143,8433,81,8443,65,1967,1,1619,301,1065,1,760,4,2,37,1,1,1,2,558,1,1,1,4,6,4,1,700,4,504,220,1,1,10,110,15,5,1,16,5,46,6
s777_CD,1,729,195,714,24,1,27,8277,1,1690,93,1419,4,531,637,1647,1,232,1,6,56,1,1,1,1,61,1,1,218,13,1,167,79,306,1,78,363,1,7,9,4,1,1,1,3,1,916,13
s778_CD,1,207,170,1145,1,16,4,12517,10,2599,37,1562,1,7,549,91,1,77,142,5,2,2,1,3,3,278,1,10,385,3,5,5,45,486,1,138,1206,4,20,2,15,2,3,9,25,10,767,79
s779_CD,1,328,2688,3611,1,64,4,11650,19,1544,113,2452,1,1108,477,9,1,101,3,1,248,1,1,1,1,309,1,1,1,1,1,166,71,312,1,2,312,1,4,6,2,4,1,1,24,66,622,520
s780_CD,1,73,6181,1321,1,33,197,8318,2,2850,82,490,1,71,121,10501,3,589,41,1,1,1,3,1,2,3,32,1,1,109,4,168,1,11,1,226,273,1,1,2,34,1,34,1,2,25,3,141
s781_CD,1,510,844,551,30,302,33,8387,24,1385,385,2053,1,89,1099,287,3,498,1,1,1,1,5,1,2,255,1,1,145,41,1,676,184,767,3,574,521,20,11,1,1,1,58,2,6,80,324,146
s782_CD,1,20,179,219,1,12,11,1082,1,269,2,52,1,12,10,18816,3,357,10,1,2,1,10,1,1,2,4,1,1,1,2,10,1,11,1,28,20,1,3,2,3,1,7,1,1,7,6,1
s783_CD,1,157,893,2527,112,3,2,7636,1,2516,46,1212,1,61,40,477,1,137,2,1,1,1,4,10,4,1,1,1,1,19,586,29,1,123,1,176,267,1,2,14,355,3,2,26,1,3,57,336
s784_CD,1,116,858,2218,23,4,2,13763,17,23,159,1489,1,7,215,2104,1,74,5,1,11,3,5,1,1,93,1,1,1,4,2,2,1,362,2,364,52,482,5,1,1,1,2,1,36,464,3,1
s785_CD,1,72,256,81,16,4,26,9753,1,32,76,113,7,6090,11,3063,2,55,2,1,1,1,1,23,2,1,1,1,1,11,3,68,4,232,5,80,49,1,123,15,23,1,2,1,1,4,5,1
s786_no,1,4112,1345,1589,240,391,10,18001,1,3094,284,4702,2,64,1019,242,3,255,25,124,594,1,1,6,1098,223,2,3,156,80,12547,581,36,2238,1,283,2067,63,14,8,11,1,478,17,64,20,1523,113
s787_no,1,17,3429,21,8,1022,4,17194,9,931,409,3333,1,136,1318,113,5,106,359,27,1,1,1,8,1,227,1,9,222,1,2,347,7,3537,29,659,1343,1,18,2,11,1,7,4,56,659,939,3
s788_no,1,1036,927,2241,14,9,1,34457,26,2703,2015,3626,1,20,1176,50,1,44,9,10,349,11,1,4,3,100,1,1,96,4,2,505,74,164,3,207,1248,17,16,3,11,1,84,1,9,21,479,137
s789_CD,1,5,681,5,6,6,319,6284,1,3677,13,712,1,5862,101,10808,1,1,2,2,1,1,2,1,3,1,1,1,1,1161,3,38,2,142,1,314,142,427,61,134,102,3,22,1,1,2,2,1
s790_CD,1,2,861,2,250,8,238,10456,7,479,14,2042,2,549,137,1876,6,210,4,1,2,1,5,1,1,1,1,1,1,212,979,7,1,2,2,42,1069,1,3,3,1046,20,1,1,1,1,1,1
s791_no,1,412,411,1030,14,8,4,18335,4,828,80,1658,2,31,417,1819,2,13,1,1,1,1,1,14,10,93,1,1,2,25,2,173,1,1268,4,157,143,1,23,1,4,1,16,1,34,31,820,60
s792_CD,1,47,660,3078,4,13,29,8267,16,5949,148,2426,1,129,204,12,1,651,20,1,33,1,1,1,4,69,1,1,27,1,1,12,1,599,1,375,786,1,1,1,159,149,1,1,10,17,20,308
s793_no,1,740,746,1455,55,365,10,10838,5,1995,92,1357,1,76,1742,618,9,71,2,48,364,1,1,1,20,244,1,17,193,12,2,770,252,1014,1,277,1309,90,36,2,57,2,11,49,20,22,2006,163
s794_no,25,1051,77,404,32,1,6,8146,1,4491,156,1605,1,111,196,420,1,43,2,1,327,1,1,1,1,115,1,1,21,8,12648,650,290,1005,1,267,729,2,19,94,6,4,17,3,8,1,112,19
s795_no,1,408,669,237,1,8,1,8056,1,904,6,599,1,4,80,1275,1,18,1,1,34,1,5,1,1,13,1,1,1,39,2,1,5,111,1,7,21,4,1,1,3,1,4,4,4,8,1,20
s796_no,1,578,142,490,6,11,1,13383,1,516,30,253,1,37,71,9348,2,48,9,1,3,1,1,2,1,7,1,1,4,2,3,130,1,64,5,541,42,1,12,1,5,1,14,7,2,16,25,23
s797_CD,1,3431,709,5325,76,82,743,43779,19,2721,167,5759,2,314,610,512,1,74,306,1,2,1,1,8,2,198,3,1,181,11,4,1207,32,1866,5,628,1423,5,37,9,10,1,383,3,1,86,950,319
s798_CD,1,257,576,6135,3,20,88,11713,22,3811,7,1361,1,102,69,3728,3,477,17,3,30,1,4,41,480,113,1,1,333,2,2,48,15,261,2,105,428,7,18,25,1642,37,3,26,5,1,485,699
s799_CD,1,652,328,1002,1,35,2,10766,1,1461,16,1199,1,8,9,1215,1,93,4,4,1,1,1,1,1,368,1,1,416,1,91,35,14,485,1,77,319,2,2,3014,46,1,4,18,10,2,529,207
s800_no,2,3625,1249,5840,83,21,16,18123,9,1444,70,1715,1,10,271,900,3,261,3,1,1,1,5,5,2,78,1,1,2,41,422,30,1,380,6,854,255,31,25,2,5,1,315,389,1,20,31,106
s801_CD,1,834,463,1274,8,5,4,13164,1,2363,21,1673,1,66,39,43,1,184,958,1,35,1,2,94,1,520,1,1,415,3,1,36,1,241,1,115,407,11,4,2,149,2,38,17,22,9,277,132
s802_CD,1,4,1138,4,3,24,97,11475,20,2337,133,3745,16,2652,716,16,1,1279,1,1,209,1,2,1,1,59,1,1,2,1,2,82,1,509,7,133,412,1,77,2,165,1,3,1,19,672,96,285
s803_CD,1,1345,133,1618,7,7,42,10906,7,923,2,814,1,22,185,92,1,169,154,1,1,1,1,1,1,93,1,1,1,3,1,503,1,3,1,54,101,17,19,6,55,1,7,1,19,10,2,151
s804_CD,1,1079,1074,100,88,898,1,13151,3,6263,180,2264,1,1922,1054,51,1,155,1,37,1,1,1,1,1,271,2,7,409,5,4,763,286,1117,1,1072,1294,35,5,61,4,3,108,14,37,18,548,1
s805_CD,1,291,273,383,1,1,212,6798,1,107,7,396,1,175,27,892,3,164,266,1,67,1,1,1,1,123,1,1,25,1,1,64,1,41,1,4,166,1,8,1,3762,1,1,1,21,1,119,13
s806_CD,1,816,199,1378,2,10,7,12544,4,183,10,996,1,91,157,1717,1,37,1,1,235,1,1,1,1,82,1,1,140,1,1,338,1,125,1,81,211,1,3,3,582,1,7,4,13,3,389,40
s807_CD,1,998,128,467,2,2,1,13860,1,541,26,266,1,7,51,48,3,41,28,1,1,1,1,1,1,391,1,1,285,1,1,5,1,403,1,2,169,1,3,1,2,1,1,3,17,7,1217,22
s808_CD,1,22,850,2512,2,6,9,12126,5,886,69,3357,1,3265,65,984,3,90,2,1,66,1,1,2,1,30,1,1,198,2,13,612,1,110,1,251,123,3,4,623,59,1,1,8,3,6,363,273
s809_CD,1,1,1988,20,195,52,135,23,143,2864,4,1749,1,1,6462,89,2,2637,213,1,1,2,9,1,1,17,9,341,1,145,3,707,53,298,2,797,498,53,2053,1,1,1,3658,2,9,484,1,164
s810_CD,1,353,2044,103,535,4085,11,2359,65,4592,861,3145,1,3,5889,19,1,126,13526,1,1,1,7,4,1,239,1,200,15,409,1,332,1,2420,2,29,10809,1371,342,5,1,1,7,3000,1,28,485,168
s811_CD,1,4,27867,2,3589,7,48,704,89,4,324,9777,1,4,42,15443,220,8,3440,2,1,1,21,36,2,40,215,1,1,562,2,9,3,31,35,4141,90,3,151,1,13,1,9,6,1,7367,2,1
s812_CD,1,1170,8113,1313,181,221,3,6557,143,3,8,1750,1,2,9,190,8,2085,12816,1,1,2,5,3,2,720,1,1,27,35,225,6,3,5924,1,352,530,3,40,1,2187,1,2,7375,43,458,2,1
s813_CD,1,3718,5849,1,809,282,5,16,1,10,1,4905,1,3,9362,3060,4,3392,299,1,3,1,42,5,1,340,124,1,1,155,768,1027,1,1703,15,1230,326,1,1281,1,269,1,6,2,1,1595,2,1
s814_CD,32,1,2111,10,979,3170,82,1060,75,5,736,5060,1,65,2527,7303,2,148,17722,1,2,2,6,3,15,191,6,1,1,189,1,508,17,11062,10,683,5276,376,171,1,38,1,18,1,264,485,4,418
s815_CD,1,7530,1438,768,1,396,71,16974,51,885,15,929,1,2,770,884,1,1201,12,1,1,1,1,4,7,1751,1,1,1,2,1,4,2,307,1,21,3411,5,127,1,37,1,2461,1158,1,29,678,236
s816_CD,1,7,55,4,152,60,417,2571,1,6,5,1081,1,2,19,19018,9,201,12,2,1,1,13,1,2,20,508,1,1,681,2,3,1,1359,15,5796,6261,3,2541,1,3,1,4,1,1,1282,3,1
s817_CD,1,1,76,1,7,282,1,917,15,1217,48,1138,1,4,1104,7,1,4,321,1,1,34,274,4,1,48,16017,2,1,2,1,58,5,134,19,270,623,183,457,1,2,1,65,2,7,4,1,1
s818_CD,1,758,250,2279,125,10,58,5764,21,3,29,1847,1,1,505,164,1,40,5,1,1132,1,5,2,2,52,5,84,1,22,1,141,87,2078,2,9,420,5,27,2,1,1,11,241,1,6,518,70
s819_CD,2,705,491,1,6,33,285,2329,1,3,251,639,1,1,449,3,1,337,3,1,1,7,1,3,1,410,18,1,1,1,1,17,1,379,5,10,328,2,54,1,2,1,1383,1,1,112,2,1
s820_CD,1,1,279,20,96,8,256,1,1,1,24,1018,1,2,664,657,2,32,4,1,1,1,3,2,1,20,2,1,1,15,1,219,1,693,3,7,34,5,84,1,147,1,8,1,1,12,1,1
s821_no,1,1,313,59,15,1,21,20444,18,1177,29,1732,2,61,779,101,2,60,53,1,16,1,1,1,2,411,1,1,1,1,5,158,1,207,1,285,1001,1,29,2,1,1,24,1,39,7,1673,166
s822_CD,1,1,275,2,1,25,1,17597,1,3,245,829,1,3,772,15,1,290,4,1,1,4,1,1,2,72,1,1,1,4,7,3,1,17,1,16,24,2,29,1,2,1,1,1,2,2,2,1
s823_no,2,328,132,147,1,167,8,4752,1,792,62,623,1,179,120,6,1,15,1,26,103,1,1,2,1,195,2,1,83,3,4,116,7,604,1,1,604,8,1,1,1,1,1,1,1,1,570,153
s824_CD,1,219,537,676,568,2,52,4138,1,1240,28,1023,1,1053,333,18622,1,114,11,1,26,18,2,27,137,247,1,1,2,238,2,3,1,303,32,177,238,1,139,55,28,1,49,7,2,33,46,13
s825_CD,1,3,5777,1,578,4,511,601,1,8,4,11,1,1,17,7897,7,1561,7,1,1,3,5,1,2,2,4,1,1,114,1,2,3,11,1,224,3,58,63,1,2,1,6,31,1,2,1,1
s826_CD,1,267,130,191,1,1,12,1995,1,717,11,217,1,17,40,57,1,46,130,1,1,1,1,1,125,1,1,1,1,2,2,2,1,8,1,29,109,1,1,1,1,1,1,1,1,1,1,16
s827_CD,1,835,6038,212,2254,7,498,4857,26,3,2,1076,1,1739,61,2680,1,3,1001,1,1,26,2,9,1,74,1,1,1,399,1,1,3,9,8,113,997,285,902,1,7,9,491,1,1,21,2,2
s828_no,1,84,1855,2,4,1,86,2719,1,813,3,314,1,502,22,85,3,26,1,1,1,1,2,1,1,2,1,1,1,3,1,70,1,395,1,66,96,1,87,1,2,22,2,1,1,145,1,108
s829_no,22,19,165,2,143,1,3,5247,11,604,25,178,1,27,54,6,1,15,81,1,1,1,11,1,2,1,1,1,1,159,1,10,42,912,1,100,100,1,34,1,69,1,359,1,1,255,99,2
s830_CD,1,3,482,1,2,1,352,13773,1,304,4,3053,1,202,4,7725,1,1596,2,1,2,1,1,2,2,2,1,1,1,4,6,2,1,18,1,178,287,2,11,68,9185,263,3,1,1,2,3,1
s831_CD,1,25,46,385,1,5,7,3283,1,1434,32,531,1,43,82,1,1,8,44,1,1,1,2,2,1,160,1,1,27,1,1,1,5,123,1,20,728,1,10,1,3,1,4,1,24,2,430,160
s832_no,1,1206,123,648,15,3,6,5664,1,2690,170,656,7,41,96,17,1,54,3,79,1,18,2,8,88,64,1,1,2,6,202,312,77,381,1,57,222,19,42,1,3,1,1,81,18,1,5,31
s833_no,1,990,658,790,2,946,19,13387,1,3022,148,1898,7,28,1411,23,2,5,3,1,871,1,40,11,19016,441,1,15,184,2,1,147,8,2073,126,143,671,3,132,2,25,1,655,1,12,45,1393,137
s834_CD,1,343,819,296,15,41,33,8609,2,1731,89,2631,22,409,530,5508,106,191,596,1,1,1,36,23,1,227,30,1,35,4,14,2425,7,1326,5,491,471,15,105,82,369,10,168,105,1,77,44,257
s835_no,17,1854,956,544,73,145,22,12817,5,3086,51,1491,7,113,1265,283,2,27,2,59,265,6,3,35,29,103,1,1,43,152,2176,1458,2,703,6,339,599,9,88,33,10,2,196,2,16,31,420,2
s836_no,1,2,631,18,2,80,4,954,3,5026,2,693,1,4,24,2178,3,22,3,1,1,4,1,1,1,7,16,1,1,2,1,165,46,12,1,577,290,1,984,8,2,1,55,1,1,33,3,2
s837_no,14,219,57,184,18,50,20,2425,1,512,65,383,1,108,165,22,1,29,417,28,1,5,1,6,170,26,1,1,30,16,2112,18,15,328,1,6,414,1,63,8,25,1,41,15,1,1,275,15
s838_no,1,175,123,866,2,25,11,8272,1,1268,82,746,8,76,49,1685,1,91,19,1,22,1,5,16,158,17,1,1,16,1,75,114,80,243,25,68,105,2,50,2,28,2,41,47,4,1,83,67
s839_CD,1,467,159,2616,1,45,3,7882,1,1976,92,919,1,13,88,27,1,77,66,1,17,1,1,7,1023,316,2,1,251,1,6,66,39,442,21,26,479,7,35,1,84,1,110,1,15,4,451,102
s840_CD,1,3350,1084,2082,20,855,16,21205,9,219,774,10809,4,43,676,118,2,82,4307,1,1,2,1,2,2,816,1,1,1083,15,5,4236,58,2106,3,362,2514,13,28,5,18,2,4,1,218,664,6320,318
s841_no,1,24,887,22,15,3,19,32224,7,8455,1279,948,1,67,237,5317,2,321,8,1,4,3,2,1,6,116,3,2,3,693,4,522,19,535,5,2475,447,2,15,2,81,1,4,1,2,180,5,1
s842_CD,1,2193,310,4066,3,302,21,13749,1,4334,426,2461,2,182,434,465,2,119,5,30,2,1,4,1,4,1077,1,1,1224,6,14510,281,98,3630,3,170,2925,18,21,4,10,1,1,1,78,17,241,575
s843_no,10,6004,373,1554,24,189,13,38327,11,8959,239,2303,1,43,392,26,4,162,1723,10,6,2,2,1,5,473,1,5,618,7,7,413,64,1092,3,524,2243,34,24,4,7,1,111,1,114,70,2679,7
s844_CD,1,73,46,612,3,1,7,6660,1,822,25,1220,1,50,42,7,3,26,88,1,1,38,1,1,1,187,1,3,87,1,3,16,9,149,1,78,484,1,9,6,29,1,1,1,8,1,599,108
s845_CD,1,1515,3321,7340,24,77,95,37172,26,5702,816,3694,1,107,493,558,3,168,1,10,680,4,1,1,3,493,1,9,182,10,6,152,3,941,1,539,1628,4,19,4,113,1,9,2,38,8,1158,1950
s846_CD,1,480,99,330,10811,34,57,2434,1,1481,39,577,1,50,73,33,1,57,340,14,33,12,9,6,10,16,1,1,7,146,2272,243,4,883,6,93,322,1,203,1,2,1,52,1,3,4,43,49
s847_CD,1,1373,132,914,6,432,9,22166,1,1465,21,1072,1,26,223,14,1,271,382,8,110,4,1,1,2,641,1,1,1,1,1,110,28,169,1,111,595,1,1,4,1,1,100,11,9,1,500,197
s848_no,1,3,809,1,164,44,1,21,46,2857,174,1631,1,2,942,244,1,279,62,1,1,13,2,1,1,97,1,1,1,18,1,3011,42,1859,1,141,493,1,4,3,15,1,212,1,1,554,3611,1
s849_no,1,1195,368,79,112,415,1,7864,1,2443,151,2020,1,18,696,510,1,165,142,5,53,1,1,1,1,97,21,22,88,11,5,215,87,2633,1,79,754,33,35,1,1,1,12,25,10,1,1585,196
s850_no,1,817,1638,553,53,7,10,16857,18,4050,480,2150,1,41,613,3703,1,289,1,1,102,1,5,7,1,50,1,1,2,221,1,87,892,589,7,354,433,24,43,7,37,5,10,1,36,22,342,73
s851_no,18,307,265,505,480,395,5,12605,1,1543,199,2779,1,110,801,19,1,119,1,62,1,1,1,1,2,113,1,1,27,20,2,1059,39,2601,1,311,464,21,60,1,1,1,1,26,9,5,503,224
s852_no,16,648,84,663,65,58,7,2870,1,676,34,248,1,6,174,120,1,36,1,10,1,1,3,1,19,57,7,1,53,3,52,85,3,286,1,10,170,1,1,1,3,1,2,34,1,8,208,47
s853_no,52,386,179,1056,280,230,1,12340,1,1453,154,1976,1,107,423,6,1,90,1,50,1,1,1,1,1,62,1,1,20,8,1,709,49,1924,1,237,476,16,66,1,1,1,1,12,18,1,727,200
s854_no,1,1125,351,153,69,133,7,4773,1,748,12,555,1,54,167,744,1,5,1,68,69,1,1,1,1,74,1,1,1,9,1,810,1,759,1,59,336,131,1,1,1,1,1,3,13,10,639,135
s855_no,1,14,2918,22,443,30,148,123,1,14,53,2948,1,30,313,11390,1,416,2,2,60,3,1,1,2,4,126,1,1,923,3,1022,5,5900,7,3566,264,1071,25,1,654,2,4,1,1,257,1,1
s856_no,1,402,476,7,72,25,206,4545,1,9872,35,1365,1,321,11,30,1,129,26,1,1,1,1,7,1,27,1,1,1,8,1,101,1743,580,1,1272,294,1,8,35,429,10,52,23,1,1,2,1
s857_no,1,3457,649,4189,1,6,3,22462,1,440,248,4738,1,9,536,977,1,151,6,1,9,1,1,1,1,91,1,1,10,2,1,1306,1,658,1,2561,281,3,4,1,2,1,106,14,1,1,53,9
s858_no,3,16168,442,2923,79,746,3,16674,4,6816,230,2066,1,13,1030,14,1,113,1,165,642,1,1,1,1,264,1,1,239,10,1,514,485,1329,1,314,952,135,13,2,1,1,176,4,59,12,3274,406
s859_no,1,327,474,859,23,43,129,13852,1,154,61,1357,1,605,92,2232,1,75,433,13,1,1,1,1,1,22,11,1,7,2,1312,112,135,1904,1,375,244,1,28,5,3092,1,71,1,26,42,3,22
s860_no,1,1,40,2,1,1,1,53,1,36,1,3,1,87,54,5409,1,13,1,1,1,28,1,39,1,1,1,1,1,1,1,1,1,24,1,1,1,1,81,23,1,1,29,1,1,1,1,1
s861_no,1,4,1033,1,87,3,69,20635,14,923,111,2548,1,528,2564,131,1,105,1,1,189,1,1,1,1,121,1,1,1,14,1,3,11,402,1,239,439,1,11,1,2,1,160,1,12,204,26,1
s862_no,1,731,326,930,11,2,4,23763,1,778,373,2723,1,5885,296,4,1,160,2,1,1,1,1,1,1,199,1,1,222,2,6,2644,3,676,1,114,308,1,5,1,9,1,1,1,19,30,505,52
s863_no,1,176,442,1,14,29,7,14934,3,1527,33,635,1,424,413,314,1,73,1,1,141,5,1,2,1,26,1,1,142,2,3,531,12,356,7,96,139,14,1,34,269,56,4,5,26,9,70,172
s864_no,1,196,3996,17,28,12,67,13207,5,2678,36,2022,4,29,49,18,1,75,1,1,133,1,1,8,10,98,1,1,1,2,2,249,23,1414,3,3565,904,1,1,8,296,1,60,11,19,176,10,220
s865_no,1,4464,1223,528,4,17,219,2101,41,976,1,858,20,5602,65,2877,1,5,396,1,6,1,7,1,1,71,1,1,4,1,4,31,1,322,4,334,444,1,19,240,5901,236,9,1,1,9,221,448
s866_CD,1,1397,3238,213,170,2917,4,3278,103,5,475,1501,1,2,1011,299,2,2798,2323,1,1,1,2,5,3,1051,1,1,1,25,1,4,1,51,10,649,916,2,1041,1,1,1,810,3,1,414,336,1
s867_no,1,79,1030,1,4,4,21,5922,3,1323,8,556,1,40,5,6,1,23,2,1,40,1,1,1,1,38,1,1,3,2,2,108,11,428,1,651,377,1,3,16,218,2,101,9,1,80,1,205
s868_CD,1,25,313,2,1,7,3,9856,1,2358,21,418,1,1,14,115,1,19,3,1,38,1,3,1,22,16,1,1,1,1,1,8,1,133,1,111,109,1,2,1,1,12,19,11,11,5,43,214
s869_CD,1,1539,1597,5412,1,2,28,27642,1,8416,13,607,1,2136,91,4303,99,8,4,1,26,1,1,67,9,2,61,1,1,2,6,4,3,107,1,868,1178,2,210,96,71,1,2,1,1,58,3,6
s870_CD,1,218,387,998,1,274,232,11658,1,5316,35,1691,1,140,54,965,3,98,1121,2,3,1,1,1,4,597,2,1,357,1,5,51,12,1650,1,142,3430,54,168,4,11,1,149,124,1,2,996,3
s871_CD,1,113,1033,2309,1,5,16,16429,5,1643,22,2773,1,1145,9,1014,1,85,2842,1,2,1,1,67,2,13,1,1,12,1,1,7,2,120,7,1098,303,2,10,34,4300,1,103,39,1,2,2,278
s872_CD,1,7,249,776,1,3,258,13396,2,4852,3,1856,1,558,7,48,2,78,3,1,1,1,1,2,3,183,2,1,215,1,2,2,7,428,1,24,88,126,23,12,56,1,6,1,1,3,4,2
s873_CD,1,1,1083,994,51,4,8,50,1,2,85,2580,1,1,2077,3285,16,409,2,1,1,2,1,1,1,3,295,2,1,4,1,129,2,1079,2,1240,38,1,374,1,1,1,8,1,1,149,1,1
s874_CD,5,33,61,426,5,6,1,2987,1,110,3,68,1,128,8,1939,9,2,189,1,1,1,1,17,1,23,1,1,6,76,4,9,9,43,1,45,33,1,14,1,50,1,3,6,1,6,120,52
s875_CD,19,4,1365,13,11,93,311,16135,14,1103,135,3114,1,230,43,1548,1,391,3,1,569,1,2,108,16,960,7,1,1,22,1,2,1,701,13,242,895,10,261,1,14,1,1,1,22,37,433,1
s876_CD,15,167,195,590,4,1,12,2438,1,494,8,135,6,158,26,392,1,16,1,1,22,12,1,2,1,1,23,1,1,1,1,5,1,11,22,140,110,1,42,1,9,8,1,1,1,3,9,2
s877_no,1,954,272,4876,183,146,76,13913,1,5084,29,2150,6,336,55,17,1,86,1,3,4,1,21,9,2,1221,1,1,28,30,1,192,16,433,11,70,914,21,127,16,55,1,4,1,1,4,58,1
s878_CD,1,4,165,6,1,3,16,4019,1,229,1,46,2,367,4,3790,22,6,2,1,1,1,7,68,1,5,1,1,1,1,1,1,1,10,1,66,34,1,7,21,114,313,1,3,1,1,1,6
s879_CD,1,1420,409,3492,1,4,260,15186,1,514,17,1752,1,411,8,3749,1,132,587,1,381,1,5,1,1,826,1,1,548,1,1,20,1,237,3,42,468,1,23,1,200,1,12,22,4,1,430,133
s880_CD,1,1,1,113,1,1,4,441,1,1,1,4,1,31,2,7623,1,3,3,1,1,1,3,1,1,1,4,1,1,3,1,1,1,2,2,1,2,4,5,3,1,1,1,1,1,1,1,1
s881_CD,1,161,158,613,1,7,3,3648,1,295,4,315,1,14,2,2129,2,8,193,1,6,1,1,1,1,39,1,1,1,1,16,2,1,25,1,26,56,1,3,4,27,1,2,9,1,1,3,8
s882_CD,1,94,175,39,3,2,13,6489,10,726,5,361,1,18,2,667,1,78,1,1,2,1,1,1,1,1,1,1,1,2,10,1,1,34,1,29,132,1,1,1,560,64,4,1,4,11,1,196
s883_no,5,41,231,10,10,1,1,2031,1,40,4,141,1,25,5,2269,1,394,1,1,2,1,5,1,1,2,1,1,6,117,1,1,1,87,10,53,14,1,9,1,2,1,1,4,1,1,2,1
s884_no,9,8,121,175,251,1,21,6220,1,398,9,155,1,1325,2,513,1,2,9,1,6,1,4,2,1,6,1,1,1,43,1,1,2,25,3,4,18,1,35,9,236,4,13,1,1,1,10,37
s885_no,1,48,196,2,23,1,4,3658,3,539,32,211,1,6,1,3021,1,13,27,1,1,34,1,1,1,1,1,1,1,8,1,8,1,29,5,41,34,1,4,1,306,3,3,1,1,6,10,1
s886_no,1,906,5094,52,5,35,3,16557,7,1818,251,1346,1,575,66,1342,2,1482,1,1,1,4,1,1,1,17,1,1,1,285,2,3763,6,272,5,749,351,1,21,2,2,5,17,123,77,212,3,2
s887_CD,1,2,23,3,1,1,2,416,1,34,1,14,1,2,3,12011,1,2,5,1,1,1,1,1,1,1,1,1,1,1,1,11,1,8,1,15,2,1,9,1,1,1,4,1,1,1,9,1
s888_CD,1,139,61,1,1,1,86,4549,6,1895,1,511,1,5,2,9827,1,1,148,1,1,2,2,1,1,2,1,1,1,1,2,1,1,6,1,9,183,1,14,26,459,97,1,3,1,1,11,342
s889_CD,1,3,1003,3,1,2,5494,11,1,2,2,3485,1,358,1,11852,33,1,1,1,1,1,3,4,1,1,1,1,1,1,1,1,1,2,8,972,2582,1,36,516,4,51,1,1,1,79,2,1
s890_no,1,231,38,23,1,1,2,6276,5,947,15,541,1,10,39,664,1,29,1,1,26,2,1,1,1,95,1,1,12,1,2,215,1,282,3,106,117,1,7,1,1,1,1,1,12,5,124,78
s891_CD,1,1,4,1,1,1,156,25,1,1,1,3,1,17076,1,422,1,1,1,1,1,2,3,1,1,1,1,1,1,1,1,1,1,2,1,3,91,1,16,24,2,6,1,1,1,1,1,1
s892_no,1,2,1168,1,121,29,39,7,11,1,1,596,1,27,270,440,1,268,116,1,1,1,1,1,1,447,1,1,1,26,1,7,1,1,1,135,124,1,9,1,3,1,166,1,1,174,1,1
s893_CD,1,2,1755,2,1760,5,2,10,2,2,287,3693,1,18,9,1149,6,2,8,1,1,2,10,2,1,4310,1873,1,1,595,2,10357,1,340,4,6412,4391,1,1016,1,2,266,4,2,1,2316,1,1
s894_CD,1,76,389,6,1,47,202,980,1,2,1,134,1,41,67,2320,1,302,24,1,1,1,3,1,1,6,1,1,1,1,1,2,1,24,4,305,371,184,23,1,3,1,1,1,1,118,1,1
s895_no,49,185,247,1,84,11,1,2155,1,487,3,192,1,2,3,166,1,390,1,1,32,3,1,1,1,41,1,1,1,334,1,157,1,88,1,21,149,1,10,1,167,41,16,18,44,99,261,133
s896_CD,1,2,1,247,22,1,5,1980,1,1,1,414,1,1,40,566,1,851,1,1,1,1,1,4,1,18,2,1,1,19,1,1,1,6,1,27,57,1019,3,1,1,1,2,1,1,11,1,1
s897_CD,1,1,2039,1,16,16,51,1,2,9,7,173,3,197,2,169,1,358,1,1,1,1,1,2,1,17,1,1,1,74,1,9,1,317,8,1229,14,258,46,1,2,9,77,2,1,30,1,1
s898_CD,1,87,153,512,1,5,291,5618,15,6270,1,172,2,79,1,412,1,88,1,1,1,3,1,1,1,1,5,1,1,1,1,1,1,2,4,86,89,1,7,5,50,27,464,14,1,38,1,1
s899_CD,2,24,148,1,1,2,44,6231,2,1128,2,336,1,13,3,3333,1,1,1,1,1,7,1,1,1,2,2,1,1,4,3,1,1,12,3,14,45,1,5,6,2,47,1,2,1,2,23,1
s900_CD,1,3,7,4,1,1,6,31,1,9,1,4,1,7,1,9020,1,2,3,1,1,1,1,1,1,1,2,1,1,1,1,1,1,4,1,1,7,1,2,1,2,1,1,1,1,1,1,1
s901_CD,1,1047,1427,999,98,13,39,3119,183,2,312,3001,3,208,131,23,1,16,1491,1,1,1,6,1,1,86,1,1,1,32,1,985,1,907,4,228,79,1,130,1,2,1,965,1,17,318,25,1
s902_CD,1,1,1,1,67,1,175,1,1,2,1,1,1,173,2,1993,1,1,1,1,1,1,8,1,1,1,134,1,1,3,1,1,1,1,3,1,5,1094,75,1,39,1,1,1,1,1,1,1
s903_CD,1,117,76,182,1,78,43,4576,1,4732,33,394,1,1030,1,3992,3,2,192,1,1,1,1,1,1,1,1,1,1,1,1,3,1,66,1,78,1036,1,20,44,169,37,1,1,1,1,1,1
s904_CD,1,375,208,75,9,9,5,7364,8,8,9,397,1,5,45,36291,1,60,202,1,1,1,1,3,3,36,1,1,29,1,1,2,1,582,1,175,267,1,3,5,1,1,1,20,101,406,5,182
s905_CD,1,9,211,14,1,4,12,840,1,11,1,28,2,12,3,30305,3,21,6,1,1,1,1,1,1,2,6307,1,2,5,2,2,1,12,1,56,15,3,18,1,5,2,1,1,1,1,2,1
s906_CD,1,7,447,21,1,3,27,452,2,65,5,41,1,18,7,24443,3,175,15,1,1,1,1,4,1,1,3554,1,1,5,5,8,2,14,3,61,33,1,17,3,6,1,1,1,2,5,2,7
s907_CD,2,129,738,4,87,7,10,14955,1,941,39,1639,1,2,46,1764,5,116,3,1,2,1,1,2,1,13,1,1,2,331,1,10,1,1814,1,2626,128,3,3,1,1,1,365,44,1,7,34,2
s908_CD,1,13,104,25,2,2,96,189,1,20,7,67,11,1801,4,24158,5,7,20,1,1,3,2,4,4,1,1,1,2,4,3,9,1,6,2,14,79,1,13,3580,143,14,18,1,1,3,5,1
s909_CD,3,2,120,2,1,11,60,565,1,40,3,122,1,947,18,16959,17,4,1,1,5,1,2,16,1,1,4,1,1,35,2,23,1,27,9,8,125,1,24,2144,58,6,2,1,3,5,2,1
s910_CD,1,652,861,785,35,20,23,12830,2,1368,43,1448,2,36,120,2442,2,193,2160,6,4,1,1,17,11,158,2,1,95,4,2,12,1,1241,1,108,335,13,4,453,9196,1,13,1,12,10,339,328
s911_CD,1,297,5743,2218,1,1,23,14727,26,343,2,1078,1,8,2,27517,1,2716,362,1,1,13,1,5,3,62,1,1,2,1,1,6,2,51,2,1315,102,1,10,38,832,13,4,1,1,19,5,118
s912_CD,1,2,6,4,27,2,573,16452,1,5,1,5,44,1664,4,473,247,1,2,1,1,1,8,6,3,1,19,1,1,18,2,1,1,3,10,3,279,30,28,12,6779,14,6,1,1,3,6,1
s913_no,1,70,72,297,8,3,10,5343,1,104,2,570,1,7,26,29215,928,16,2,1,1,1,1,1,1,9,1,1,1,1,1,33,58,320,1,87,128,1,2,2,2,1,8,1,1,4,5,5
s914_CD,1,263,283,2178,3,4,67,9948,19,5785,6,2885,1,1960,23,1571,1,600,308,1,1,1,1,3,1,189,1,1,1,72,1,134,1,219,3,337,493,68,8,550,1029,68,20,1,4,7,3,397
s915_CD,1,833,415,1006,1,37,3,7646,1,1335,4,248,1,126,44,984,1,94,2,1,1,1,1,1,1,54,1,1,208,1,1,1,1,245,15,38,64,2,4,1,9,4,13,1,1,1,828,49
s916_CD,1,14,18,38,1,3,1,265,1,21,1,52,1,8,7,4536,1,1,1,1,7,1,3,7,1,19,1,1,5,1,1,10,1,23,1,18,15,1,20,1,8,1,1,1,1,1,13,3
s917_CD,1,6,98,1604,11,36,2561,472,4,1094,111,2048,1,2,11,72,1,1815,2434,1,1,1,3,1,3,2,11,1,1,3,1,2,1,21,1,7,112,137,68,1,2,1,8121,1329,1,5,2,3
s918_CD,1,3,943,1,7,1,93,9501,2,4,3,9,2,12,6,1747,69,824,1024,1,1,1,2,3,1552,1,24,1,1,32,1,4,1,9,7,1267,433,4,64,1,1885,1,4432,2150,1,4,2,1
s919_no,1,1,1,1,1,1,1,6,1,2,1,3,1,1,3,5,1,1,2,1,1,1,1,1,1,2,1,1,1,2,3,3,2,2,1,3,2,1,32,1,1,1,1,1,1,1,1,1
s920_CD,1,57,64,178,1,1,1,1222,45,15,72,144,4,2,1,842,16,2,1,1,18,28,1,68,1,31,101,1,2,1,1,1,1,3,1,38,44,1,19,1,290,1,18,1,1,1,2,1
s921_no,29,8,3832,19,704,1,71,670,1,1145,3,1519,4,6,1,14917,2103,74,1,1,1,1,1,2,1,76,31,1,6,1176,5,2,1,22,1,27,216,1308,3,1,4,1,60,7,1,1,8,1
s922_CD,1,30,1398,1015,42,3,11,119,1,334,3,2147,1,50,41,18816,4,87,11,1,1,5,1,1,2,31,15,1,4,18,2,22,1,3,1,395,803,1,10,7,9,1,48,1,1,71,7,1
s923_CD,1,94,118,160,11,14,6,1057,6,362,7,253,1,2,2,4293,45,24,31,1,1,1,1,1,5,15,326,1,25,5,1,1,1,9,16,20,35,15,1,1,1,1,10,1,1,1,63,1
s924_no,1,2,334,3,11,2,77,19166,1,15,3,397,1,1336,11,519,1,1,2,1,1,1,1,29,2,2,8,1,1,25,1,3,1,16,7,9,80,1,82,290,505,21,1,2,1,1,3,2
s925_CD,1,3,6,21,1,1,1293,41,1,5,1,2,1,1061,1,8043,120,1,13,1,1,18,1,1,2,1,59,1,2,1,1,1,1,2,5,1,1232,1,8,1,10693,100,3,2,1,1,1,1
s926_CD,1,11,6,2904,1,7,364,810,1,38,4,31,1,6021,4,11421,7,2,144,1,2,1,1,2,6,6,1,1,1,2,50,6,1,12,76,3,66,2,28,459,4894,23,2,1,1,1,3,10
s927_no,1,3,298,204,4,20,13,7812,1,480,86,330,1,13,1,1038,1,9,16,1,1,1,1,34,16,80,1,1,1,11,1,47,12,8,7,172,78,1,66,2,7,1,1,3,1,57,3,22
s928_CD,1,25,146,2597,6,5,2559,386,1,156,2,2781,3,1416,6,6176,2,8,30,12,3,1,2,1,2,19,7,1,1,2,2,7,4,39,2,11,1204,1,10,8,2,1,6,1,1,1,29,15
s929_CD,1,5,6,2,1,1,273,125,1,30,6,11,10,246,3,2901,246,1,131,1,1,55,1,8,1,4,1,1,1,1,4,3,1,1,11,1,79,1,25,149,1021,17,1,3,1,1,18,1
s930_CD,1,47,43,956,1,6,179,5009,5,154,3,190,87,1416,10,8676,5,11,860,1,1,1,26,118,2,23,1,1,39,2,1,17,2,22,27,13,31,1,237,712,1752,1,6,1,2,1,45,192
s931_no,1,4,77,3306,1255,118,488,16896,32,143,2,4977,1,427,20,4279,2,35,193,1,1,1,2,1,1,87,1,1,1,175,4,1255,4,901,1,3767,2386,1,58,11,188,4,4,1,1,122,2,1
s932_no,1,37,2,49,1,21,1,183,1,91,14,30,1,2,17,16036,117,1,23,1,1,1,1,1,1,1,618,1,7,1,1,39,1,34,1,33,86,1,19,1,1,11,33,4,1,1,32,1
s933_no,1,157,166,9338,1,1,2781,296,16,166,90,120,1,415,32,14130,248,8,21,1,11,21,1,1,1,1,1,1,1,1,21,100,1,49,1,59,92,5,83,1,42,5,23,1,1,9,7,7
s934_CD,1,46,365,1944,1,1,78,6468,1,1799,13,946,1,4591,32,3224,6,34,527,1,6,1,1,1,1,196,1,1,11,1,1,40,1,131,1,18,533,92,3,2606,228,1,15,1,1,2,1,129
s935_no,1,546,612,2,71,63,38,10065,8,2959,43,2491,1,257,33,11,1,140,1,1,1,1,6,2,4,140,1,1,2,16,2,54,1,293,2,100,989,1,19,1,119,3,1,1,1,12,1,1
s936_no,1,4505,2505,3072,3,1,128,17472,21,1671,3,1869,1,4,169,17,2,3,3,1,1,4,1,1,362,31,19,1,5,4,3,3,1,76,15,3,1919,1,23,1,2,1,1363,1,3,477,1371,4
s937_CD,1,563,585,20,2,1,13,8213,2,1423,247,850,1,68,8,72,1,36,1,1,1,3,1,3,1,22,1,1,10,3,2,3,1,106,1,22,132,1,2,8,18,44,7,1,3,4,1,54
s938_CD,1,1,472,2,1,17,1,5911,1,323,5,1773,2,13,17,76,1,22,1,1,22,7,1,1,1,1,1,1,1,1,1,275,1,935,1,50,80,1,1,1,41,1,1,1,1,1,6,2
s939_CD,12,101,111,64,17,48,1,2334,1,510,23,304,1,23,84,380,1,26,113,1,1,1,1,1,1,40,18,1,96,2,1,159,24,160,1,6,244,1,17,1,1,1,23,8,3,1,578,20
s940_CD,1,65,232,774,1,4,1,3406,1,1178,8,203,1,54,12,37,1,17,236,1,1,1,1,1,1,165,1,1,19,1,1,3,1,70,1,28,308,1,3,1,1,1,19,14,1,4,110,34
s941_CD,1,1,224,649,5,2,1,5310,1,44,22,152,1,1,24,52,1,66,1,22,1,7,6,1,1,34,1,1,1,14,1,37,2,78,1,58,114,39,2,1,21,1,10,1,4,11,23,31
s942_CD,1,66,230,1,1,1,1,1798,1,1229,27,412,1,21,15,429,2,22,169,1,1,1,1,1,1,8,1,1,1,1,2,12,140,137,1,167,192,1,10,1,4,1,11,6,1,3,10,41
s943_no,1,77,41,876,1,1,1,5854,1,443,8,316,1,355,1,67,1,51,55,1,1,1,8,1,1,19,1,1,1,23,1,132,44,95,1,65,234,1,1,1,1,1,7,10,4,12,10,65
s944_CD,1,10,34,13,3,3,1,278,1,6,2,51,1,50,4,23929,68,3,11,1,1,10,1,1,2,3,1,1,1,2,4,7,1,12,7,9,5,1,22,14,26,1,1,1,1,14,6,1
s945_CD,1,732,72,2008,1,40,284,10632,1,1118,19,592,14,1358,1,950,6,41,923,1,1,3,1,37,3,625,1,1,467,1,3,1,1,122,7,1,283,1,23,2,1231,1,1,9,1,12,220,2
s946_CD,1,18,150,196,1,92,16,2724,7,500,20,530,1,33,2,183,1,43,275,1,1,1,11,1,2,181,12,1,123,1,1,8,44,628,12,87,522,7,357,2,3,1,48,1,1,1,245,1
s947_no,1,1284,100,359,4,175,1,6191,1,247,6,487,1,8,5,868,1,1,15,57,178,10,1,18,1,160,1,6,1,4,1,682,11,307,1,44,186,112,13,1,1,1,1,1,1,1,705,45
s948_no,9,531,1175,40,19,105,3,1537,5,191,27,597,1,13,46,18,1,12,1,1,2,1,1,1,1,168,1,1,7,1,1,10,11,40,1,24,153,1,4,1,1,1,373,62,5,16,101,138
s949_no,1,4,562,662,1,2,1,11503,1,7,1,1322,1,1,20,90,1,2,1,1,1,2,1,5,1,50,1,1,1,7,15,3,1,47,1,28,338,1,1,1,55,1,6,1,57,18,1,118
s950_CD,1,96,231,319,41,160,4,2244,1,1027,49,386,1,3,51,9,1,38,5,16,96,1,1,1,1,99,1,1,17,15,1,254,48,180,1,77,524,4,3,1,19,1,9,18,1,5,1,131
s951_CD,1,712,1615,288,1,43,6,4773,3,4,42,343,1,49,45,141,1,346,1,1,1,1,1,9,1,146,1,1,34,1,1,3,2,428,1,26,126,1,17,1,1,1,4,16,24,5,279,1
s952_CD,1,1,1306,48,5,39,32,1393,3,143,49,398,1,466,4,92,1,98,18,1,1,1,5,1,1,3,1,1,1,30,1,17,1,356,12,550,89,16,100,18,10,1,3,8,1,17,6,1
s953_no,1,1327,573,868,5,65,25,3468,1,2,14,1040,1,303,30,321,1,50,14,1,1,1,9,27,1,125,1,1,1,13,1,183,1,643,1,17,705,1,91,229,132,4,77,1,130,385,1,1
s954_CD,1,5,3507,20677,1894,1628,2619,33532,1,36,5,4196,5,582,5,4683,31,8,2,1,1,8,9,12,2,1015,1492,1,1,4561,1,4,1,1261,25,492,2015,1706,113,28,226,1,249,1,2,1,3,3
s955_no,1,1,1151,1594,1,15,1,20684,10,21,3,3182,1,6,44,397,1,1,11,1,1,1,1,6,2,282,1,1,1,11,41,3,1,113,1,57,526,1,10,6,24,1,1,1,73,64,2,432
s956_CD,1,2,3,1,1,2,473,3,1,2,1,4,7,135,5,13,11022,1,2,1,1,2,1,1,1,1,1549,1,1,1,1,1,1,4,5,1,5,11790,25,35,1,1,1,2,1,1,2,1
s957_CD,4,20,61,170,1,2,28,2377,1,446,7,188,1,975,1,2898,1,1,142,1,1,1,1,1,1,10,3,1,22,11,11,1,1,45,14,16,21,1,4,18,1020,1,1,11,1,5,3,183
s958_CD,1,15,11,17,1,2,1,144,1,10,2,19,1,53,8,7649,24602,4,2,1,1,1,4,9,2,1,2,1,1,1,4,1,1,10,1,4,6,1,23,4,5,1,1,1,1,1,4,2
s959_CD,1,1,8,74,7,1,1,5955,1,77,1,408,1,122,21,67,1,9,1,1,1,6,1,1,1,33,1,1,1,1,1,87,1,329,1,7,12,1,5,149,16,1,97,1,1,1,17,13
s960_CD,1,2,4,2221,1,1,1,14,1,7,1,5,3,278,2,3583,11,2,1,1,2,3,1,4,1,2,101,2,1,26,1,1,1,1,4,2,4,2,2,61,2,17,105,1,1,1,1,1
s961_CD,1,1,229,14,1,8,143,4738,1,1,1,2188,1,2,1089,1044,45,1,3,1,1,1,2,1,6574,1,405,1,1,10,1,1,2,187,1,452,112,2,35,1,1911,1,43,1,1,108,309,1
s962_CD,1,2,327,2,6,1,749,10322,1,7,1,9,1,434,1,5592,37,3,1,1,1,3,1,1,1,1,1,1,1,839,1,1,18,4,2,2,178,120,21,1,64,46,86,1,1,6,4,443
s963_CD,1,4,16,1983,2,1,16,49,1,8,1,10,1,3362,6,39,5,2,309,1,1,2,1,1,1,1,43,1,1,1,2,3,1,11,9,1,12,64,1,1,6508,1,1,1,1,1,1,1
s964_CD,1,88,18,2923,1,1,17,10419,11,3723,4,454,2,358,4,29,2,6,340,1,1,4,6,145,2,5,1,1,2,1,2,6,1,49,2,77,70,3,49,777,7340,513,26,2,1,1,6,1083
s965_CD,1,1,458,1,148,1,21,5,1,1,2,1515,1,345,21,87,1,15,323,1,1,1,1,7,1,193,1,1,1,67,3,57,1,1153,13,216,511,1,15,109,173,1,2,1,1,553,1,1
s966_CD,1,81,15,1,2,13,1,300,4,1,17,25,1,1,34,8,1,6,32,1,1,1,5,1,1,8,2517,14,1,2,1,54,4,6,2,19,10,4,186,1,1,1,3,1,3,4,1,1
s967_CD,1,1,301,1,6,7,3336,7,1,6,3,205,1,1,7,573,4,1,2,1,1,1,1,1,1,2,175,1,1,4,1,4,1,158,1,73,326,27,3,1,1,1,3,2,1,6,1,1
s968_CD,1,1,7,85,1,2,21,6352,1,9,2,1372,1,34,1,1544,418,2,1,1,3,4,6,4,1,353,3,1,1,1,1,1,1,110,1,4,151,1,13,2,5,25,1,1,1,1,2,849
s969_CD,1,8,5,5,2,1,3009,92,1,15,2,29,1,12470,4,1407,7,2,16,1,1,2,3,19,4,6,1,1,3,1,1,9,1,1,51,1,816,1,42,220,7752,9,1,1,1,1,2,1
s970_CD,1,1,1,747,6,1,153,699,1,59,1,7,7,2365,1,3,1,1,6,1,1,4,4,1,2,1,1,1,1,4,1,1,1,4,22,1,22,1,33,158,1746,1,1,2,1,1,1,1
s971_CD,1,23,99,453,1,1,32,2386,1,608,6,265,1,1403,14,1067,4,31,105,1,1,1,1,1,1,118,1,1,1,1,2,21,1,26,7,1,135,50,8,648,25,1,18,1,1,1,6,94
s972_CD,1,1,7,4,2,2,47,9,1,2,1,30,1,5375,1,4789,15,2,1,1,1,2,3,1,1,1,1,1,1,1,1,1,1,2,1,1,43,3,4,141,635,1,1,1,1,1,1,1
s973_CD,1,1,2,1,1,2,2,1,1,1,1,2,1,1,1,3,1,1,1,1,1,1,1,1,1,2,1,1,1,2,1,2,1,1,1,1,1,1,1,1,1,1,1,1,1,32,1,1
s974_CD,1,3,618,2,32,1,2,2406,1,4,1,2242,1,25,1,1607,1,1,2,1,1,1,2,1,1,1,1,1,1,65,3,1,1,2,1,1,1,1,93,1,183,1,1,1,1,104,1,1
