{
  "metadata": {
    "program": "CNT Recursive Depth Sounder v1.0",
    "generated": "2026-05-05T06:48:50.545933Z",
    "input_D": 10,
    "input_T": 10,
    "carriers": [
      "SiO2",
      "TiO2",
      "Al2O3",
      "FeO",
      "CaO",
      "MgO",
      "MnO",
      "K2O",
      "Na2O",
      "P2O5"
    ]
  },
  "involution_proof": {
    "sample_t": 5,
    "x": [
      0.518820448048118,
      0.02226090049777391,
      0.15459119968454085,
      0.11238616138876138,
      0.06185156509381484,
      0.07826582769217341,
      0.0030507354996949262,
      0.012623214298737678,
      0.03138332119686167,
      0.004766626599523337
    ],
    "Mx": [
      0.0026052752814056048,
      0.060719470397107685,
      0.008743512512651196,
      0.012027015355670911,
      0.0218534500580117,
      0.01727024588692505,
      0.4430636772419994,
      0.10707812263970752,
      0.043069695533776375,
      0.2835695350927446
    ],
    "MMx": [
      0.518820448048118,
      0.02226090049777391,
      0.15459119968454085,
      0.1123861613887614,
      0.06185156509381485,
      0.07826582769217341,
      0.0030507354996949262,
      0.012623214298737676,
      0.03138332119686167,
      0.004766626599523337
    ],
    "residual": 1.5612511283791264e-17,
    "verified": true,
    "clr_negation_residual": 8.005932084973442e-16,
    "duality_distance": 9.579940041382745
  },
  "level_0": {
    "T": 10,
    "D": 10,
    "hs_mean": 0.32220559919565794,
    "hs_var": 0.00013448304883583324,
    "omega_mean": 4.658711492101187,
    "omega_var": 9.109980859733314,
    "helmsman": "K2O",
    "helmsman_pct": 33.33333333333333
  },
  "energy_tower": [
    {
      "level": 1,
      "T": 9,
      "hs_mean": 0.3884177062792983,
      "hs_var": 0.0058625526023970455,
      "omega_mean": 68.50829073458894,
      "omega_var": 421.93081041027267,
      "omega_max": 106.13848709827408,
      "helmsman": "E_Al2O3",
      "helmsman_pct": 37.5,
      "bearing_spread": 98.86178654877845,
      "metric_trace": 41280827699.26829,
      "spectral_comp": [
        0.0254180569437204,
        0.017999830586423335,
        0.3608278850329349,
        0.04799564016788876,
        0.057388869451493824,
        0.11157323226457001,
        0.208199306317129,
        0.04399068786978505,
        0.07027692127540396,
        0.05632957009065071
      ],
      "status": "PRODUCTIVE"
    },
    {
      "level": 2,
      "T": 8,
      "hs_mean": 0.3688903871773034,
      "hs_var": 0.004549208404823376,
      "omega_mean": 79.97596921792037,
      "omega_var": 256.94098919843583,
      "omega_max": 99.54785074003833,
      "helmsman": "E_FeO",
      "helmsman_pct": 28.57142857142857,
      "bearing_spread": 98.8390217470189,
      "metric_trace": 1082890334.0944943,
      "spectral_comp": [
        0.06766936088093455,
        0.17277395398328918,
        0.05727532313299695,
        0.05792260491734278,
        0.05530101085639426,
        0.03815173318304817,
        0.42709781010964976,
        0.017299206446037208,
        0.07596427277402537,
        0.030544723716281967
      ],
      "status": "PRODUCTIVE"
    },
    {
      "level": 3,
      "T": 7,
      "hs_mean": 0.3275961240013517,
      "hs_var": 0.02332789321685541,
      "omega_mean": 70.7280619195505,
      "omega_var": 206.5213097316131,
      "omega_max": 93.04079579884099,
      "helmsman": "E_K2O",
      "helmsman_pct": 50.0,
      "bearing_spread": 94.67675626185941,
      "metric_trace": 43654834.25234596,
      "spectral_comp": [
        0.010383633969484071,
        0.0527918267291118,
        0.07675413253685782,
        0.11888021219393208,
        0.05223537339627658,
        0.03476183623676874,
        0.24042152914077394,
        0.18335037758351247,
        0.01893236215154929,
        0.21148871606173314
      ],
      "status": "PRODUCTIVE"
    },
    {
      "level": 4,
      "T": 6,
      "hs_mean": 0.3087918173553917,
      "hs_var": 0.011180081037811552,
      "omega_mean": 72.5917303694155,
      "omega_var": 390.57611724784226,
      "omega_max": 94.44865608769663,
      "helmsman": "E_P2O5",
      "helmsman_pct": 40.0,
      "bearing_spread": 96.86283074040296,
      "metric_trace": 17633874.491907306,
      "spectral_comp": [
        0.13675508670856792,
        0.32768762831384823,
        0.029252585535067065,
        0.026609992426987625,
        0.13729164895449747,
        0.018509021990688813,
        0.09771732165866173,
        0.03214702777809732,
        0.0988431630713091,
        0.09518652356227471
      ],
      "status": "PRODUCTIVE"
    },
    {
      "level": 5,
      "T": 5,
      "hs_mean": 0.259147969479941,
      "hs_var": 0.010288747857747662,
      "omega_mean": 90.53022856134243,
      "omega_var": 92.02666302579746,
      "omega_max": 104.17702151088078,
      "helmsman": "E_CaO",
      "helmsman_pct": 50.0,
      "bearing_spread": 89.75259957153267,
      "metric_trace": 32192802.657742538,
      "spectral_comp": [
        0.07673886642019774,
        0.03511370185305195,
        0.06604876430018992,
        0.13339643872157403,
        0.4401117416952023,
        0.01889904405982265,
        0.011364747543937419,
        0.06100250233802791,
        0.09811681818691949,
        0.0592073748810767
      ],
      "status": "PRODUCTIVE"
    },
    {
      "level": 6,
      "T": 4,
      "status": "SIGNAL_EXHAUSTED"
    }
  ],
  "curvature_tower": [
    {
      "level": 1,
      "T": 10,
      "hs_mean": 0.7371806644979685,
      "hs_var": 0.005856551266427481,
      "omega_mean": 4.658711492101064,
      "omega_var": 9.10998085973419,
      "omega_max": 10.339430625771396,
      "helmsman": "K_K2O",
      "helmsman_pct": 33.33333333333333,
      "bearing_spread": 118.48345806300415,
      "metric_trace": 7526076837.146192,
      "spectral_comp": [
        0.008415232381851427,
        0.0200973248101653,
        0.005238547249159546,
        0.011957113754349175,
        0.22677864920705196,
        0.1293368651364162,
        0.22237840698951591,
        0.31504958932254673,
        0.014912880212866955,
        0.04583539093607681
      ],
      "status": "PRODUCTIVE"
    },
    {
      "level": 2,
      "T": 10,
      "hs_mean": 0.9681451400929431,
      "hs_var": 2.3564979732642027e-05,
      "omega_mean": 4.658711492101127,
      "omega_var": 9.109980859733968,
      "omega_max": 10.339430625771394,
      "helmsman": "K_K2O",
      "helmsman_pct": 33.33333333333333,
      "bearing_spread": 75.52511338471919,
      "metric_trace": 3.1269824323422904e+19,
      "spectral_comp": [
        0.008415232381851495,
        0.020097324810165264,
        0.005238547249159538,
        0.011957113754349095,
        0.22677864920705176,
        0.12933686513641618,
        0.22237840698951541,
        0.3150495893225472,
        0.01491288021286704,
        0.04583539093607701
      ],
      "status": "PRODUCTIVE"
    },
    {
      "level": 3,
      "T": 10,
      "hs_mean": 0.9863507452524027,
      "hs_var": 0.0003185839450757141,
      "omega_mean": 5.718620291063958,
      "omega_var": 16.650289339957453,
      "omega_max": 13.654470477823093,
      "helmsman": "K_K2O",
      "helmsman_pct": 44.44444444444444,
      "bearing_spread": 118.62794622424312,
      "metric_trace": 1.738619438178489e+30,
      "spectral_comp": [
        0.14325449628635184,
        0.02188885475726465,
        0.006209977834584132,
        0.013222925416730426,
        0.22842223935676823,
        0.09970017808693372,
        0.14540101584612306,
        0.27511792387061773,
        0.02179307321892467,
        0.04498931532570146
      ],
      "status": "PRODUCTIVE"
    },
    {
      "level": 4,
      "T": 10,
      "hs_mean": 0.6974564282237421,
      "hs_var": 0.009865671631495928,
      "omega_mean": 7.247131501207499,
      "omega_var": 41.74710994861761,
      "omega_max": 19.469623496563027,
      "helmsman": "K_CaO",
      "helmsman_pct": 33.33333333333333,