{
  "metadata": {
    "program": "CNT Recursive Depth Sounder v1.0",
    "generated": "2026-05-05T06:48:50.744942Z",
    "input_D": 10,
    "input_T": 15,
    "carriers": [
      "SiO2",
      "TiO2",
      "Al2O3",
      "FeO",
      "CaO",
      "MgO",
      "MnO",
      "K2O",
      "Na2O",
      "P2O5"
    ]
  },
  "involution_proof": {
    "sample_t": 7,
    "x": [
      0.5371670558462833,
      0.01891689219810831,
      0.14855083988514492,
      0.09455589219054442,
      0.09213150869078685,
      0.06994681159300532,
      0.001463960799853604,
      0.0058520582994147936,
      0.028758221397124178,
      0.002656759099734324
    ],
    "Mx": [
      0.0013665138139852533,
      0.03880374189081327,
      0.004941380357049996,
      0.007763093184637506,
      0.007967374166153634,
      0.01049434828427746,
      0.5014111049320028,
      0.12543384988238052,
      0.02552474271949025,
      0.27629385076920926
    ],
    "MMx": [
      0.5371670558462832,
      0.018916892198108305,
      0.1485508398851449,
      0.0945558921905444,
      0.09213150869078683,
      0.06994681159300531,
      0.0014639607998536038,
      0.005852058299414792,
      0.028758221397124174,
      0.002656759099734324
    ],
    "residual": 1.170522661667272e-16,
    "verified": true,
    "clr_negation_residual": 1.790180836524724e-15,
    "duality_distance": 11.324142981221934
  },
  "level_0": {
    "T": 15,
    "D": 10,
    "hs_mean": 0.3777718005667504,
    "hs_var": 0.009752631523353287,
    "omega_mean": 14.898780125667061,
    "omega_var": 67.5367788023262,
    "helmsman": "K2O",
    "helmsman_pct": 50.0
  },
  "energy_tower": [
    {
      "level": 1,
      "T": 14,
      "hs_mean": 0.30390627977083373,
      "hs_var": 0.0049320054812266945,
      "omega_mean": 59.89238875148401,
      "omega_var": 244.0615381071977,
      "omega_max": 79.99107549250417,
      "helmsman": "E_SiO2",
      "helmsman_pct": 23.076923076923077,
      "bearing_spread": 99.76031127543612,
      "metric_trace": 88190341363.6772,
      "spectral_comp": [
        0.1593375597071852,
        0.11031524370378148,
        0.1340102051350358,
        0.09978784230711758,
        0.07751663104770823,
        0.06564147857768536,
        0.06605158453328247,
        0.024314512789872275,
        0.23637830851243394,
        0.026646633685897793
      ],
      "status": "PRODUCTIVE"
    },
    {
      "level": 2,
      "T": 13,
      "hs_mean": 0.3260472349404248,
      "hs_var": 0.02369202538197555,
      "omega_mean": 76.09645123682948,
      "omega_var": 346.04608392894096,
      "omega_max": 103.12432012066293,
      "helmsman": "E_Na2O",
      "helmsman_pct": 25.0,
      "bearing_spread": 86.88227445654827,
      "metric_trace": 68489928099655.92,
      "spectral_comp": [
        0.02318083969962367,
        0.04439763804862463,
        0.15187268521562747,
        0.08840987357449888,
        0.06649023605897422,
        0.16644256010083094,
        0.03396803119767561,
        0.24096048296144118,
        0.060511034969425274,
        0.12376661817327808
      ],
      "status": "PRODUCTIVE"
    },
    {
      "level": 3,
      "T": 12,
      "hs_mean": 0.3029593146340462,
      "hs_var": 0.013265872776560543,
      "omega_mean": 68.9783847450559,
      "omega_var": 658.1707758461437,
      "omega_max": 114.47144190363305,
      "helmsman": "E_MgO",
      "helmsman_pct": 27.27272727272727,
      "bearing_spread": 99.15837326151126,
      "metric_trace": 281572713.4294927,
      "spectral_comp": [
        0.0435034894035789,
        0.09614047933846319,
        0.06630419939519394,
        0.10569263923545397,
        0.04398338639704906,
        0.10617704491555324,
        0.10258390788021915,
        0.20232712580032977,
        0.15348121667326486,
        0.07980651096089388
      ],
      "status": "PRODUCTIVE"
    },
    {
      "level": 4,
      "T": 11,
      "hs_mean": 0.324985889822297,
      "hs_var": 0.00862939644859826,
      "omega_mean": 96.34103129630554,
      "omega_var": 276.170366717976,
      "omega_max": 123.10890156542742,
      "helmsman": "E_Na2O",
      "helmsman_pct": 30.0,
      "bearing_spread": 99.41436281766391,
      "metric_trace": 674937998.496686,
      "spectral_comp": [
        0.10844757231881588,
        0.06367003076630268,
        0.043271784390837745,
        0.20868327547938884,
        0.12079035244871836,
        0.017259714737227868,
        0.1777863172490698,
        0.07303306777597852,
        0.07343105282894453,
        0.11362683200471606
      ],
      "status": "LIMIT_CYCLE_P2",
      "cycle_period": 2,
      "cycle_residual": 0.003255188219344233,
      "converged_at_level": 4
    }
  ],
  "curvature_tower": [
    {
      "level": 1,
      "T": 15,
      "hs_mean": 0.7467675068630804,
      "hs_var": 0.013957256616810926,
      "omega_mean": 14.898780125667097,
      "omega_var": 67.53677880232573,
      "omega_max": 34.63757713725282,
      "helmsman": "K_K2O",
      "helmsman_pct": 50.0,
      "bearing_spread": 118.51173032543518,
      "metric_trace": 1829959397747.3735,
      "spectral_comp": [
        0.04666034551466371,
        0.03628922442842762,
        0.03173099634377624,
        0.02717573882005199,
        0.08699733411244942,
        0.19410384486656865,
        0.038901313156682375,
        0.3507881928858191,
        0.05411084169171897,
        0.1332421681798419
      ],
      "status": "PRODUCTIVE"
    },
    {
      "level": 2,
      "T": 15,
      "hs_mean": 0.9698860693958208,
      "hs_var": 0.0003850390285234406,
      "omega_mean": 14.898780125667075,
      "omega_var": 67.53677880232607,
      "omega_max": 34.63757713725284,
      "helmsman": "K_K2O",
      "helmsman_pct": 50.0,
      "bearing_spread": 82.85067290547688,
      "metric_trace": 5.879856765339442e+24,
      "spectral_comp": [
        0.04666034551466364,
        0.03628922442842762,
        0.03173099634377623,
        0.02717573882005194,
        0.08699733411244943,
        0.19410384486656868,
        0.03890131315668232,
        0.35078819288581925,
        0.05411084169171897,
        0.13324216817984194
      ],
      "status": "PRODUCTIVE"
    },
    {
      "level": 3,
      "T": 15,
      "hs_mean": 0.9746436111307569,
      "hs_var": 0.0018191775309321589,
      "omega_mean": 17.544962939556704,
      "omega_var": 101.65374313766867,
      "omega_max": 41.71728957699204,
      "helmsman": "K_K2O",
      "helmsman_pct": 50.0,
      "bearing_spread": 116.43013887903702,
      "metric_trace": 1.9574188679113846e+30,
      "spectral_comp": [
        0.018245873898490982,
        0.02815759129624555,
        0.009055893088997749,
        0.03090600829992063,
        0.08108089805124011,
        0.18630520386612967,
        0.05926226827489836,
        0.40467644648211226,
        0.052913777066506115,
        0.12939603967545846
      ],
      "status": "PRODUCTIVE",
      "cycle_period": 1,
      "cycle_residual": 0.004757541734936144,
      "converged_at_level": 3
    },
    {
      "level": 4,
      "T": 15,
      "hs_mean": 0.6690099236159529,
      "hs_var": 0.02396394444719479,
      "omega_mean": 20.049208756655837,
      "omega_var": 162.8000096672965,
      "omega_max": 52.113275328230024,
      "helmsman": "K_K2O",
      "helmsman_pct": 42.857142857142854,
      "bearing_spread": 84.94266992561559,
      "metric_trace": 2.7212862284988196e+30,
      "spectral_comp": [
        0.007838184628991713,
        0.02339923051013179,
        0.0034477687268592004,
        0.029744818595399958,
        0.1781511962073528,
        0.1647091725115916,
        0.007579070622148434,
        0.47663346929986794,
        0.10091801827550807,
        0.007579070622148434
      ],
      "status": "LIMIT_CYCLE_P1",
      "cycle_period": 1,
      "cycle_residual": 0.004757541734936144,
      "converged_at_level": 3
    }
  ],
  "depth_summary": {
    "energy_depth": 4,
    "curvature_depth": 4,
    "max_depth": 4,