{
  "metadata": {
    "program": "CNT Recursive Depth Sounder v1.0",
    "generated": "2026-05-05T06:59:59.917563Z",
    "input_D": 10,
    "input_T": 40,
    "carriers": [
      "SiO2",
      "TiO2",
      "Al2O3",
      "FeO",
      "CaO",
      "MgO",
      "MnO",
      "K2O",
      "Na2O",
      "P2O5"
    ]
  },
  "involution_proof": {
    "sample_t": 20,
    "x": [
      0.4833889245516611,
      0.02451269429754873,
      0.14710571738528944,
      0.11317421458868258,
      0.08620657359137934,
      0.08423311209157668,
      0.001648161599835184,
      0.018023181098197682,
      0.036128727996387125,
      0.00557869279944213
    ],
    "Mx": [
      0.0021750379257722266,
      0.04289162305194869,
      0.007147167781687125,
      0.00929000698276771,
      0.012196160919023596,
      0.012481899548660406,
      0.637916357172289,
      0.058335386970241966,
      0.02910119736026276,
      0.18846516228734647
    ],
    "MMx": [
      0.48338892455166116,
      0.02451269429754873,
      0.14710571738528946,
      0.1131742145886826,
      0.08620657359137934,
      0.08423311209157668,
      0.001648161599835184,
      0.018023181098197682,
      0.03612872799638713,
      0.005578692799442131
    ],
    "residual": 6.397932047316072e-17,
    "verified": true,
    "clr_negation_residual": 8.005932084973442e-16,
    "duality_distance": 10.012991343732642
  },
  "level_0": {
    "T": 40,
    "D": 10,
    "hs_mean": 0.3121399284254081,
    "hs_var": 0.0007368184787336486,
    "omega_mean": 13.211999185999229,
    "omega_var": 202.60841639946588,
    "helmsman": "K2O",
    "helmsman_pct": 58.97435897435898
  },
  "energy_tower": [
    {
      "level": 1,
      "T": 39,
      "hs_mean": 0.3127040057145954,
      "hs_var": 0.017639357553087327,
      "omega_mean": 73.94537402407707,
      "omega_var": 667.312341205206,
      "omega_max": 126.4850936792546,
      "helmsman": "E_MnO",
      "helmsman_pct": 21.052631578947366,
      "bearing_spread": 98.67833032057133,
      "metric_trace": 4514501026.432222,
      "spectral_comp": [
        0.022333123861298574,
        0.1507673488084677,
        0.18464263809701376,
        0.04792043542416696,
        0.08614839798021554,
        0.0547897694078913,
        0.20386000683841743,
        0.0855690473614533,
        0.09506861645587723,
        0.0689006157651981
      ],
      "status": "PRODUCTIVE"
    },
    {
      "level": 2,
      "T": 38,
      "hs_mean": 0.3260215749661298,
      "hs_var": 0.011239140156768357,
      "omega_mean": 79.87282402459266,
      "omega_var": 408.13804273351997,
      "omega_max": 112.4945931592946,
      "helmsman": "E_Na2O",
      "helmsman_pct": 16.216216216216218,
      "bearing_spread": 98.71864609253569,
      "metric_trace": 610849360.0594331,
      "spectral_comp": [
        0.04105059684303678,
        0.049908410337541606,
        0.07000706763366367,
        0.05304003872970578,
        0.10104884259524323,
        0.123718997165893,
        0.19267256662123655,
        0.11813633384317788,
        0.1060758941892391,
        0.1443412520412624
      ],
      "status": "PRODUCTIVE"
    },
    {
      "level": 3,
      "T": 37,
      "hs_mean": 0.3284471894274029,
      "hs_var": 0.017533923851779088,
      "omega_mean": 90.86980253763483,
      "omega_var": 248.2636310775172,
      "omega_max": 123.1156343283368,
      "helmsman": "E_TiO2",
      "helmsman_pct": 19.444444444444446,
      "bearing_spread": 95.86765916307809,
      "metric_trace": 65269056977.20897,
      "spectral_comp": [
        0.120614168496212,
        0.07393233172448692,
        0.05468194957857874,
        0.12995582717799334,
        0.11860863844370689,
        0.05336097013516473,
        0.24526049612567663,
        0.06738605181900931,
        0.07252393966556232,
        0.06367562683360918
      ],
      "status": "PRODUCTIVE",
      "cycle_period": 1,
      "cycle_residual": 0.0024256144612730957,
      "converged_at_level": 3
    },
    {
      "level": 4,
      "T": 36,
      "hs_mean": 0.30365370556819193,
      "hs_var": 0.011468130877904388,
      "omega_mean": 78.0759063680188,
      "omega_var": 315.9653773355511,
      "omega_max": 114.25727410486823,
      "helmsman": "E_Na2O",
      "helmsman_pct": 20.0,
      "bearing_spread": 96.21935989968397,
      "metric_trace": 2183459116.5553384,
      "spectral_comp": [
        0.08091533300721757,
        0.11419600032935336,
        0.06830926184867764,
        0.058571391762537776,
        0.1280569868023339,
        0.09825231900970315,
        0.11280240983959372,
        0.062275372409566015,
        0.1926746782821579,
        0.08394624670885902
      ],
      "status": "LIMIT_CYCLE_P1",
      "cycle_period": 1,
      "cycle_residual": 0.0024256144612730957,
      "converged_at_level": 3
    }
  ],
  "curvature_tower": [
    {
      "level": 1,
      "T": 40,
      "hs_mean": 0.7849422029864861,
      "hs_var": 0.007543448770833079,
      "omega_mean": 13.211999185999222,
      "omega_var": 202.6084163994662,
      "omega_max": 69.2844318647085,
      "helmsman": "K_K2O",
      "helmsman_pct": 58.97435897435898,
      "bearing_spread": 120.27451114161684,
      "metric_trace": 16418502796.644592,
      "spectral_comp": [
        0.009401714964598877,
        0.009672411000074998,
        0.010260046324914148,
        0.010673259952401044,
        0.34650856329285096,
        0.046627491824885084,
        0.3036209067139572,
        0.19348753552790998,
        0.01806304481910975,
        0.05168502557929801
      ],
      "status": "PRODUCTIVE"
    },
    {
      "level": 2,
      "T": 40,
      "hs_mean": 0.9629345438103984,
      "hs_var": 8.054661391870523e-05,
      "omega_mean": 13.211999185999243,
      "omega_var": 202.60841639946574,
      "omega_max": 69.2844318647085,
      "helmsman": "K_K2O",
      "helmsman_pct": 58.97435897435898,
      "bearing_spread": 78.29453549739665,
      "metric_trace": 3.107404773154396e+20,
      "spectral_comp": [
        0.00940171496459887,
        0.009672411000074986,
        0.010260046324914143,
        0.010673259952401032,
        0.3465085632928508,
        0.04662749182488505,
        0.3036209067139574,
        0.19348753552790998,
        0.018063044819109735,
        0.05168502557929801
      ],
      "status": "PRODUCTIVE"
    },
    {
      "level": 3,
      "T": 40,
      "hs_mean": 0.9850874767841118,
      "hs_var": 0.0021066436546987454,
      "omega_mean": 14.8993478691445,
      "omega_var": 270.9758980989403,
      "omega_max": 81.91898687004394,
      "helmsman": "K_K2O",
      "helmsman_pct": 64.1025641025641,
      "bearing_spread": 120.65818598512776,
      "metric_trace": 1.782673556361671e+30,
      "spectral_comp": [
        0.006423563638715819,
        0.008630298406048424,
        0.005499247286688397,
        0.007397707102764546,
        0.35561831606441796,
        0.04521807757426461,
        0.32109895928749055,
        0.184772484501411,
        0.02195279407783486,
        0.043388552060363766
      ],
      "status": "PRODUCTIVE"
    },
    {
      "level": 4,
      "T": 40,
      "hs_mean": 0.643936543490983,
      "hs_var": 0.010563445462417123,
      "omega_mean": 16.35500964160214,
      "omega_var": 176.6063719124057,
      "omega_max": 61.695909163316735,
      "helmsman": "K_MgO",
      "helmsman_pct": 41.02564102564102,
      "bearing_spread": 79.32053567924845,
      "metric_trace": 2.4659907507075953e+30,
      "spectral_comp": [
        0.01170225665912015,
        0.026043747999183194,
        0.007336982506415635,
        0.008879924342837867,
        0.310558911409787,
        0.13462835115749175,
        0.26486727156126083,
        0.11156701408471896,
        0.11603095969483482,
        0.008384580584349677
      ],
      "status": "PRODUCTIVE"
    },
    {
      "level": 5,
      "T": 40,
      "hs_mean": 0.564581669255792,
      "hs_var": 0.006075817643576614,
      "omega_mean": 21.569602449100877,