{
  "experiment": "Hs-05 Region-Binned Geochemistry",
  "n_regions": 95,
  "D": 10,
  "curvature_attractor": {
    "even": 0.25323974893625084,
    "odd": 0.37119797015948575,
    "amplitude": 0.1179582212232349
  },
  "curvature_depth": 14,
  "energy_depth": 46,
  "lyapunov_exponent": -0.5805229787426127,
  "mean_contraction_ratio": 1.601074167958875,
  "banach_contraction": false,
  "impulse_response": {
    "A": 0.1179582212232349,
    "delta": 14,
    "zeta": 0.10015183724667845,
    "class": "MODERATELY_DAMPED"
  },
  "curvature_trajectory": [
    0.30670510932606515,
    0.786067192105219,
    0.9611961747709783,
    0.9822131329941732,
    0.6283737407995478,
    0.5547121111570343,
    0.29748590666676483,
    0.4110629406335481,
    0.26986297477001286,
    0.37821676725191417,
    0.2574602339201323,
    0.36860531140490155,
    0.25166426403634534,
    0.3667718318216416,
    0.2505947488522749
  ],
  "deltas_from_attractor": [
    0.05346536038981431,
    0.4148692219457333,
    0.7079564258347275,
    0.6110151628346875,
    0.37513399186329693,
    0.1835141409975486,
    0.04424615773051399,
    0.039864970474062345,
    0.016623225833762023,
    0.007018797092428419,
    0.004220484983881445,
    -0.0025926587545841984,
    -0.0015754848999054993,
    -0.0044261383378441654,
    -0.0026450000839759458
  ],
  "contraction_ratios": [
    13.241403792531068,
    1.472789810651731,
    0.5298828828638558,
    0.30034302282478553,
    0.11794760989464743,
    0.2172310550967016,
    0.3756987428153102,
    0.1760642741976973,
    0.25389085283974044,
    0.36938790514133096,
    0.3732947530728036,
    1.707181220829046,
    1.6788482607066548
  ],
  "helmsman_lineage": [
    "K_K2O",
    "K_K2O",
    "K_K2O",
    "K_MgO",
    "K_Na2O",
    "K_Na2O",
    "K_Na2O",
    "K_Na2O",
    "K_Na2O",
    "K_Na2O",
    "K_SiO2",
    "K_SiO2",
    "K_SiO2",
    "K_SiO2"
  ],
  "termination_curvature": "LIMIT_CYCLE_P2",
  "termination_energy": "LIMIT_CYCLE_P1",
  "M_squared_residual": 5.929267648424437e-17
}