{
  "metadata": {
    "program": "CNT Recursive Depth Sounder v1.0",
    "generated": "2026-05-05T06:59:59.396811Z",
    "input_D": 10,
    "input_T": 10,
    "carriers": [
      "SiO2",
      "TiO2",
      "Al2O3",
      "FeO",
      "CaO",
      "MgO",
      "MnO",
      "K2O",
      "Na2O",
      "P2O5"
    ]
  },
  "involution_proof": {
    "sample_t": 5,
    "x": [
      0.4833889245516611,
      0.02451269429754873,
      0.14710571738528944,
      0.11317421458868258,
      0.08620657359137934,
      0.08423311209157668,
      0.001648161599835184,
      0.018023181098197682,
      0.036128727996387125,
      0.00557869279944213
    ],
    "Mx": [
      0.0021750379257722266,
      0.04289162305194869,
      0.007147167781687125,
      0.00929000698276771,
      0.012196160919023596,
      0.012481899548660406,
      0.637916357172289,
      0.058335386970241966,
      0.02910119736026276,
      0.18846516228734647
    ],
    "MMx": [
      0.48338892455166116,
      0.02451269429754873,
      0.14710571738528946,
      0.1131742145886826,
      0.08620657359137934,
      0.08423311209157668,
      0.001648161599835184,
      0.018023181098197682,
      0.03612872799638713,
      0.005578692799442131
    ],
    "residual": 6.397932047316072e-17,
    "verified": true,
    "clr_negation_residual": 8.005932084973442e-16,
    "duality_distance": 10.012991343732642
  },
  "level_0": {
    "T": 10,
    "D": 10,
    "hs_mean": 0.32126252272923705,
    "hs_var": 0.0012610580004905388,
    "omega_mean": 14.804288455330294,
    "omega_var": 40.57279666650558,
    "helmsman": "K2O",
    "helmsman_pct": 66.66666666666666
  },
  "energy_tower": [
    {
      "level": 1,
      "T": 9,
      "hs_mean": 0.3008124076150788,
      "hs_var": 0.008306168111505313,
      "omega_mean": 65.24612985413651,
      "omega_var": 414.8980617621969,
      "omega_max": 102.8170130976334,
      "helmsman": "E_TiO2",
      "helmsman_pct": 37.5,
      "bearing_spread": 102.654596892917,
      "metric_trace": 190297.5110364325,
      "spectral_comp": [
        0.024019488414412298,
        0.11504275018881457,
        0.1874929660999955,
        0.015646738053449172,
        0.05364192437034877,
        0.07721870708805885,
        0.07535259954657766,
        0.10316101932327792,
        0.29814671504404994,
        0.050277091871015436
      ],
      "status": "PRODUCTIVE"
    },
    {
      "level": 2,
      "T": 8,
      "hs_mean": 0.30913819081872407,
      "hs_var": 0.016103189240652897,
      "omega_mean": 81.1961296287956,
      "omega_var": 221.90505016025728,
      "omega_max": 101.7164734615058,
      "helmsman": "E_K2O",
      "helmsman_pct": 42.857142857142854,
      "bearing_spread": 91.79318616604738,
      "metric_trace": 1130181708082.5164,
      "spectral_comp": [
        0.01796085202900844,
        0.02751598185857344,
        0.16412507852989291,
        0.02106795258499202,
        0.01036279738601976,
        0.014965210906317347,
        0.49205395499014226,
        0.07516100941227162,
        0.0901611462396325,
        0.08662601606314989
      ],
      "status": "PRODUCTIVE"
    },
    {
      "level": 3,
      "T": 7,
      "hs_mean": 0.30154417481495294,
      "hs_var": 0.010872702615626496,
      "omega_mean": 84.89040455277075,
      "omega_var": 477.5549318535788,
      "omega_max": 119.06015320780341,
      "helmsman": "E_K2O",
      "helmsman_pct": 50.0,
      "bearing_spread": 96.33743401172858,
      "metric_trace": 3725450773608.7954,
      "spectral_comp": [
        0.12197220333444787,
        0.06812846660081849,
        0.015216982343895138,
        0.13839612213507976,
        0.09518981346245636,
        0.025010890205609843,
        0.188271601709744,
        0.20580617739794566,
        0.012662110235301244,
        0.12934563257470147
      ],
      "status": "PRODUCTIVE"
    },
    {
      "level": 4,
      "T": 6,
      "hs_mean": 0.42320131608178907,
      "hs_var": 0.030760973968541782,
      "omega_mean": 79.2640902927498,
      "omega_var": 155.60885608745446,
      "omega_max": 93.62246515162063,
      "helmsman": "E_TiO2",
      "helmsman_pct": 20.0,
      "bearing_spread": 96.28851114380353,
      "metric_trace": 180172194.29084256,
      "spectral_comp": [
        0.029696800624952408,
        0.1389873533606088,
        0.14237307297537102,
        0.13871523082834775,
        0.02531238106539306,
        0.06973212647043081,
        0.07280110932169928,
        0.10346785568016142,
        0.14003918040152888,
        0.1388748892715066
      ],
      "status": "PRODUCTIVE"
    },
    {
      "level": 5,
      "T": 5,
      "hs_mean": 0.3535694355330817,
      "hs_var": 0.02594695270510407,
      "omega_mean": 78.63341331083397,
      "omega_var": 326.6056801023313,
      "omega_max": 102.0961626833878,
      "helmsman": "E_MgO",
      "helmsman_pct": 50.0,
      "bearing_spread": 114.10462141900894,
      "metric_trace": 23101811.976679407,
      "spectral_comp": [
        0.02015354572399134,
        0.09510824071427583,
        0.10010275076123586,
        0.14282546640444718,
        0.027800973858463026,
        0.3382447133187198,
        0.01602950612704311,
        0.17337646472365809,
        0.07001076557187258,
        0.01634757279629324
      ],
      "status": "PRODUCTIVE"
    },
    {
      "level": 6,
      "T": 4,
      "status": "SIGNAL_EXHAUSTED"
    }
  ],
  "curvature_tower": [
    {
      "level": 1,
      "T": 10,
      "hs_mean": 0.7505346432114135,
      "hs_var": 0.013902656990580426,
      "omega_mean": 14.804288455330315,
      "omega_var": 40.572796666505425,
      "omega_max": 26.59084963553054,
      "helmsman": "K_K2O",
      "helmsman_pct": 66.66666666666666,
      "bearing_spread": 118.71300957857709,
      "metric_trace": 37749842624.640274,
      "spectral_comp": [
        0.022923370670030647,
        0.010227711255315419,
        0.02637475563588382,
        0.02609713097305394,
        0.0842369176350594,
        0.10424390468277349,
        0.03455617661241779,
        0.527227015249404,
        0.009150294340825276,
        0.15496272294523614
      ],
      "status": "PRODUCTIVE"
    },
    {
      "level": 2,
      "T": 10,
      "hs_mean": 0.9633309496664795,
      "hs_var": 0.00018507710512276115,
      "omega_mean": 14.804288455330331,
      "omega_var": 40.57279666650541,
      "omega_max": 26.590849635530542,
      "helmsman": "K_K2O",
      "helmsman_pct": 66.66666666666666,
      "bearing_spread": 76.45249830789649,
      "metric_trace": 8.789481457410326e+20,
      "spectral_comp": [
        0.02292337067003068,
        0.010227711255315427,
        0.02637475563588382,
        0.026097130973053953,
        0.08423691763505944,
        0.10424390468277347,
        0.03455617661241779,
        0.527227015249404,
        0.009150294340825304,
        0.15496272294523614
      ],
      "status": "PRODUCTIVE"
    },
    {
      "level": 3,
      "T": 10,
      "hs_mean": 0.9580253800000309,
      "hs_var": 0.006119433637646721,
      "omega_mean": 16.95084967905056,
      "omega_var": 50.229114636931435,
      "omega_max": 29.16004236246404,
      "helmsman": "K_K2O",
      "helmsman_pct": 66.66666666666666,
      "bearing_spread": 120.87803514038357,
      "metric_trace": 2.0592418064067917e+30,
      "spectral_comp": [
        0.008392457308442482,
        0.004802612089348599,
        0.008339335454540176,
        0.01687530285990551,
        0.05290689747370109,
        0.11372966152605259,
        0.08228220015239265,
        0.5576660629700447,
        0.016640153589585982,
        0.13836531657598622
      ],
      "status": "PRODUCTIVE",
      "cycle_period": 1,
      "cycle_residual": 0.005305569666448573,
      "converged_at_level": 3
    },
    {
      "level": 4,
      "T": 10,
      "hs_mean": 0.5774860093878222,
      "hs_var": 0.010733092918224572,
      "omega_mean": 18.382116893739024,
      "omega_var": 127.29354048816327,