{
  "metadata": {
    "program": "CNT Recursive Depth Sounder v1.0",
    "generated": "2026-05-05T06:59:59.631907Z",
    "input_D": 10,
    "input_T": 20,
    "carriers": [
      "SiO2",
      "TiO2",
      "Al2O3",
      "FeO",
      "CaO",
      "MgO",
      "MnO",
      "K2O",
      "Na2O",
      "P2O5"
    ]
  },
  "involution_proof": {
    "sample_t": 10,
    "x": [
      0.4833889245516611,
      0.02451269429754873,
      0.14710571738528944,
      0.11317421458868258,
      0.08620657359137934,
      0.08423311209157668,
      0.001648161599835184,
      0.018023181098197682,
      0.036128727996387125,
      0.00557869279944213
    ],
    "Mx": [
      0.0021750379257722266,
      0.04289162305194869,
      0.007147167781687125,
      0.00929000698276771,
      0.012196160919023596,
      0.012481899548660406,
      0.637916357172289,
      0.058335386970241966,
      0.02910119736026276,
      0.18846516228734647
    ],
    "MMx": [
      0.48338892455166116,
      0.02451269429754873,
      0.14710571738528946,
      0.1131742145886826,
      0.08620657359137934,
      0.08423311209157668,
      0.001648161599835184,
      0.018023181098197682,
      0.03612872799638713,
      0.005578692799442131
    ],
    "residual": 6.397932047316072e-17,
    "verified": true,
    "clr_negation_residual": 8.005932084973442e-16,
    "duality_distance": 10.012991343732642
  },
  "level_0": {
    "T": 20,
    "D": 10,
    "hs_mean": 0.3155389345301704,
    "hs_var": 0.0011018430502366461,
    "omega_mean": 18.578203993524703,
    "omega_var": 346.2119822329963,
    "helmsman": "K2O",
    "helmsman_pct": 52.63157894736842
  },
  "energy_tower": [
    {
      "level": 1,
      "T": 19,
      "hs_mean": 0.3187870949044416,
      "hs_var": 0.01705348457361884,
      "omega_mean": 71.1093496050569,
      "omega_var": 797.7415409498674,
      "omega_max": 118.47125354320286,
      "helmsman": "E_MnO",
      "helmsman_pct": 22.22222222222222,
      "bearing_spread": 98.9696737694843,
      "metric_trace": 83557059.94152425,
      "spectral_comp": [
        0.023010567926908785,
        0.10682141600913142,
        0.11445705269071402,
        0.03349104578225977,
        0.12433226659444632,
        0.05568407317423387,
        0.14766163266900043,
        0.0652972093784093,
        0.14177528722118582,
        0.18746944855371028
      ],
      "status": "PRODUCTIVE"
    },
    {
      "level": 2,
      "T": 18,
      "hs_mean": 0.3056490195086693,
      "hs_var": 0.016893390564007457,
      "omega_mean": 80.54395885023158,
      "omega_var": 567.2449647414418,
      "omega_max": 118.99600365775657,
      "helmsman": "E_K2O",
      "helmsman_pct": 23.52941176470588,
      "bearing_spread": 93.3633450632528,
      "metric_trace": 502392969463.786,
      "spectral_comp": [
        0.03643688183249983,
        0.056258489978817286,
        0.08888391971524576,
        0.03690614416192378,
        0.05478369191202615,
        0.03247469205744159,
        0.326476549526807,
        0.14298816509899095,
        0.14044347479888294,
        0.08434799091736463
      ],
      "status": "PRODUCTIVE"
    },
    {
      "level": 3,
      "T": 17,
      "hs_mean": 0.3119176924092379,
      "hs_var": 0.006625930941547271,
      "omega_mean": 75.56208212810841,
      "omega_var": 367.11052054942604,
      "omega_max": 102.79156594624365,
      "helmsman": "E_MnO",
      "helmsman_pct": 25.0,
      "bearing_spread": 97.17694919170113,
      "metric_trace": 2502966452.0897956,
      "spectral_comp": [
        0.09633098683499677,
        0.08263463621652273,
        0.06185722948691191,
        0.13698351051523694,
        0.04619631270373893,
        0.040124845578302856,
        0.11479471022514474,
        0.10275660850531786,
        0.016511711879184064,
        0.30180944805464327
      ],
      "status": "PRODUCTIVE"
    },
    {
      "level": 4,
      "T": 16,
      "hs_mean": 0.31422156857869443,
      "hs_var": 0.011515180391224181,
      "omega_mean": 93.27917713141822,
      "omega_var": 471.6297930063293,
      "omega_max": 127.21258479400733,
      "helmsman": "E_K2O",
      "helmsman_pct": 33.33333333333333,
      "bearing_spread": 95.08303623324683,
      "metric_trace": 357089438764.1033,
      "spectral_comp": [
        0.03643528605243912,
        0.1393792013529548,
        0.08440194707957162,
        0.04004443326185114,
        0.062274815240893934,
        0.12995338474288004,
        0.0879780354133811,
        0.25466494135474954,
        0.048340261467338705,
        0.11652769403393987
      ],
      "status": "LIMIT_CYCLE_P1",
      "cycle_period": 1,
      "cycle_residual": 0.0023038761694565424,
      "converged_at_level": 4
    }
  ],
  "curvature_tower": [
    {
      "level": 1,
      "T": 20,
      "hs_mean": 0.7776105192345846,
      "hs_var": 0.008161758998928985,
      "omega_mean": 18.578203993524706,
      "omega_var": 346.2119822329962,
      "omega_max": 70.84192046951502,
      "helmsman": "K_K2O",
      "helmsman_pct": 52.63157894736842,
      "bearing_spread": 119.48802307321311,
      "metric_trace": 24019499330.39077,
      "spectral_comp": [
        0.008696470214977593,
        0.00469772305407031,
        0.008893810150561305,
        0.01102402297733695,
        0.3615823674713476,
        0.038245652864635445,
        0.2964114458274425,
        0.20459908484865325,
        0.011801074501087154,
        0.05404834808988791
      ],
      "status": "PRODUCTIVE"
    },
    {
      "level": 2,
      "T": 20,
      "hs_mean": 0.9627237694117528,
      "hs_var": 0.00012226622712521512,
      "omega_mean": 18.57820399352474,
      "omega_var": 346.21198223299547,
      "omega_max": 70.841920469515,
      "helmsman": "K_K2O",
      "helmsman_pct": 52.63157894736842,
      "bearing_spread": 77.42604228035893,
      "metric_trace": 5.499109153358216e+20,
      "spectral_comp": [
        0.008696470214977561,
        0.004697723054070317,
        0.008893810150561298,
        0.01102402297733692,
        0.3615823674713474,
        0.03824565286463545,
        0.29641144582744267,
        0.20459908484865338,
        0.011801074501087142,
        0.05404834808988795
      ],
      "status": "PRODUCTIVE"
    },
    {
      "level": 3,
      "T": 20,
      "hs_mean": 0.9785942736360749,
      "hs_var": 0.003483049202571851,
      "omega_mean": 21.044785982996032,
      "omega_var": 463.9916246467447,
      "omega_max": 83.18752643461707,
      "helmsman": "K_K2O",
      "helmsman_pct": 52.63157894736842,
      "bearing_spread": 120.35065873338438,
      "metric_trace": 1.841256477547198e+30,
      "spectral_comp": [
        0.002961645270331068,
        0.0024794690773468084,
        0.0031203386750178076,
        0.007498624446660261,
        0.37371600298721785,
        0.03668137657825773,
        0.3203040499423102,
        0.19286972063317184,
        0.016357047849837672,
        0.044011724539848855
      ],
      "status": "PRODUCTIVE"
    },
    {
      "level": 4,
      "T": 20,
      "hs_mean": 0.6260737011981092,
      "hs_var": 0.009099605523453307,
      "omega_mean": 21.605081803614684,
      "omega_var": 266.2678522697515,
      "omega_max": 61.42573716874173,
      "helmsman": "K_Na2O",
      "helmsman_pct": 42.10526315789473,
      "bearing_spread": 79.21453938442427,
      "metric_trace": 2.4411705911602806e+30,
      "spectral_comp": [
        0.004135450678419304,
        0.016178801110708862,
        0.0038875802599253793,
        0.006864003720373213,
        0.35975288044592696,
        0.10198981341527816,
        0.3031843365925108,
        0.11234119309967536,
        0.0893790611469809,
        0.002286879530201154
      ],
      "status": "PRODUCTIVE"
    },
    {
      "level": 5,
      "T": 20,
      "hs_mean": 0.5684295918359435,
      "hs_var": 0.005424230636884622,
      "omega_mean": 29.42462690504401,
      "omega_var": 427.94414375249056,
      "omega_max": 80.80021064658514,