{
  "REGION": {
    "T": 95,
    "curvature_depth": 14,
    "energy_depth": 46,
    "curvature_cycle": {
      "detected": true,
      "period": 2,
      "residual": 0.0049740997390185365,
      "convergence_level": 14
    },
    "energy_cycle": {
      "detected": true,
      "period": 1,
      "residual": 0.0025980554718508797,
      "convergence_level": 46
    },
    "curvature_traj": [
      0.30670510932606515,
      0.786067192105219,
      0.9611961747709783,
      0.9822131329941732,
      0.6283737407995478,
      0.5547121111570343,
      0.29748590666676483,
      0.4110629406335481,
      0.26986297477001286,
      0.37821676725191417,
      0.2574602339201323,
      0.36860531140490155,
      0.25166426403634534,
      0.3667718318216416,
      0.2505947488522749
    ],
    "energy_traj_first6": [
      0.30670510932606515,
      0.31183319380799324,
      0.36438970244503144,
      0.3233236727288578,
      0.31737536176617104,
      0.30927304518041854
    ],
    "M2_residual": 5.929267648424437e-17,
    "helmsman_lineage": [
      "K_K2O",
      "K_K2O",
      "K_K2O",
      "K_MgO",
      "K_Na2O",
      "K_Na2O",
      "K_Na2O",
      "K_Na2O",
      "K_Na2O",
      "K_Na2O",
      "K_SiO2",
      "K_SiO2",
      "K_SiO2",
      "K_SiO2"
    ]
  },
  "AGE": {
    "T": 10,
    "curvature_depth": 13,
    "energy_depth": 6,
    "curvature_cycle": {
      "detected": true,
      "period": 2,
      "residual": 0.0,
      "convergence_level": 13
    },
    "energy_cycle": {
      "detected": false,
      "period": 0,
      "residual": 1.0,
      "convergence_level": 6
    },
    "curvature_traj": [
      0.32220559919565794,
      0.7371806644979685,
      0.9681451400929431,
      0.9863507452524027,
      0.6974564282237421,
      0.54409049642582,
      0.31071966456194894,
      0.35917536197960587,
      0.29276851598023834,
      0.3304995278023931,
      0.2851937464543855,
      0.32041199826551575,
      0.2851937464543855,
      0.32041199826551575
    ],
    "energy_traj_first6": [
      0.32220559919565794,
      0.3884177062792983,
      0.3688903871773034,
      0.3275961240013517,
      0.3087918173553917,
      0.259147969479941
    ],
    "M2_residual": 1.5612511283791264e-17,
    "helmsman_lineage": [
      "K_K2O",
      "K_K2O",
      "K_K2O",
      "K_CaO",
      "K_Na2O",
      "K_Na2O",
      "K_Na2O",
      "K_Na2O",
      "K_Na2O",
      "K_SiO2",
      "K_SiO2",
      "K_SiO2",
      "K_SiO2"
    ]
  },
  "TAS": {
    "T": 15,
    "curvature_depth": 4,
    "energy_depth": 4,
    "curvature_cycle": {
      "detected": true,
      "period": 1,
      "residual": 0.004757541734936144,
      "convergence_level": 3
    },
    "energy_cycle": {
      "detected": true,
      "period": 2,
      "residual": 0.003255188219344233,
      "convergence_level": 4
    },
    "curvature_traj": [
      0.3777718005667504,
      0.7467675068630804,
      0.9698860693958208,
      0.9746436111307569,
      0.6690099236159529
    ],
    "energy_traj_first6": [
      0.3777718005667504,
      0.30390627977083373,
      0.3260472349404248,
      0.3029593146340462,
      0.324985889822297
    ],
    "M2_residual": 1.170522661667272e-16,
    "helmsman_lineage": [
      "K_K2O",
      "K_K2O",
      "K_K2O",
      "K_K2O"
    ]
  }
}