{
  "metadata": {
    "program": "CNT Recursive Depth Sounder v1.0",
    "generated": "2026-05-05T06:58:14.161930Z",
    "input_D": 10,
    "input_T": 8,
    "carriers": [
      "SiO2",
      "TiO2",
      "Al2O3",
      "FeO",
      "CaO",
      "MgO",
      "MnO",
      "K2O",
      "Na2O",
      "P2O5"
    ]
  },
  "involution_proof": {
    "sample_t": 4,
    "x": [
      0.3713719156000001,
      0.01880974360000001,
      0.023972974900000006,
      0.049638435500000015,
      0.14760198280000006,
      0.3764315101000001,
      0.0017975906000000004,
      0.002454114400000001,
      0.0010941145000000004,
      0.0068276180000000014
    ],
    "Mx": [
      0.0012516286223587681,
      0.024711645676295378,
      0.01938932156080323,
      0.009364108969654467,
      0.0031491427844502146,
      0.0012348055532909138,
      0.2585793000392663,
      0.18940425886632042,
      0.42483644911493695,
      0.0680793388126232
    ],
    "MMx": [
      0.37137191560000005,
      0.018809743600000005,
      0.023972974900000003,
      0.04963843550000001,
      0.14760198280000003,
      0.37643151010000003,
      0.0017975906,
      0.002454114400000001,
      0.0010941145000000004,
      0.006827618000000001
    ],
    "residual": 8.370490169750651e-17,
    "verified": true,
    "clr_negation_residual": 8.005932084973442e-16,
    "duality_distance": 12.930033223129769
  },
  "level_0": {
    "T": 8,
    "D": 10,
    "hs_mean": 0.375513479911043,
    "hs_var": 0.001017115916841448,
    "omega_mean": 16.129319135810395,
    "omega_var": 28.47764632112223,
    "helmsman": "TiO2",
    "helmsman_pct": 42.857142857142854
  },
  "energy_tower": [
    {
      "level": 1,
      "T": 7,
      "hs_mean": 0.3521215571473027,
      "hs_var": 0.009747785145691619,
      "omega_mean": 59.02048289252235,
      "omega_var": 91.2533565103718,
      "omega_max": 78.06937488179001,
      "helmsman": "E_MnO",
      "helmsman_pct": 66.66666666666666,
      "bearing_spread": 97.65093225607833,
      "metric_trace": 123125496960.86086,
      "spectral_comp": [
        0.018487434673403066,
        0.2300067255334961,
        0.037733181474940695,
        0.158694695509613,
        0.1605345279628439,
        0.057581482473833816,
        0.16643866186871126,
        0.022504768359701218,
        0.12707011818474134,
        0.02094840395871573
      ],
      "status": "PRODUCTIVE"
    },
    {
      "level": 2,
      "T": 6,
      "hs_mean": 0.3216211645619676,
      "hs_var": 0.011098780251250641,
      "omega_mean": 72.69859690739729,
      "omega_var": 173.3335361611816,
      "omega_max": 94.22910649399704,
      "helmsman": "E_K2O",
      "helmsman_pct": 60.0,
      "bearing_spread": 92.0208578975858,
      "metric_trace": 1036536831995.3969,
      "spectral_comp": [
        0.04694406225383999,
        0.1417000762425111,
        0.04408451716511427,
        0.014458468818091982,
        0.03926743778807093,
        0.02870339196358087,
        0.06409850803114668,
        0.5627492883199257,
        0.03487981129040962,
        0.023114438127308692
      ],
      "status": "PRODUCTIVE"
    },
    {
      "level": 3,
      "T": 5,
      "hs_mean": 0.4124718291863214,
      "hs_var": 0.006950061455546818,
      "omega_mean": 87.12256167310099,
      "omega_var": 52.21672955949748,
      "omega_max": 94.8698083289267,
      "helmsman": "E_MnO",
      "helmsman_pct": 75.0,
      "bearing_spread": 97.3764049305707,
      "metric_trace": 1591274.6339776597,
      "spectral_comp": [
        0.07719621366766391,
        0.2705967502313687,
        0.030961066363403893,
        0.13628233225294265,
        0.09712436581864074,
        0.009310867629189642,
        0.16719187842479769,
        0.09474370421085328,
        0.06781433982810087,
        0.04877848157303881
      ],
      "status": "PRODUCTIVE"
    },
    {
      "level": 4,
      "T": 4,
      "status": "SIGNAL_EXHAUSTED"
    }
  ],
  "curvature_tower": [
    {
      "level": 1,
      "T": 8,
      "hs_mean": 0.6846068542959719,
      "hs_var": 0.025673422835620834,
      "omega_mean": 16.1293191358104,
      "omega_var": 28.47764632112233,
      "omega_max": 27.3715777228107,
      "helmsman": "K_TiO2",
      "helmsman_pct": 42.857142857142854,
      "bearing_spread": 108.76925083583075,
      "metric_trace": 457636944024.11676,
      "spectral_comp": [
        0.024637621777674392,
        0.1292712746062217,
        0.047802690174079336,
        0.14802819482281995,
        0.057167638425996176,
        0.021597120645074384,
        0.0037281190093713086,
        0.4262214655978365,
        0.10699238576966956,
        0.03455348917125663
      ],
      "status": "PRODUCTIVE"
    },
    {
      "level": 2,
      "T": 8,
      "hs_mean": 0.6762193609634217,
      "hs_var": 0.0006835245428471419,
      "omega_mean": 16.12931913581042,
      "omega_var": 28.47764632112221,
      "omega_max": 27.37157772281068,
      "helmsman": "K_TiO2",
      "helmsman_pct": 42.857142857142854,
      "bearing_spread": 75.49844631711886,
      "metric_trace": 1.0080780763613468e+24,
      "spectral_comp": [
        0.024637621777674458,
        0.12927127460622154,
        0.04780269017407942,
        0.1480281948228199,
        0.057167638425996155,
        0.021597120645074543,
        0.0037281190093713013,
        0.42622146559783647,
        0.10699238576966946,
        0.03455348917125673
      ],
      "status": "PRODUCTIVE"
    },
    {
      "level": 3,
      "T": 8,
      "hs_mean": 0.928252847052526,
      "hs_var": 0.006785018585604647,
      "omega_mean": 22.61760232080406,
      "omega_var": 64.93475545306664,
      "omega_max": 37.238240406060484,
      "helmsman": "K_K2O",
      "helmsman_pct": 71.42857142857143,
      "bearing_spread": 115.07231335285823,
      "metric_trace": 3.0524553028999616e+30,
      "spectral_comp": [
        0.051335874534237214,
        0.15944527133809658,
        0.04061828662065865,
        0.027253483598414122,
        0.039594963428945355,
        0.051335874534237214,
        0.017563069594587588,
        0.5287075283565759,
        0.059594615153651456,
        0.024551032840595937
      ],
      "status": "PRODUCTIVE"
    },
    {
      "level": 4,
      "T": 8,
      "hs_mean": 0.46908164228462124,
      "hs_var": 0.008928605962862567,
      "omega_mean": 26.58966696703166,
      "omega_var": 47.693210042639286,
      "omega_max": 36.20855198549735,
      "helmsman": "K_TiO2",
      "helmsman_pct": 57.14285714285714,
      "bearing_spread": 75.16826292702225,
      "metric_trace": 3.1512540673206703e+30,
      "spectral_comp": [
        0.038070369883537306,
        0.5039296710217319,
        0.16687514472633885,
        0.06637167721327958,
        0.0218662778800164,
        0.038070369883537306,
        0.03067753700974209,
        0.06583012150502544,
        0.03067753700974209,
        0.03763129386704901
      ],
      "status": "PRODUCTIVE"
    },
    {
      "level": 5,
      "T": 8,
      "hs_mean": 0.4751262037246923,
      "hs_var": 0.0190494979035369,
      "omega_mean": 36.0811757809431,
      "omega_var": 69.68443140286506,
      "omega_max": 44.93937737265047,
      "helmsman": "K_K2O",
      "helmsman_pct": 42.857142857142854,
      "bearing_spread": 113.21877528109295,
      "metric_trace": 4.387512225183036e+30,
      "spectral_comp": [
        0.02021403915430982,
        0.4531524070305935,
        0.2089730221536814,
        0.02021403915430982,
        0.02021403915430982,
        0.02021403915430982,
        0.02414645798977311,
        0.15508104535962727,
        0.02414645798977311,
        0.053644452859312415
      ],
      "status": "PRODUCTIVE"
    },
    {
      "level": 6,
      "T": 8,
      "hs_mean": 0.321305056235351,
      "hs_var": 0.007734425772338315,
      "omega_mean": 40.06315847248413,
      "omega_var": 75.15212400065685,
      "omega_max": 49.106605350869096,
      "helmsman": "K_TiO2",
      "helmsman_pct": 57.14285714285714,